year,area,scenario,mode,value,series
2012,Region12,obs,bus,0.291,obs
2013,Region12,obs,bus,0.319,obs
2014,Region12,obs,bus,0.318,obs
2015,Region12,obs,bus,0.319,obs
2016,Region12,obs,bus,0.157,obs
2017,Region12,obs,bus,0.132,obs
2018,Region12,obs,bus,0.128,obs
2019,Region12,obs,bus,0.112,obs
2020,Region12,obs,bus,0.09,obs
2021,Region12,obs,bus,0.09,obs
2022,Region12,obs,bus,0.093,obs
2023,Region12,obs,bus,0.107,obs
2012,Region12,s0,bus,0.291,sim
2013,Region12,s0,bus,0.2723618219450894,sim
2014,Region12,s0,bus,0.3020860722322274,sim
2015,Region12,s0,bus,0.3077962111469864,sim
2016,Region12,s0,bus,0.2195865492609572,sim
2017,Region12,s0,bus,0.1707437452134632,sim
2018,Region12,s0,bus,0.1443981402694644,sim
2019,Region12,s0,bus,0.1258888706901419,sim
2020,Region12,s0,bus,0.1074750792652735,sim
2021,Region12,s0,bus,0.101135565318128,sim
2022,Region12,s0,bus,0.1000330329421634,sim
2023,Region12,s0,bus,0.106828810458566,sim
2024,Region12,s0,bus,0.1043440330071253,sim
2025,Region12,s0,bus,0.1076530161878183,sim
2026,Region12,s0,bus,0.1091809260992104,sim
2027,Region12,s0,bus,0.1110236688858466,sim
2028,Region12,s0,bus,0.1119220817960469,sim
2029,Region12,s0,bus,0.112395020706115,sim
2030,Region12,s0,bus,0.1125771662053982,sim
2012,Region12,s1,bus,0.291,sim
2013,Region12,s1,bus,0.2723618219450894,sim
2014,Region12,s1,bus,0.3020860722322274,sim
2015,Region12,s1,bus,0.3077962111469864,sim
2016,Region12,s1,bus,0.2195865492609572,sim
2017,Region12,s1,bus,0.1707437452134632,sim
2018,Region12,s1,bus,0.1443981402694644,sim
2019,Region12,s1,bus,0.1258888706901419,sim
2020,Region12,s1,bus,0.1074750792652735,sim
2021,Region12,s1,bus,0.101135565318128,sim
2022,Region12,s1,bus,0.1000330329421634,sim
2023,Region12,s1,bus,0.106828810458566,sim
2024,Region12,s1,bus,0.1043440330071253,sim
2025,Region12,s1,bus,0.1076530161878183,sim
2026,Region12,s1,bus,0.1095572884877468,sim
2027,Region12,s1,bus,0.1115193658039892,sim
2028,Region12,s1,bus,0.1127125653635764,sim
2029,Region12,s1,bus,0.1132927017258421,sim
2030,Region12,s1,bus,0.113704587029354,sim
2012,Region12,s10,bus,0.291,sim
2013,Region12,s10,bus,0.2723618219450894,sim
2014,Region12,s10,bus,0.3020860722322274,sim
2015,Region12,s10,bus,0.3077962111469864,sim
2016,Region12,s10,bus,0.2195865492609572,sim
2017,Region12,s10,bus,0.1707437452134632,sim
2018,Region12,s10,bus,0.1443981402694644,sim
2019,Region12,s10,bus,0.1258888706901419,sim
2020,Region12,s10,bus,0.1074750792652735,sim
2021,Region12,s10,bus,0.101135565318128,sim
2022,Region12,s10,bus,0.1000330329421634,sim
2023,Region12,s10,bus,0.106828810458566,sim
2024,Region12,s10,bus,0.1120235858810737,sim
2025,Region12,s10,bus,0.1179031881367394,sim
2026,Region12,s10,bus,0.1212534457579236,sim
2027,Region12,s10,bus,0.1246993294636423,sim
2028,Region12,s10,bus,0.1264459176504843,sim
2029,Region12,s10,bus,0.1269694093722191,sim
2030,Region12,s10,bus,0.1272218966468628,sim
2012,Region12,s11,bus,0.291,sim
2013,Region12,s11,bus,0.2723618219450894,sim
2014,Region12,s11,bus,0.3020860722322274,sim
2015,Region12,s11,bus,0.3077962111469864,sim
2016,Region12,s11,bus,0.2195865492609572,sim
2017,Region12,s11,bus,0.1707437452134632,sim
2018,Region12,s11,bus,0.1443981402694644,sim
2019,Region12,s11,bus,0.1258888706901419,sim
2020,Region12,s11,bus,0.1074750792652735,sim
2021,Region12,s11,bus,0.101135565318128,sim
2022,Region12,s11,bus,0.1000330329421634,sim
2023,Region12,s11,bus,0.106828810458566,sim
2024,Region12,s11,bus,0.1094869298639997,sim
2025,Region12,s11,bus,0.1141220215920187,sim
2026,Region12,s11,bus,0.1184295801523352,sim
2027,Region12,s11,bus,0.1219771511430992,sim
2028,Region12,s11,bus,0.1254042803214688,sim
2029,Region12,s11,bus,0.1268361649595843,sim
2030,Region12,s11,bus,0.128205849460194,sim
2012,Region12,s2,bus,0.291,sim
2013,Region12,s2,bus,0.2723618219450894,sim
2014,Region12,s2,bus,0.3020860722322274,sim
2015,Region12,s2,bus,0.3077962111469864,sim
2016,Region12,s2,bus,0.2195865492609572,sim
2017,Region12,s2,bus,0.1707437452134632,sim
2018,Region12,s2,bus,0.1443981402694644,sim
2019,Region12,s2,bus,0.1258888706901419,sim
2020,Region12,s2,bus,0.1074750792652735,sim
2021,Region12,s2,bus,0.101135565318128,sim
2022,Region12,s2,bus,0.1000330329421634,sim
2023,Region12,s2,bus,0.106828810458566,sim
2024,Region12,s2,bus,0.1043440330071253,sim
2025,Region12,s2,bus,0.1076530161878183,sim
2026,Region12,s2,bus,0.110058289738537,sim
2027,Region12,s2,bus,0.1122090215887924,sim
2028,Region12,s2,bus,0.1137884063942311,sim
2029,Region12,s2,bus,0.1147797805079902,sim
2030,Region12,s2,bus,0.1164412676162052,sim
2012,Region12,s3,bus,0.291,sim
2013,Region12,s3,bus,0.2723618219450894,sim
2014,Region12,s3,bus,0.3020860722322274,sim
2015,Region12,s3,bus,0.3077962111469864,sim
2016,Region12,s3,bus,0.2195865492609572,sim
2017,Region12,s3,bus,0.1707437452134632,sim
2018,Region12,s3,bus,0.1443981402694644,sim
2019,Region12,s3,bus,0.1258888706901419,sim
2020,Region12,s3,bus,0.1074750792652735,sim
2021,Region12,s3,bus,0.101135565318128,sim
2022,Region12,s3,bus,0.1000330329421634,sim
2023,Region12,s3,bus,0.106828810458566,sim
2024,Region12,s3,bus,0.1043440330071253,sim
2025,Region12,s3,bus,0.1076530161878183,sim
2026,Region12,s3,bus,0.1096156811376156,sim
2027,Region12,s3,bus,0.1115922582582969,sim
2028,Region12,s3,bus,0.113036749245471,sim
2029,Region12,s3,bus,0.1136936544618031,sim
2030,Region12,s3,bus,0.1145044789127508,sim
2012,Region12,s4,bus,0.291,sim
2013,Region12,s4,bus,0.2723618219450894,sim
2014,Region12,s4,bus,0.3020860722322274,sim
2015,Region12,s4,bus,0.3077962111469864,sim
2016,Region12,s4,bus,0.2195865492609572,sim
2017,Region12,s4,bus,0.1707437452134632,sim
2018,Region12,s4,bus,0.1443981402694644,sim
2019,Region12,s4,bus,0.1258888706901419,sim
2020,Region12,s4,bus,0.1074750792652735,sim
2021,Region12,s4,bus,0.101135565318128,sim
2022,Region12,s4,bus,0.1000330329421634,sim
2023,Region12,s4,bus,0.106828810458566,sim
2024,Region12,s4,bus,0.109485840713981,sim
2025,Region12,s4,bus,0.114603243404375,sim
2026,Region12,s4,bus,0.1167284285605742,sim
2027,Region12,s4,bus,0.118876540099257,sim
2028,Region12,s4,bus,0.1193443477454483,sim
2029,Region12,s4,bus,0.1197113494826586,sim
2030,Region12,s4,bus,0.1198621416831307,sim
2012,Region12,s5,bus,0.291,sim
2013,Region12,s5,bus,0.2723618219450894,sim
2014,Region12,s5,bus,0.3020860722322274,sim
2015,Region12,s5,bus,0.3077962111469864,sim
2016,Region12,s5,bus,0.2195865492609572,sim
2017,Region12,s5,bus,0.1707437452134632,sim
2018,Region12,s5,bus,0.1443981402694644,sim
2019,Region12,s5,bus,0.1258888706901419,sim
2020,Region12,s5,bus,0.1074750792652735,sim
2021,Region12,s5,bus,0.101135565318128,sim
2022,Region12,s5,bus,0.1000330329421634,sim
2023,Region12,s5,bus,0.106828810458566,sim
2024,Region12,s5,bus,0.1068796444953228,sim
2025,Region12,s5,bus,0.1106322808767587,sim
2026,Region12,s5,bus,0.1130896411656266,sim
2027,Region12,s5,bus,0.1159485857105832,sim
2028,Region12,s5,bus,0.1178719978947385,sim
2029,Region12,s5,bus,0.1186271944300781,sim
2030,Region12,s5,bus,0.1188972200299131,sim
2012,Region12,s6,bus,0.291,sim
2013,Region12,s6,bus,0.2723618219450894,sim
2014,Region12,s6,bus,0.3020860722322274,sim
2015,Region12,s6,bus,0.3077962111469864,sim
2016,Region12,s6,bus,0.2195865492609572,sim
2017,Region12,s6,bus,0.1707437452134632,sim
2018,Region12,s6,bus,0.1443981402694644,sim
2019,Region12,s6,bus,0.1258888706901419,sim
2020,Region12,s6,bus,0.1074750792652735,sim
2021,Region12,s6,bus,0.101135565318128,sim
2022,Region12,s6,bus,0.1000330329421634,sim
2023,Region12,s6,bus,0.106828810458566,sim
2024,Region12,s6,bus,0.1090230658007332,sim
2025,Region12,s6,bus,0.1139413350966811,sim
2026,Region12,s6,bus,0.1162659139269344,sim
2027,Region12,s6,bus,0.1185294554602327,sim
2028,Region12,s6,bus,0.1197494986706275,sim
2029,Region12,s6,bus,0.1204477060451717,sim
2030,Region12,s6,bus,0.1208966923000006,sim
2012,Region12,s7,bus,0.291,sim
2013,Region12,s7,bus,0.2723618219450894,sim
2014,Region12,s7,bus,0.3020860722322274,sim
2015,Region12,s7,bus,0.3077962111469864,sim
2016,Region12,s7,bus,0.2195865492609572,sim
2017,Region12,s7,bus,0.1707437452134632,sim
2018,Region12,s7,bus,0.1443981402694644,sim
2019,Region12,s7,bus,0.1258888706901419,sim
2020,Region12,s7,bus,0.1074750792652735,sim
2021,Region12,s7,bus,0.101135565318128,sim
2022,Region12,s7,bus,0.1000330329421634,sim
2023,Region12,s7,bus,0.106828810458566,sim
2024,Region12,s7,bus,0.1043440330071253,sim
2025,Region12,s7,bus,0.1076530161878183,sim
2026,Region12,s7,bus,0.1091809260992104,sim
2027,Region12,s7,bus,0.1110236688858466,sim
2028,Region12,s7,bus,0.1119220817960469,sim
2029,Region12,s7,bus,0.112395020706115,sim
2030,Region12,s7,bus,0.1125771662053982,sim
2012,Region12,s8,bus,0.291,sim
2013,Region12,s8,bus,0.2723618219450894,sim
2014,Region12,s8,bus,0.3020860722322274,sim
2015,Region12,s8,bus,0.3077962111469864,sim
2016,Region12,s8,bus,0.2195865492609572,sim
2017,Region12,s8,bus,0.1707437452134632,sim
2018,Region12,s8,bus,0.1443981402694644,sim
2019,Region12,s8,bus,0.1258888706901419,sim
2020,Region12,s8,bus,0.1074750792652735,sim
2021,Region12,s8,bus,0.101135565318128,sim
2022,Region12,s8,bus,0.1000330329421634,sim
2023,Region12,s8,bus,0.106828810458566,sim
2024,Region12,s8,bus,0.1144679548354805,sim
2025,Region12,s8,bus,0.1215189621762233,sim
2026,Region12,s8,bus,0.1249696419346612,sim
2027,Region12,s8,bus,0.1276768222846649,sim
2028,Region12,s8,bus,0.1288983099537729,sim
2029,Region12,s8,bus,0.1295816872523885,sim
2030,Region12,s8,bus,0.1302925569615406,sim
2012,Region12,s9,bus,0.291,sim
2013,Region12,s9,bus,0.2723618219450894,sim
2014,Region12,s9,bus,0.3020860722322274,sim
2015,Region12,s9,bus,0.3077962111469864,sim
2016,Region12,s9,bus,0.2195865492609572,sim
2017,Region12,s9,bus,0.1707437452134632,sim
2018,Region12,s9,bus,0.1443981402694644,sim
2019,Region12,s9,bus,0.1258888706901419,sim
2020,Region12,s9,bus,0.1074750792652735,sim
2021,Region12,s9,bus,0.101135565318128,sim
2022,Region12,s9,bus,0.1000330329421634,sim
2023,Region12,s9,bus,0.106828810458566,sim
2024,Region12,s9,bus,0.1094725171370887,sim
2025,Region12,s9,bus,0.1143329625757432,sim
2026,Region12,s9,bus,0.1176891757288206,sim
2027,Region12,s9,bus,0.1206473510222548,sim
2028,Region12,s9,bus,0.1229098821241415,sim
2029,Region12,s9,bus,0.1240963643982022,sim
2030,Region12,s9,bus,0.1260706330601924,sim
2012,Region12,obs,car,0.174,obs
2013,Region12,obs,car,0.168,obs
2014,Region12,obs,car,0.167,obs
2015,Region12,obs,car,0.16,obs
2016,Region12,obs,car,0.213,obs
2017,Region12,obs,car,0.219,obs
2018,Region12,obs,car,0.233,obs
2019,Region12,obs,car,0.239,obs
2020,Region12,obs,car,0.282,obs
2021,Region12,obs,car,0.266,obs
2022,Region12,obs,car,0.244,obs
2023,Region12,obs,car,0.2,obs
2012,Region12,s0,car,0.174,sim
2013,Region12,s0,car,0.1696457809629256,sim
2014,Region12,s0,car,0.1619355251542501,sim
2015,Region12,s0,car,0.1571107415094187,sim
2016,Region12,s0,car,0.1873266652366208,sim
2017,Region12,s0,car,0.2033560139092065,sim
2018,Region12,s0,car,0.21308177373457,sim
2019,Region12,s0,car,0.2253588169896825,sim
2020,Region12,s0,car,0.2501839947817428,sim
2021,Region12,s0,car,0.2517150518192176,sim
2022,Region12,s0,car,0.2378492560450463,sim
2023,Region12,s0,car,0.2126119857630489,sim
2024,Region12,s0,car,0.2198585795004265,sim
2025,Region12,s0,car,0.2143111837534519,sim
2026,Region12,s0,car,0.2109647446747155,sim
2027,Region12,s0,car,0.2103329456253022,sim
2028,Region12,s0,car,0.2107092778203136,sim
2029,Region12,s0,car,0.2110516976266978,sim
2030,Region12,s0,car,0.2108869508831757,sim
2012,Region12,s1,car,0.174,sim
2013,Region12,s1,car,0.1696457809629256,sim
2014,Region12,s1,car,0.1619355251542501,sim
2015,Region12,s1,car,0.1571107415094187,sim
2016,Region12,s1,car,0.1873266652366208,sim
2017,Region12,s1,car,0.2033560139092065,sim
2018,Region12,s1,car,0.21308177373457,sim
2019,Region12,s1,car,0.2253588169896825,sim
2020,Region12,s1,car,0.2501839947817428,sim
2021,Region12,s1,car,0.2517150518192176,sim
2022,Region12,s1,car,0.2378492560450463,sim
2023,Region12,s1,car,0.2126119857630489,sim
2024,Region12,s1,car,0.2198585795004265,sim
2025,Region12,s1,car,0.2143111837534519,sim
2026,Region12,s1,car,0.2097996057839973,sim
2027,Region12,s1,car,0.20882734871581,sim
2028,Region12,s1,car,0.2083505112506139,sim
2029,Region12,s1,car,0.2084405871244322,sim
2030,Region12,s1,car,0.2076248763224611,sim
2012,Region12,s10,car,0.174,sim
2013,Region12,s10,car,0.1696457809629256,sim
2014,Region12,s10,car,0.1619355251542501,sim
2015,Region12,s10,car,0.1571107415094187,sim
2016,Region12,s10,car,0.1873266652366208,sim
2017,Region12,s10,car,0.2033560139092065,sim
2018,Region12,s10,car,0.21308177373457,sim
2019,Region12,s10,car,0.2253588169896825,sim
2020,Region12,s10,car,0.2501839947817428,sim
2021,Region12,s10,car,0.2517150518192176,sim
2022,Region12,s10,car,0.2378492560450463,sim
2023,Region12,s10,car,0.2126119857630489,sim
2024,Region12,s10,car,0.2084858324523686,sim
2025,Region12,s10,car,0.203230453315175,sim
2026,Region12,s10,car,0.1997289440438287,sim
2027,Region12,s10,car,0.1987958991565825,sim
2028,Region12,s10,car,0.1987940283289548,sim
2029,Region12,s10,car,0.1985530913044863,sim
2030,Region12,s10,car,0.1975703005607799,sim
2012,Region12,s11,car,0.174,sim
2013,Region12,s11,car,0.1696457809629256,sim
2014,Region12,s11,car,0.1619355251542501,sim
2015,Region12,s11,car,0.1571107415094187,sim
2016,Region12,s11,car,0.1873266652366208,sim
2017,Region12,s11,car,0.2033560139092065,sim
2018,Region12,s11,car,0.21308177373457,sim
2019,Region12,s11,car,0.2253588169896825,sim
2020,Region12,s11,car,0.2501839947817428,sim
2021,Region12,s11,car,0.2517150518192176,sim
2022,Region12,s11,car,0.2378492560450463,sim
2023,Region12,s11,car,0.2126119857630489,sim
2024,Region12,s11,car,0.2136297441076421,sim
2025,Region12,s11,car,0.2090558996642127,sim
2026,Region12,s11,car,0.2014964287129022,sim
2027,Region12,s11,car,0.199351450985057,sim
2028,Region12,s11,car,0.1951683389156803,sim
2029,Region12,s11,car,0.1932501558534178,sim
2030,Region12,s11,car,0.1896421745102328,sim
2012,Region12,s2,car,0.174,sim
2013,Region12,s2,car,0.1696457809629256,sim
2014,Region12,s2,car,0.1619355251542501,sim
2015,Region12,s2,car,0.1571107415094187,sim
2016,Region12,s2,car,0.1873266652366208,sim
2017,Region12,s2,car,0.2033560139092065,sim
2018,Region12,s2,car,0.21308177373457,sim
2019,Region12,s2,car,0.2253588169896825,sim
2020,Region12,s2,car,0.2501839947817428,sim
2021,Region12,s2,car,0.2517150518192176,sim
2022,Region12,s2,car,0.2378492560450463,sim
2023,Region12,s2,car,0.2126119857630489,sim
2024,Region12,s2,car,0.2198585795004265,sim
2025,Region12,s2,car,0.2143111837534519,sim
2026,Region12,s2,car,0.2073082049447518,sim
2027,Region12,s2,car,0.2056314322962279,sim
2028,Region12,s2,car,0.2033012903661287,sim
2029,Region12,s2,car,0.2016292788503484,sim
2030,Region12,s2,car,0.1994682789165245,sim
2012,Region12,s3,car,0.174,sim
2013,Region12,s3,car,0.1696457809629256,sim
2014,Region12,s3,car,0.1619355251542501,sim
2015,Region12,s3,car,0.1571107415094187,sim
2016,Region12,s3,car,0.1873266652366208,sim
2017,Region12,s3,car,0.2033560139092065,sim
2018,Region12,s3,car,0.21308177373457,sim
2019,Region12,s3,car,0.2253588169896825,sim
2020,Region12,s3,car,0.2501839947817428,sim
2021,Region12,s3,car,0.2517150518192176,sim
2022,Region12,s3,car,0.2378492560450463,sim
2023,Region12,s3,car,0.2126119857630489,sim
2024,Region12,s3,car,0.2198585795004265,sim
2025,Region12,s3,car,0.2143111837534519,sim
2026,Region12,s3,car,0.2083151393667079,sim
2027,Region12,s3,car,0.2069246273261623,sim
2028,Region12,s3,car,0.2040951045659777,sim
2029,Region12,s3,car,0.2034774887609332,sim
2030,Region12,s3,car,0.1996759466131657,sim
2012,Region12,s4,car,0.174,sim
2013,Region12,s4,car,0.1696457809629256,sim
2014,Region12,s4,car,0.1619355251542501,sim
2015,Region12,s4,car,0.1571107415094187,sim
2016,Region12,s4,car,0.1873266652366208,sim
2017,Region12,s4,car,0.2033560139092065,sim
2018,Region12,s4,car,0.21308177373457,sim
2019,Region12,s4,car,0.2253588169896825,sim
2020,Region12,s4,car,0.2501839947817428,sim
2021,Region12,s4,car,0.2517150518192176,sim
2022,Region12,s4,car,0.2378492560450463,sim
2023,Region12,s4,car,0.2126119857630489,sim
2024,Region12,s4,car,0.2142238359737201,sim
2025,Region12,s4,car,0.2073101470216055,sim
2026,Region12,s4,car,0.2036591256546763,sim
2027,Region12,s4,car,0.202955802551243,sim
2028,Region12,s4,car,0.2040397180340676,sim
2029,Region12,s4,car,0.2045920851807171,sim
2030,Region12,s4,car,0.2044912559353205,sim
2012,Region12,s5,car,0.174,sim
2013,Region12,s5,car,0.1696457809629256,sim
2014,Region12,s5,car,0.1619355251542501,sim
2015,Region12,s5,car,0.1571107415094187,sim
2016,Region12,s5,car,0.1873266652366208,sim
2017,Region12,s5,car,0.2033560139092065,sim
2018,Region12,s5,car,0.21308177373457,sim
2019,Region12,s5,car,0.2253588169896825,sim
2020,Region12,s5,car,0.2501839947817428,sim
2021,Region12,s5,car,0.2517150518192176,sim
2022,Region12,s5,car,0.2378492560450463,sim
2023,Region12,s5,car,0.2126119857630489,sim
2024,Region12,s5,car,0.2142606287215374,sim
2025,Region12,s5,car,0.2098825781480298,sim
2026,Region12,s5,car,0.2071022954281391,sim
2027,Region12,s5,car,0.206371143146444,sim
2028,Region12,s5,car,0.2063380024813951,sim
2029,Region12,s5,car,0.2064083445030399,sim
2030,Region12,s5,car,0.2062187348183976,sim
2012,Region12,s6,car,0.174,sim
2013,Region12,s6,car,0.1696457809629256,sim
2014,Region12,s6,car,0.1619355251542501,sim
2015,Region12,s6,car,0.1571107415094187,sim
2016,Region12,s6,car,0.1873266652366208,sim
2017,Region12,s6,car,0.2033560139092065,sim
2018,Region12,s6,car,0.21308177373457,sim
2019,Region12,s6,car,0.2253588169896825,sim
2020,Region12,s6,car,0.2501839947817428,sim
2021,Region12,s6,car,0.2517150518192176,sim
2022,Region12,s6,car,0.2378492560450463,sim
2023,Region12,s6,car,0.2126119857630489,sim
2024,Region12,s6,car,0.2186884383135524,sim
2025,Region12,s6,car,0.2127922490817544,sim
2026,Region12,s6,car,0.2092794951844361,sim
2027,Region12,s6,car,0.2085207860237277,sim
2028,Region12,s6,car,0.2088494624663551,sim
2029,Region12,s6,car,0.2091599008100005,sim
2030,Region12,s6,car,0.2089222500390256,sim
2012,Region12,s7,car,0.174,sim
2013,Region12,s7,car,0.1696457809629256,sim
2014,Region12,s7,car,0.1619355251542501,sim
2015,Region12,s7,car,0.1571107415094187,sim
2016,Region12,s7,car,0.1873266652366208,sim
2017,Region12,s7,car,0.2033560139092065,sim
2018,Region12,s7,car,0.21308177373457,sim
2019,Region12,s7,car,0.2253588169896825,sim
2020,Region12,s7,car,0.2501839947817428,sim
2021,Region12,s7,car,0.2517150518192176,sim
2022,Region12,s7,car,0.2378492560450463,sim
2023,Region12,s7,car,0.2126119857630489,sim
2024,Region12,s7,car,0.2198585795004265,sim
2025,Region12,s7,car,0.2143111837534519,sim
2026,Region12,s7,car,0.2109647446747155,sim
2027,Region12,s7,car,0.2103329456253022,sim
2028,Region12,s7,car,0.2107092778203136,sim
2029,Region12,s7,car,0.2110516976266978,sim
2030,Region12,s7,car,0.2108869508831757,sim
2012,Region12,s8,car,0.174,sim
2013,Region12,s8,car,0.1696457809629256,sim
2014,Region12,s8,car,0.1619355251542501,sim
2015,Region12,s8,car,0.1571107415094187,sim
2016,Region12,s8,car,0.1873266652366208,sim
2017,Region12,s8,car,0.2033560139092065,sim
2018,Region12,s8,car,0.21308177373457,sim
2019,Region12,s8,car,0.2253588169896825,sim
2020,Region12,s8,car,0.2501839947817428,sim
2021,Region12,s8,car,0.2517150518192176,sim
2022,Region12,s8,car,0.2378492560450463,sim
2023,Region12,s8,car,0.2126119857630489,sim
2024,Region12,s8,car,0.2130134587404052,sim
2025,Region12,s8,car,0.2060697152640975,sim
2026,Region12,s8,car,0.199944669818403,sim
2027,Region12,s8,car,0.1984133462185557,sim
2028,Region12,s8,car,0.1974031632215826,sim
2029,Region12,s8,car,0.1973107462809455,sim
2030,Region12,s8,car,0.1953743951537558,sim
2012,Region12,s9,car,0.174,sim
2013,Region12,s9,car,0.1696457809629256,sim
2014,Region12,s9,car,0.1619355251542501,sim
2015,Region12,s9,car,0.1571107415094187,sim
2016,Region12,s9,car,0.1873266652366208,sim
2017,Region12,s9,car,0.2033560139092065,sim
2018,Region12,s9,car,0.21308177373457,sim
2019,Region12,s9,car,0.2253588169896825,sim
2020,Region12,s9,car,0.2501839947817428,sim
2021,Region12,s9,car,0.2517150518192176,sim
2022,Region12,s9,car,0.2378492560450463,sim
2023,Region12,s9,car,0.2126119857630489,sim
2024,Region12,s9,car,0.2114253589944129,sim
2025,Region12,s9,car,0.2066925591649532,sim
2026,Region12,s9,car,0.1993433055165932,sim
2027,Region12,s9,car,0.1974002491359636,sim
2028,Region12,s9,car,0.1942816492919214,sim
2029,Region12,s9,car,0.1922665523454776,sim
2030,Region12,s9,car,0.1891827257849623,sim
2012,Region12,obs,metro,0.152,obs
2013,Region12,obs,metro,0.165,obs
2014,Region12,obs,metro,0.165,obs
2015,Region12,obs,metro,0.175,obs
2016,Region12,obs,metro,0.173,obs
2017,Region12,obs,metro,0.171,obs
2018,Region12,obs,metro,0.175,obs
2019,Region12,obs,metro,0.17,obs
2020,Region12,obs,metro,0.157,obs
2021,Region12,obs,metro,0.18,obs
2022,Region12,obs,metro,0.238,obs
2023,Region12,obs,metro,0.27,obs
2012,Region12,s0,metro,0.152,sim
2013,Region12,s0,metro,0.1899628008742728,sim
2014,Region12,s0,metro,0.1831417820460008,sim
2015,Region12,s0,metro,0.1841563637228131,sim
2016,Region12,s0,metro,0.187204823558408,sim
2017,Region12,s0,metro,0.1880477977327962,sim
2018,Region12,s0,metro,0.1868500749774932,sim
2019,Region12,s0,metro,0.1848429075754832,sim
2020,Region12,s0,metro,0.1791312555471169,sim
2021,Region12,s0,metro,0.1900456126591307,sim
2022,Region12,s0,metro,0.2230855422785014,sim
2023,Region12,s0,metro,0.2517063498665917,sim
2024,Region12,s0,metro,0.2492902273009156,sim
2025,Region12,s0,metro,0.242874015469255,sim
2026,Region12,s0,metro,0.2393875402781015,sim
2027,Region12,s0,metro,0.2350062775348306,sim
2028,Region12,s0,metro,0.2318046638831832,sim
2029,Region12,s0,metro,0.2306655785998527,sim
2030,Region12,s0,metro,0.2307190974564868,sim
2012,Region12,s1,metro,0.152,sim
2013,Region12,s1,metro,0.1899628008742728,sim
2014,Region12,s1,metro,0.1831417820460008,sim
2015,Region12,s1,metro,0.1841563637228131,sim
2016,Region12,s1,metro,0.187204823558408,sim
2017,Region12,s1,metro,0.1880477977327962,sim
2018,Region12,s1,metro,0.1868500749774932,sim
2019,Region12,s1,metro,0.1848429075754832,sim
2020,Region12,s1,metro,0.1791312555471169,sim
2021,Region12,s1,metro,0.1900456126591307,sim
2022,Region12,s1,metro,0.2230855422785014,sim
2023,Region12,s1,metro,0.2517063498665917,sim
2024,Region12,s1,metro,0.2492902273009156,sim
2025,Region12,s1,metro,0.242874015469255,sim
2026,Region12,s1,metro,0.2403571613564133,sim
2027,Region12,s1,metro,0.2362443260242379,sim
2028,Region12,s1,metro,0.2337387535114152,sim
2029,Region12,s1,metro,0.2327962288799746,sim
2030,Region12,s1,metro,0.2333824965840469,sim
2012,Region12,s10,metro,0.152,sim
2013,Region12,s10,metro,0.1899628008742728,sim
2014,Region12,s10,metro,0.1831417820460008,sim
2015,Region12,s10,metro,0.1841563637228131,sim
2016,Region12,s10,metro,0.187204823558408,sim
2017,Region12,s10,metro,0.1880477977327962,sim
2018,Region12,s10,metro,0.1868500749774932,sim
2019,Region12,s10,metro,0.1848429075754832,sim
2020,Region12,s10,metro,0.1791312555471169,sim
2021,Region12,s10,metro,0.1900456126591307,sim
2022,Region12,s10,metro,0.2230855422785014,sim
2023,Region12,s10,metro,0.2517063498665917,sim
2024,Region12,s10,metro,0.2743834465649618,sim
2025,Region12,s10,metro,0.2724015598543995,sim
2026,Region12,s10,metro,0.2704327454326001,sim
2027,Region12,s10,metro,0.2667724202094302,sim
2028,Region12,s10,metro,0.2629638333886015,sim
2029,Region12,s10,metro,0.2612113928912455,sim
2030,Region12,s10,metro,0.2612271267403032,sim
2012,Region12,s11,metro,0.152,sim
2013,Region12,s11,metro,0.1899628008742728,sim
2014,Region12,s11,metro,0.1831417820460008,sim
2015,Region12,s11,metro,0.1841563637228131,sim
2016,Region12,s11,metro,0.187204823558408,sim
2017,Region12,s11,metro,0.1880477977327962,sim
2018,Region12,s11,metro,0.1868500749774932,sim
2019,Region12,s11,metro,0.1848429075754832,sim
2020,Region12,s11,metro,0.1791312555471169,sim
2021,Region12,s11,metro,0.1900456126591307,sim
2022,Region12,s11,metro,0.2230855422785014,sim
2023,Region12,s11,metro,0.2517063498665917,sim
2024,Region12,s11,metro,0.2620969253967977,sim
2025,Region12,s11,metro,0.2562510515396518,sim
2026,Region12,s11,metro,0.255285634742072,sim
2027,Region12,s11,metro,0.2520055908906378,sim
2028,Region12,s11,metro,0.2515060545136518,sim
2029,Region12,s11,metro,0.2515594555053469,sim
2030,Region12,s11,metro,0.2532048236097962,sim
2012,Region12,s2,metro,0.152,sim
2013,Region12,s2,metro,0.1899628008742728,sim
2014,Region12,s2,metro,0.1831417820460008,sim
2015,Region12,s2,metro,0.1841563637228131,sim
2016,Region12,s2,metro,0.187204823558408,sim
2017,Region12,s2,metro,0.1880477977327962,sim
2018,Region12,s2,metro,0.1868500749774932,sim
2019,Region12,s2,metro,0.1848429075754832,sim
2020,Region12,s2,metro,0.1791312555471169,sim
2021,Region12,s2,metro,0.1900456126591307,sim
2022,Region12,s2,metro,0.2230855422785014,sim
2023,Region12,s2,metro,0.2517063498665917,sim
2024,Region12,s2,metro,0.2492902273009156,sim
2025,Region12,s2,metro,0.242874015469255,sim
2026,Region12,s2,metro,0.241342825721934,sim
2027,Region12,s2,metro,0.2374807341537131,sim
2028,Region12,s2,metro,0.2357126897008181,sim
2029,Region12,s2,metro,0.2356166120775178,sim
2030,Region12,s2,metro,0.2363214853907281,sim
2012,Region12,s3,metro,0.152,sim
2013,Region12,s3,metro,0.1899628008742728,sim
2014,Region12,s3,metro,0.1831417820460008,sim
2015,Region12,s3,metro,0.1841563637228131,sim
2016,Region12,s3,metro,0.187204823558408,sim
2017,Region12,s3,metro,0.1880477977327962,sim
2018,Region12,s3,metro,0.1868500749774932,sim
2019,Region12,s3,metro,0.1848429075754832,sim
2020,Region12,s3,metro,0.1791312555471169,sim
2021,Region12,s3,metro,0.1900456126591307,sim
2022,Region12,s3,metro,0.2230855422785014,sim
2023,Region12,s3,metro,0.2517063498665917,sim
2024,Region12,s3,metro,0.2492902273009156,sim
2025,Region12,s3,metro,0.242874015469255,sim
2026,Region12,s3,metro,0.2403564318073641,sim
2027,Region12,s3,metro,0.2362354409267048,sim
2028,Region12,s3,metro,0.2341623027533085,sim
2029,Region12,s3,metro,0.2333505954809143,sim
2030,Region12,s3,metro,0.2347025861483063,sim
2012,Region12,s4,metro,0.152,sim
2013,Region12,s4,metro,0.1899628008742728,sim
2014,Region12,s4,metro,0.1831417820460008,sim
2015,Region12,s4,metro,0.1841563637228131,sim
2016,Region12,s4,metro,0.187204823558408,sim
2017,Region12,s4,metro,0.1880477977327962,sim
2018,Region12,s4,metro,0.1868500749774932,sim
2019,Region12,s4,metro,0.1848429075754832,sim
2020,Region12,s4,metro,0.1791312555471169,sim
2021,Region12,s4,metro,0.1900456126591307,sim
2022,Region12,s4,metro,0.2230855422785014,sim
2023,Region12,s4,metro,0.2517063498665917,sim
2024,Region12,s4,metro,0.2603860238313163,sim
2025,Region12,s4,metro,0.2568555877788563,sim
2026,Region12,s4,metro,0.2541182127816233,sim
2027,Region12,s4,metro,0.2497848106548498,sim
2028,Region12,s4,metro,0.2449652928146673,sim
2029,Region12,s4,metro,0.2433531122671792,sim
2030,Region12,s4,metro,0.2432826811205799,sim
2012,Region12,s5,metro,0.152,sim
2013,Region12,s5,metro,0.1899628008742728,sim
2014,Region12,s5,metro,0.1831417820460008,sim
2015,Region12,s5,metro,0.1841563637228131,sim
2016,Region12,s5,metro,0.187204823558408,sim
2017,Region12,s5,metro,0.1880477977327962,sim
2018,Region12,s5,metro,0.1868500749774932,sim
2019,Region12,s5,metro,0.1848429075754832,sim
2020,Region12,s5,metro,0.1791312555471169,sim
2021,Region12,s5,metro,0.1900456126591307,sim
2022,Region12,s5,metro,0.2230855422785014,sim
2023,Region12,s5,metro,0.2517063498665917,sim
2024,Region12,s5,metro,0.2628861946248548,sim
2025,Region12,s5,metro,0.2572726860070743,sim
2026,Region12,s5,metro,0.2539758454205588,sim
2027,Region12,s5,metro,0.250077876691203,sim
2028,Region12,s5,metro,0.2476558070619114,sim
2029,Region12,s5,metro,0.2467403466102734,sim
2030,Region12,s5,metro,0.2468070462912936,sim
2012,Region12,s6,metro,0.152,sim
2013,Region12,s6,metro,0.1899628008742728,sim
2014,Region12,s6,metro,0.1831417820460008,sim
2015,Region12,s6,metro,0.1841563637228131,sim
2016,Region12,s6,metro,0.187204823558408,sim
2017,Region12,s6,metro,0.1880477977327962,sim
2018,Region12,s6,metro,0.1868500749774932,sim
2019,Region12,s6,metro,0.1848429075754832,sim
2020,Region12,s6,metro,0.1791312555471169,sim
2021,Region12,s6,metro,0.1900456126591307,sim
2022,Region12,s6,metro,0.2230855422785014,sim
2023,Region12,s6,metro,0.2517063498665917,sim
2024,Region12,s6,metro,0.2479831828514302,sim
2025,Region12,s6,metro,0.2411543337638101,sim
2026,Region12,s6,metro,0.2374710752306319,sim
2027,Region12,s6,metro,0.2329773575487348,sim
2028,Region12,s6,metro,0.2297241812314667,sim
2029,Region12,s6,metro,0.2285485013111272,sim
2030,Region12,s6,metro,0.2285442532680683,sim
2012,Region12,s7,metro,0.152,sim
2013,Region12,s7,metro,0.1899628008742728,sim
2014,Region12,s7,metro,0.1831417820460008,sim
2015,Region12,s7,metro,0.1841563637228131,sim
2016,Region12,s7,metro,0.187204823558408,sim
2017,Region12,s7,metro,0.1880477977327962,sim
2018,Region12,s7,metro,0.1868500749774932,sim
2019,Region12,s7,metro,0.1848429075754832,sim
2020,Region12,s7,metro,0.1791312555471169,sim
2021,Region12,s7,metro,0.1900456126591307,sim
2022,Region12,s7,metro,0.2230855422785014,sim
2023,Region12,s7,metro,0.2517063498665917,sim
2024,Region12,s7,metro,0.2492902273009156,sim
2025,Region12,s7,metro,0.242874015469255,sim
2026,Region12,s7,metro,0.2393875402781015,sim
2027,Region12,s7,metro,0.2350062775348306,sim
2028,Region12,s7,metro,0.2318046638831832,sim
2029,Region12,s7,metro,0.2306655785998527,sim
2030,Region12,s7,metro,0.2307190974564868,sim
2012,Region12,s8,metro,0.152,sim
2013,Region12,s8,metro,0.1899628008742728,sim
2014,Region12,s8,metro,0.1831417820460008,sim
2015,Region12,s8,metro,0.1841563637228131,sim
2016,Region12,s8,metro,0.187204823558408,sim
2017,Region12,s8,metro,0.1880477977327962,sim
2018,Region12,s8,metro,0.1868500749774932,sim
2019,Region12,s8,metro,0.1848429075754832,sim
2020,Region12,s8,metro,0.1791312555471169,sim
2021,Region12,s8,metro,0.1900456126591307,sim
2022,Region12,s8,metro,0.2230855422785014,sim
2023,Region12,s8,metro,0.2517063498665917,sim
2024,Region12,s8,metro,0.2588918460105912,sim
2025,Region12,s8,metro,0.2553051335672462,sim
2026,Region12,s8,metro,0.2534886190239998,sim
2027,Region12,s8,metro,0.2493097393419348,sim
2028,Region12,s8,metro,0.2455258256209885,sim
2029,Region12,s8,metro,0.2441883666137541,sim
2030,Region12,s8,metro,0.2450576991059904,sim
2012,Region12,s9,metro,0.152,sim
2013,Region12,s9,metro,0.1899628008742728,sim
2014,Region12,s9,metro,0.1831417820460008,sim
2015,Region12,s9,metro,0.1841563637228131,sim
2016,Region12,s9,metro,0.187204823558408,sim
2017,Region12,s9,metro,0.1880477977327962,sim
2018,Region12,s9,metro,0.1868500749774932,sim
2019,Region12,s9,metro,0.1848429075754832,sim
2020,Region12,s9,metro,0.1791312555471169,sim
2021,Region12,s9,metro,0.1900456126591307,sim
2022,Region12,s9,metro,0.2230855422785014,sim
2023,Region12,s9,metro,0.2517063498665917,sim
2024,Region12,s9,metro,0.2684637005489846,sim
2025,Region12,s9,metro,0.2647116726827191,sim
2026,Region12,s9,metro,0.2636776140486386,sim
2027,Region12,s9,metro,0.2599541990504241,sim
2028,Region12,s9,metro,0.2579792960770308,sim
2029,Region12,s9,metro,0.25782908346257,sim
2030,Region12,s9,metro,0.2587928786534342,sim
2012,Region12,obs,motorcycle,0.172,obs
2013,Region12,obs,motorcycle,0.158,obs
2014,Region12,obs,motorcycle,0.163,obs
2015,Region12,obs,motorcycle,0.162,obs
2016,Region12,obs,motorcycle,0.212,obs
2017,Region12,obs,motorcycle,0.222,obs
2018,Region12,obs,motorcycle,0.225,obs
2019,Region12,obs,motorcycle,0.229,obs
2020,Region12,obs,motorcycle,0.221,obs
2021,Region12,obs,motorcycle,0.226,obs
2022,Region12,obs,motorcycle,0.204,obs
2023,Region12,obs,motorcycle,0.198,obs
2012,Region12,s0,motorcycle,0.172,sim
2013,Region12,s0,motorcycle,0.1744262470510739,sim
2014,Region12,s0,motorcycle,0.1614838759107358,sim
2015,Region12,s0,motorcycle,0.1592172390383228,sim
2016,Region12,s0,motorcycle,0.1831652448107428,sim
2017,Region12,s0,motorcycle,0.1996534035004337,sim
2018,Region12,s0,motorcycle,0.2098255783656123,sim
2019,Region12,s0,motorcycle,0.2150089586063975,sim
2020,Region12,s0,motorcycle,0.2138404528731595,sim
2021,Region12,s0,motorcycle,0.2138302192255511,sim
2022,Region12,s0,motorcycle,0.2053662434245885,sim
2023,Region12,s0,motorcycle,0.1983174876654882,sim
2024,Region12,s0,motorcycle,0.195974753875695,sim
2025,Region12,s0,motorcycle,0.1993447458905055,sim
2026,Region12,s0,motorcycle,0.2019942942722671,sim
2027,Region12,s0,motorcycle,0.2037393257612176,sim
2028,Region12,s0,motorcycle,0.2049571613011097,sim
2029,Region12,s0,motorcycle,0.205581636679423,sim
2030,Region12,s0,motorcycle,0.205791451564986,sim
2012,Region12,s1,motorcycle,0.172,sim
2013,Region12,s1,motorcycle,0.1744262470510739,sim
2014,Region12,s1,motorcycle,0.1614838759107358,sim
2015,Region12,s1,motorcycle,0.1592172390383228,sim
2016,Region12,s1,motorcycle,0.1831652448107428,sim
2017,Region12,s1,motorcycle,0.1996534035004337,sim
2018,Region12,s1,motorcycle,0.2098255783656123,sim
2019,Region12,s1,motorcycle,0.2150089586063975,sim
2020,Region12,s1,motorcycle,0.2138404528731595,sim
2021,Region12,s1,motorcycle,0.2138302192255511,sim
2022,Region12,s1,motorcycle,0.2053662434245885,sim
2023,Region12,s1,motorcycle,0.1983174876654882,sim
2024,Region12,s1,motorcycle,0.195974753875695,sim
2025,Region12,s1,motorcycle,0.1993447458905055,sim
2026,Region12,s1,motorcycle,0.2017100744339086,sim
2027,Region12,s1,motorcycle,0.2033734940791384,sim
2028,Region12,s1,motorcycle,0.2043745897385454,sim
2029,Region12,s1,motorcycle,0.2049299411470306,sim
2030,Region12,s1,motorcycle,0.2049736467207861,sim
2012,Region12,s10,motorcycle,0.172,sim
2013,Region12,s10,motorcycle,0.1744262470510739,sim
2014,Region12,s10,motorcycle,0.1614838759107358,sim
2015,Region12,s10,motorcycle,0.1592172390383228,sim
2016,Region12,s10,motorcycle,0.1831652448107428,sim
2017,Region12,s10,motorcycle,0.1996534035004337,sim
2018,Region12,s10,motorcycle,0.2098255783656123,sim
2019,Region12,s10,motorcycle,0.2150089586063975,sim
2020,Region12,s10,motorcycle,0.2138404528731595,sim
2021,Region12,s10,motorcycle,0.2138302192255511,sim
2022,Region12,s10,motorcycle,0.2053662434245885,sim
2023,Region12,s10,motorcycle,0.1983174876654882,sim
2024,Region12,s10,motorcycle,0.1860597193776107,sim
2025,Region12,s10,motorcycle,0.1843073496533692,sim
2026,Region12,s10,motorcycle,0.1845231830149493,sim
2027,Region12,s10,motorcycle,0.184991064076721,sim
2028,Region12,s10,motorcycle,0.1862432641231564,sim
2029,Region12,s10,motorcycle,0.1865588352616072,sim
2030,Region12,s10,motorcycle,0.1867750985347582,sim
2012,Region12,s11,motorcycle,0.172,sim
2013,Region12,s11,motorcycle,0.1744262470510739,sim
2014,Region12,s11,motorcycle,0.1614838759107358,sim
2015,Region12,s11,motorcycle,0.1592172390383228,sim
2016,Region12,s11,motorcycle,0.1831652448107428,sim
2017,Region12,s11,motorcycle,0.1996534035004337,sim
2018,Region12,s11,motorcycle,0.2098255783656123,sim
2019,Region12,s11,motorcycle,0.2150089586063975,sim
2020,Region12,s11,motorcycle,0.2138404528731595,sim
2021,Region12,s11,motorcycle,0.2138302192255511,sim
2022,Region12,s11,motorcycle,0.2053662434245885,sim
2023,Region12,s11,motorcycle,0.1983174876654882,sim
2024,Region12,s11,motorcycle,0.1905443053181592,sim
2025,Region12,s11,motorcycle,0.1905164887867678,sim
2026,Region12,s11,motorcycle,0.1923889932934774,sim
2027,Region12,s11,motorcycle,0.1933742588757914,sim
2028,Region12,s11,motorcycle,0.1948474099007038,sim
2029,Region12,s11,motorcycle,0.1958671504590607,sim
2030,Region12,s11,motorcycle,0.1968279751274268,sim
2012,Region12,s2,motorcycle,0.172,sim
2013,Region12,s2,motorcycle,0.1744262470510739,sim
2014,Region12,s2,motorcycle,0.1614838759107358,sim
2015,Region12,s2,motorcycle,0.1592172390383228,sim
2016,Region12,s2,motorcycle,0.1831652448107428,sim
2017,Region12,s2,motorcycle,0.1996534035004337,sim
2018,Region12,s2,motorcycle,0.2098255783656123,sim
2019,Region12,s2,motorcycle,0.2150089586063975,sim
2020,Region12,s2,motorcycle,0.2138404528731595,sim
2021,Region12,s2,motorcycle,0.2138302192255511,sim
2022,Region12,s2,motorcycle,0.2053662434245885,sim
2023,Region12,s2,motorcycle,0.1983174876654882,sim
2024,Region12,s2,motorcycle,0.195974753875695,sim
2025,Region12,s2,motorcycle,0.1993447458905055,sim
2026,Region12,s2,motorcycle,0.2036563879048432,sim
2027,Region12,s2,motorcycle,0.2058882842558668,sim
2028,Region12,s2,motorcycle,0.2084159993083233,sim
2029,Region12,s2,motorcycle,0.2100017238812059,sim
2030,Region12,s2,motorcycle,0.2107969250480049,sim
2012,Region12,s3,motorcycle,0.172,sim
2013,Region12,s3,motorcycle,0.1744262470510739,sim
2014,Region12,s3,motorcycle,0.1614838759107358,sim
2015,Region12,s3,motorcycle,0.1592172390383228,sim
2016,Region12,s3,motorcycle,0.1831652448107428,sim
2017,Region12,s3,motorcycle,0.1996534035004337,sim
2018,Region12,s3,motorcycle,0.2098255783656123,sim
2019,Region12,s3,motorcycle,0.2150089586063975,sim
2020,Region12,s3,motorcycle,0.2138404528731595,sim
2021,Region12,s3,motorcycle,0.2138302192255511,sim
2022,Region12,s3,motorcycle,0.2053662434245885,sim
2023,Region12,s3,motorcycle,0.1983174876654882,sim
2024,Region12,s3,motorcycle,0.195974753875695,sim
2025,Region12,s3,motorcycle,0.1993447458905055,sim
2026,Region12,s3,motorcycle,0.2028179021227341,sim
2027,Region12,s3,motorcycle,0.204806640163443,sim
2028,Region12,s3,motorcycle,0.2070452450223907,sim
2029,Region12,s3,motorcycle,0.2079715079777858,sim
2030,Region12,s3,motorcycle,0.2093355525174466,sim
2012,Region12,s4,motorcycle,0.172,sim
2013,Region12,s4,motorcycle,0.1744262470510739,sim
2014,Region12,s4,motorcycle,0.1614838759107358,sim
2015,Region12,s4,motorcycle,0.1592172390383228,sim
2016,Region12,s4,motorcycle,0.1831652448107428,sim
2017,Region12,s4,motorcycle,0.1996534035004337,sim
2018,Region12,s4,motorcycle,0.2098255783656123,sim
2019,Region12,s4,motorcycle,0.2150089586063975,sim
2020,Region12,s4,motorcycle,0.2138404528731595,sim
2021,Region12,s4,motorcycle,0.2138302192255511,sim
2022,Region12,s4,motorcycle,0.2053662434245885,sim
2023,Region12,s4,motorcycle,0.1983174876654882,sim
2024,Region12,s4,motorcycle,0.1910622489005059,sim
2025,Region12,s4,motorcycle,0.1928473517232314,sim
2026,Region12,s4,motorcycle,0.1949774786684966,sim
2027,Region12,s4,motorcycle,0.1965711096383947,sim
2028,Region12,s4,motorcycle,0.1984493286977458,sim
2029,Region12,s4,motorcycle,0.1992688039804763,sim
2030,Region12,s4,motorcycle,0.1995292959032454,sim
2012,Region12,s5,motorcycle,0.172,sim
2013,Region12,s5,motorcycle,0.1744262470510739,sim
2014,Region12,s5,motorcycle,0.1614838759107358,sim
2015,Region12,s5,motorcycle,0.1592172390383228,sim
2016,Region12,s5,motorcycle,0.1831652448107428,sim
2017,Region12,s5,motorcycle,0.1996534035004337,sim
2018,Region12,s5,motorcycle,0.2098255783656123,sim
2019,Region12,s5,motorcycle,0.2150089586063975,sim
2020,Region12,s5,motorcycle,0.2138404528731595,sim
2021,Region12,s5,motorcycle,0.2138302192255511,sim
2022,Region12,s5,motorcycle,0.2053662434245885,sim
2023,Region12,s5,motorcycle,0.1983174876654882,sim
2024,Region12,s5,motorcycle,0.1910943257032649,sim
2025,Region12,s5,motorcycle,0.1912664580020545,sim
2026,Region12,s5,motorcycle,0.1920763744163304,sim
2027,Region12,s5,motorcycle,0.1927773808556348,sim
2028,Region12,s5,motorcycle,0.1932686655731755,sim
2029,Region12,s5,motorcycle,0.1936804594444091,sim
2030,Region12,s5,motorcycle,0.1938150145068428,sim
2012,Region12,s6,motorcycle,0.172,sim
2013,Region12,s6,motorcycle,0.1744262470510739,sim
2014,Region12,s6,motorcycle,0.1614838759107358,sim
2015,Region12,s6,motorcycle,0.1592172390383228,sim
2016,Region12,s6,motorcycle,0.1831652448107428,sim
2017,Region12,s6,motorcycle,0.1996534035004337,sim
2018,Region12,s6,motorcycle,0.2098255783656123,sim
2019,Region12,s6,motorcycle,0.2150089586063975,sim
2020,Region12,s6,motorcycle,0.2138404528731595,sim
2021,Region12,s6,motorcycle,0.2138302192255511,sim
2022,Region12,s6,motorcycle,0.2053662434245885,sim
2023,Region12,s6,motorcycle,0.1983174876654882,sim
2024,Region12,s6,motorcycle,0.1949545966360713,sim
2025,Region12,s6,motorcycle,0.1979339518000272,sim
2026,Region12,s6,motorcycle,0.2003801484762294,sim
2027,Region12,s6,motorcycle,0.201984149339835,sim
2028,Region12,s6,motorcycle,0.2031221377803283,sim
2029,Region12,s6,motorcycle,0.203699884776174,sim
2030,Region12,s6,motorcycle,0.2038571719719302,sim
2012,Region12,s7,motorcycle,0.172,sim
2013,Region12,s7,motorcycle,0.1744262470510739,sim
2014,Region12,s7,motorcycle,0.1614838759107358,sim
2015,Region12,s7,motorcycle,0.1592172390383228,sim
2016,Region12,s7,motorcycle,0.1831652448107428,sim
2017,Region12,s7,motorcycle,0.1996534035004337,sim
2018,Region12,s7,motorcycle,0.2098255783656123,sim
2019,Region12,s7,motorcycle,0.2150089586063975,sim
2020,Region12,s7,motorcycle,0.2138404528731595,sim
2021,Region12,s7,motorcycle,0.2138302192255511,sim
2022,Region12,s7,motorcycle,0.2053662434245885,sim
2023,Region12,s7,motorcycle,0.1983174876654882,sim
2024,Region12,s7,motorcycle,0.195974753875695,sim
2025,Region12,s7,motorcycle,0.1993447458905055,sim
2026,Region12,s7,motorcycle,0.2019942942722671,sim
2027,Region12,s7,motorcycle,0.2037393257612176,sim
2028,Region12,s7,motorcycle,0.2049571613011097,sim
2029,Region12,s7,motorcycle,0.205581636679423,sim
2030,Region12,s7,motorcycle,0.205791451564986,sim
2012,Region12,s8,motorcycle,0.172,sim
2013,Region12,s8,motorcycle,0.1744262470510739,sim
2014,Region12,s8,motorcycle,0.1614838759107358,sim
2015,Region12,s8,motorcycle,0.1592172390383228,sim
2016,Region12,s8,motorcycle,0.1831652448107428,sim
2017,Region12,s8,motorcycle,0.1996534035004337,sim
2018,Region12,s8,motorcycle,0.2098255783656123,sim
2019,Region12,s8,motorcycle,0.2150089586063975,sim
2020,Region12,s8,motorcycle,0.2138404528731595,sim
2021,Region12,s8,motorcycle,0.2138302192255511,sim
2022,Region12,s8,motorcycle,0.2053662434245885,sim
2023,Region12,s8,motorcycle,0.1983174876654882,sim
2024,Region12,s8,motorcycle,0.1900070129075395,sim
2025,Region12,s8,motorcycle,0.1917007255852889,sim
2026,Region12,s8,motorcycle,0.1934461296030329,sim
2027,Region12,s8,motorcycle,0.1948252464302694,sim
2028,Region12,s8,motorcycle,0.196705263868798,sim
2029,Region12,s8,motorcycle,0.1975003556488406,sim
2030,Region12,s8,motorcycle,0.1979044760102334,sim
2012,Region12,s9,motorcycle,0.172,sim
2013,Region12,s9,motorcycle,0.1744262470510739,sim
2014,Region12,s9,motorcycle,0.1614838759107358,sim
2015,Region12,s9,motorcycle,0.1592172390383228,sim
2016,Region12,s9,motorcycle,0.1831652448107428,sim
2017,Region12,s9,motorcycle,0.1996534035004337,sim
2018,Region12,s9,motorcycle,0.2098255783656123,sim
2019,Region12,s9,motorcycle,0.2150089586063975,sim
2020,Region12,s9,motorcycle,0.2138404528731595,sim
2021,Region12,s9,motorcycle,0.2138302192255511,sim
2022,Region12,s9,motorcycle,0.2053662434245885,sim
2023,Region12,s9,motorcycle,0.1983174876654882,sim
2024,Region12,s9,motorcycle,0.18862246934024,sim
2025,Region12,s9,motorcycle,0.1883781293400502,sim
2026,Region12,s9,motorcycle,0.190723975837575,sim
2027,Region12,s9,motorcycle,0.1920023126411688,sim
2028,Region12,s9,motorcycle,0.1944465752841677,sim
2029,Region12,s9,motorcycle,0.1959213123693862,sim
2030,Region12,s9,motorcycle,0.1968662786414883,sim
2012,Region12,obs,other,0.055,obs
2013,Region12,obs,other,0.051,obs
2014,Region12,obs,other,0.047,obs
2015,Region12,obs,other,0.047,obs
2016,Region12,obs,other,0.06,obs
2017,Region12,obs,other,0.06,obs
2018,Region12,obs,other,0.055,obs
2019,Region12,obs,other,0.061,obs
2020,Region12,obs,other,0.054,obs
2021,Region12,obs,other,0.05,obs
2022,Region12,obs,other,0.048,obs
2023,Region12,obs,other,0.056,obs
2012,Region12,s0,other,0.055,sim
2013,Region12,s0,other,0.0566906747571474,sim
2014,Region12,s0,other,0.0553521771555747,sim
2015,Region12,s0,other,0.054843717940288,sim
2016,Region12,s0,other,0.061012500948858,sim
2017,Region12,s0,other,0.064160049113083,sim
2018,Region12,s0,other,0.0626214400460267,sim
2019,Region12,s0,other,0.0639686845347392,sim
2020,Region12,s0,other,0.0612174129525873,sim
2021,Region12,s0,other,0.0582473599986881,sim
2022,Region12,s0,other,0.0575595381899747,sim
2023,Region12,s0,other,0.0597953875029027,sim
2024,Region12,s0,other,0.0608772093621713,sim
2025,Region12,s0,other,0.0609885533458014,sim
2026,Region12,s0,other,0.0607217857000192,sim
2027,Region12,s0,other,0.0606291475829524,sim
2028,Region12,s0,other,0.0606116431401806,sim
2029,Region12,s0,other,0.0605758719000202,sim
2030,Region12,s0,other,0.0605404138145562,sim
2012,Region12,s1,other,0.055,sim
2013,Region12,s1,other,0.0566906747571474,sim
2014,Region12,s1,other,0.0553521771555747,sim
2015,Region12,s1,other,0.054843717940288,sim
2016,Region12,s1,other,0.061012500948858,sim
2017,Region12,s1,other,0.064160049113083,sim
2018,Region12,s1,other,0.0626214400460267,sim
2019,Region12,s1,other,0.0639686845347392,sim
2020,Region12,s1,other,0.0612174129525873,sim
2021,Region12,s1,other,0.0582473599986881,sim
2022,Region12,s1,other,0.0575595381899747,sim
2023,Region12,s1,other,0.0597953875029027,sim
2024,Region12,s1,other,0.0608772093621713,sim
2025,Region12,s1,other,0.0609885533458014,sim
2026,Region12,s1,other,0.0608483072516977,sim
2027,Region12,s1,other,0.0607936981859856,sim
2028,Region12,s1,other,0.0608719402271259,sim
2029,Region12,s1,other,0.0608627429689218,sim
2030,Region12,s1,other,0.0608978134015436,sim
2012,Region12,s10,other,0.055,sim
2013,Region12,s10,other,0.0566906747571474,sim
2014,Region12,s10,other,0.0553521771555747,sim
2015,Region12,s10,other,0.054843717940288,sim
2016,Region12,s10,other,0.061012500948858,sim
2017,Region12,s10,other,0.064160049113083,sim
2018,Region12,s10,other,0.0626214400460267,sim
2019,Region12,s10,other,0.0639686845347392,sim
2020,Region12,s10,other,0.0612174129525873,sim
2021,Region12,s10,other,0.0582473599986881,sim
2022,Region12,s10,other,0.0575595381899747,sim
2023,Region12,s10,other,0.0597953875029027,sim
2024,Region12,s10,other,0.057957283625981,sim
2025,Region12,s10,other,0.059695318166925,sim
2026,Region12,s10,other,0.0605730751174592,sim
2027,Region12,s10,other,0.0607260043235889,sim
2028,Region12,s10,other,0.0609203097579698,sim
2029,Region12,s10,other,0.0608533563320035,sim
2030,Region12,s10,other,0.0608415561850393,sim
2012,Region12,s11,other,0.055,sim
2013,Region12,s11,other,0.0566906747571474,sim
2014,Region12,s11,other,0.0553521771555747,sim
2015,Region12,s11,other,0.054843717940288,sim
2016,Region12,s11,other,0.061012500948858,sim
2017,Region12,s11,other,0.064160049113083,sim
2018,Region12,s11,other,0.0626214400460267,sim
2019,Region12,s11,other,0.0639686845347392,sim
2020,Region12,s11,other,0.0612174129525873,sim
2021,Region12,s11,other,0.0582473599986881,sim
2022,Region12,s11,other,0.0575595381899747,sim
2023,Region12,s11,other,0.0597953875029027,sim
2024,Region12,s11,other,0.0592779707003925,sim
2025,Region12,s11,other,0.0613020847549523,sim
2026,Region12,s11,other,0.0625556290198146,sim
2027,Region12,s11,other,0.0628896525134925,sim
2028,Region12,s11,other,0.0632570210054339,sim
2029,Region12,s11,other,0.0634310049098447,sim
2030,Region12,s11,other,0.0637185388527492,sim
2012,Region12,s2,other,0.055,sim
2013,Region12,s2,other,0.0566906747571474,sim
2014,Region12,s2,other,0.0553521771555747,sim
2015,Region12,s2,other,0.054843717940288,sim
2016,Region12,s2,other,0.061012500948858,sim
2017,Region12,s2,other,0.064160049113083,sim
2018,Region12,s2,other,0.0626214400460267,sim
2019,Region12,s2,other,0.0639686845347392,sim
2020,Region12,s2,other,0.0612174129525873,sim
2021,Region12,s2,other,0.0582473599986881,sim
2022,Region12,s2,other,0.0575595381899747,sim
2023,Region12,s2,other,0.0597953875029027,sim
2024,Region12,s2,other,0.0608772093621713,sim
2025,Region12,s2,other,0.0609885533458014,sim
2026,Region12,s2,other,0.0611852162574288,sim
2027,Region12,s2,other,0.0612217850331528,sim
2028,Region12,s2,other,0.0615640449524174,sim
2029,Region12,s2,other,0.061787446834736,sim
2030,Region12,s2,other,0.0619093265091099,sim
2012,Region12,s3,other,0.055,sim
2013,Region12,s3,other,0.0566906747571474,sim
2014,Region12,s3,other,0.0553521771555747,sim
2015,Region12,s3,other,0.054843717940288,sim
2016,Region12,s3,other,0.061012500948858,sim
2017,Region12,s3,other,0.064160049113083,sim
2018,Region12,s3,other,0.0626214400460267,sim
2019,Region12,s3,other,0.0639686845347392,sim
2020,Region12,s3,other,0.0612174129525873,sim
2021,Region12,s3,other,0.0582473599986881,sim
2022,Region12,s3,other,0.0575595381899747,sim
2023,Region12,s3,other,0.0597953875029027,sim
2024,Region12,s3,other,0.0608772093621713,sim
2025,Region12,s3,other,0.0609885533458014,sim
2026,Region12,s3,other,0.0609514268211618,sim
2027,Region12,s3,other,0.060925068381829,sim
2028,Region12,s3,other,0.0611874322343432,sim
2029,Region12,s3,other,0.0612330962964565,sim
2030,Region12,s3,other,0.0615136766323327,sim
2012,Region12,s4,other,0.055,sim
2013,Region12,s4,other,0.0566906747571474,sim
2014,Region12,s4,other,0.0553521771555747,sim
2015,Region12,s4,other,0.054843717940288,sim
2016,Region12,s4,other,0.061012500948858,sim
2017,Region12,s4,other,0.064160049113083,sim
2018,Region12,s4,other,0.0626214400460267,sim
2019,Region12,s4,other,0.0639686845347392,sim
2020,Region12,s4,other,0.0612174129525873,sim
2021,Region12,s4,other,0.0582473599986881,sim
2022,Region12,s4,other,0.0575595381899747,sim
2023,Region12,s4,other,0.0597953875029027,sim
2024,Region12,s4,other,0.0594305023730036,sim
2025,Region12,s4,other,0.0592407542840279,sim
2026,Region12,s4,other,0.0589204873572653,sim
2027,Region12,s4,other,0.0588273767904261,sim
2028,Region12,s4,other,0.0590123333997861,sim
2029,Region12,s4,other,0.0590090839458095,sim
2030,Region12,s4,other,0.0589768307799246,sim
2012,Region12,s5,other,0.055,sim
2013,Region12,s5,other,0.0566906747571474,sim
2014,Region12,s5,other,0.0553521771555747,sim
2015,Region12,s5,other,0.054843717940288,sim
2016,Region12,s5,other,0.061012500948858,sim
2017,Region12,s5,other,0.064160049113083,sim
2018,Region12,s5,other,0.0626214400460267,sim
2019,Region12,s5,other,0.0639686845347392,sim
2020,Region12,s5,other,0.0612174129525873,sim
2021,Region12,s5,other,0.0582473599986881,sim
2022,Region12,s5,other,0.0575595381899747,sim
2023,Region12,s5,other,0.0597953875029027,sim
2024,Region12,s5,other,0.0594399488234348,sim
2025,Region12,s5,other,0.0615297596996195,sim
2026,Region12,s5,other,0.0623202116696844,sim
2027,Region12,s5,other,0.0625308225695935,sim
2028,Region12,s5,other,0.0624937042437617,sim
2029,Region12,s5,other,0.0624526693114275,sim
2030,Region12,s5,other,0.0624106022622173,sim
2012,Region12,s6,other,0.055,sim
2013,Region12,s6,other,0.0566906747571474,sim
2014,Region12,s6,other,0.0553521771555747,sim
2015,Region12,s6,other,0.054843717940288,sim
2016,Region12,s6,other,0.061012500948858,sim
2017,Region12,s6,other,0.064160049113083,sim
2018,Region12,s6,other,0.0626214400460267,sim
2019,Region12,s6,other,0.0639686845347392,sim
2020,Region12,s6,other,0.0612174129525873,sim
2021,Region12,s6,other,0.0582473599986881,sim
2022,Region12,s6,other,0.0575595381899747,sim
2023,Region12,s6,other,0.0597953875029027,sim
2024,Region12,s6,other,0.0605767783975071,sim
2025,Region12,s6,other,0.0605843616022989,sim
2026,Region12,s6,other,0.0602685514524573,sim
2027,Region12,s6,other,0.0602583755157277,sim
2028,Region12,s6,other,0.0602795702630727,sim
2029,Region12,s6,other,0.0602230286248118,sim
2030,Region12,s6,other,0.0601663238679767,sim
2012,Region12,s7,other,0.055,sim
2013,Region12,s7,other,0.0566906747571474,sim
2014,Region12,s7,other,0.0553521771555747,sim
2015,Region12,s7,other,0.054843717940288,sim
2016,Region12,s7,other,0.061012500948858,sim
2017,Region12,s7,other,0.064160049113083,sim
2018,Region12,s7,other,0.0626214400460267,sim
2019,Region12,s7,other,0.0639686845347392,sim
2020,Region12,s7,other,0.0612174129525873,sim
2021,Region12,s7,other,0.0582473599986881,sim
2022,Region12,s7,other,0.0575595381899747,sim
2023,Region12,s7,other,0.0597953875029027,sim
2024,Region12,s7,other,0.0608772093621713,sim
2025,Region12,s7,other,0.0609885533458014,sim
2026,Region12,s7,other,0.0607217857000192,sim
2027,Region12,s7,other,0.0606291475829524,sim
2028,Region12,s7,other,0.0606116431401806,sim
2029,Region12,s7,other,0.0605758719000202,sim
2030,Region12,s7,other,0.0605404138145562,sim
2012,Region12,s8,other,0.055,sim
2013,Region12,s8,other,0.0566906747571474,sim
2014,Region12,s8,other,0.0553521771555747,sim
2015,Region12,s8,other,0.054843717940288,sim
2016,Region12,s8,other,0.061012500948858,sim
2017,Region12,s8,other,0.064160049113083,sim
2018,Region12,s8,other,0.0626214400460267,sim
2019,Region12,s8,other,0.0639686845347392,sim
2020,Region12,s8,other,0.0612174129525873,sim
2021,Region12,s8,other,0.0582473599986881,sim
2022,Region12,s8,other,0.0575595381899747,sim
2023,Region12,s8,other,0.0597953875029027,sim
2024,Region12,s8,other,0.0591197408991819,sim
2025,Region12,s8,other,0.0589108544026868,sim
2026,Region12,s8,other,0.0586869048912047,sim
2027,Region12,s8,other,0.0585959807624528,sim
2028,Region12,s8,other,0.0589354263102825,sim
2029,Region12,s8,other,0.0589711995595061,sim
2030,Region12,s8,other,0.0590922660432232,sim
2012,Region12,s9,other,0.055,sim
2013,Region12,s9,other,0.0566906747571474,sim
2014,Region12,s9,other,0.0553521771555747,sim
2015,Region12,s9,other,0.054843717940288,sim
2016,Region12,s9,other,0.061012500948858,sim
2017,Region12,s9,other,0.064160049113083,sim
2018,Region12,s9,other,0.0626214400460267,sim
2019,Region12,s9,other,0.0639686845347392,sim
2020,Region12,s9,other,0.0612174129525873,sim
2021,Region12,s9,other,0.0582473599986881,sim
2022,Region12,s9,other,0.0575595381899747,sim
2023,Region12,s9,other,0.0597953875029027,sim
2024,Region12,s9,other,0.0587120000692518,sim
2025,Region12,s9,other,0.0606540210124478,sim
2026,Region12,s9,other,0.0619087900535352,sim
2027,Region12,s9,other,0.0622916778503801,sim
2028,Region12,s9,other,0.0628487264485752,sim
2029,Region12,s9,other,0.0631294306873396,sim
2030,Region12,s9,other,0.063320375796291,sim
2012,Region12,obs,taxi,0.156,obs
2013,Region12,obs,taxi,0.139,obs
2014,Region12,obs,taxi,0.14,obs
2015,Region12,obs,taxi,0.137,obs
2016,Region12,obs,taxi,0.185,obs
2017,Region12,obs,taxi,0.196,obs
2018,Region12,obs,taxi,0.184,obs
2019,Region12,obs,taxi,0.189,obs
2020,Region12,obs,taxi,0.196,obs
2021,Region12,obs,taxi,0.188,obs
2022,Region12,obs,taxi,0.173,obs
2023,Region12,obs,taxi,0.169,obs
2012,Region12,s0,taxi,0.156,sim
2013,Region12,s0,taxi,0.1369126744094907,sim
2014,Region12,s0,taxi,0.1360005675012111,sim
2015,Region12,s0,taxi,0.1368757266421709,sim
2016,Region12,s0,taxi,0.161704216184413,sim
2017,Region12,s0,taxi,0.1740389905310171,sim
2018,Region12,s0,taxi,0.1832229926068334,sim
2019,Region12,s0,taxi,0.1849317616035556,sim
2020,Region12,s0,taxi,0.1881518045801198,sim
2021,Region12,s0,taxi,0.1850261909792842,sim
2022,Region12,s0,taxi,0.1761063871197254,sim
2023,Region12,s0,taxi,0.1707399787434023,sim
2024,Region12,s0,taxi,0.1696551969536661,sim
2025,Region12,s0,taxi,0.1748284853531676,sim
2026,Region12,s0,taxi,0.1777507089756861,sim
2027,Region12,s0,taxi,0.1792686346098505,sim
2028,Region12,s0,taxi,0.1799951720591658,sim
2029,Region12,s0,taxi,0.1797301944878913,sim
2030,Region12,s0,taxi,0.1794849200753967,sim
2012,Region12,s1,taxi,0.156,sim
2013,Region12,s1,taxi,0.1369126744094907,sim
2014,Region12,s1,taxi,0.1360005675012111,sim
2015,Region12,s1,taxi,0.1368757266421709,sim
2016,Region12,s1,taxi,0.161704216184413,sim
2017,Region12,s1,taxi,0.1740389905310171,sim
2018,Region12,s1,taxi,0.1832229926068334,sim
2019,Region12,s1,taxi,0.1849317616035556,sim
2020,Region12,s1,taxi,0.1881518045801198,sim
2021,Region12,s1,taxi,0.1850261909792842,sim
2022,Region12,s1,taxi,0.1761063871197254,sim
2023,Region12,s1,taxi,0.1707399787434023,sim
2024,Region12,s1,taxi,0.1696551969536661,sim
2025,Region12,s1,taxi,0.1748284853531676,sim
2026,Region12,s1,taxi,0.1777275626862361,sim
2027,Region12,s1,taxi,0.1792417671908387,sim
2028,Region12,s1,taxi,0.1799516399087231,sim
2029,Region12,s1,taxi,0.1796777981537985,sim
2030,Region12,s1,taxi,0.1794165799418082,sim
2012,Region12,s10,taxi,0.156,sim
2013,Region12,s10,taxi,0.1369126744094907,sim
2014,Region12,s10,taxi,0.1360005675012111,sim
2015,Region12,s10,taxi,0.1368757266421709,sim
2016,Region12,s10,taxi,0.161704216184413,sim
2017,Region12,s10,taxi,0.1740389905310171,sim
2018,Region12,s10,taxi,0.1832229926068334,sim
2019,Region12,s10,taxi,0.1849317616035556,sim
2020,Region12,s10,taxi,0.1881518045801198,sim
2021,Region12,s10,taxi,0.1850261909792842,sim
2022,Region12,s10,taxi,0.1761063871197254,sim
2023,Region12,s10,taxi,0.1707399787434023,sim
2024,Region12,s10,taxi,0.1610901320980041,sim
2025,Region12,s10,taxi,0.1624621308733918,sim
2026,Region12,s10,taxi,0.1634886066332389,sim
2027,Region12,s10,taxi,0.1640152827700348,sim
2028,Region12,s10,taxi,0.1646326467508329,sim
2029,Region12,s10,taxi,0.1658539148384382,sim
2030,Region12,s10,taxi,0.1663640213322566,sim
2012,Region12,s11,taxi,0.156,sim
2013,Region12,s11,taxi,0.1369126744094907,sim
2014,Region12,s11,taxi,0.1360005675012111,sim
2015,Region12,s11,taxi,0.1368757266421709,sim
2016,Region12,s11,taxi,0.161704216184413,sim
2017,Region12,s11,taxi,0.1740389905310171,sim
2018,Region12,s11,taxi,0.1832229926068334,sim
2019,Region12,s11,taxi,0.1849317616035556,sim
2020,Region12,s11,taxi,0.1881518045801198,sim
2021,Region12,s11,taxi,0.1850261909792842,sim
2022,Region12,s11,taxi,0.1761063871197254,sim
2023,Region12,s11,taxi,0.1707399787434023,sim
2024,Region12,s11,taxi,0.1649641246130084,sim
2025,Region12,s11,taxi,0.1687524536623963,sim
2026,Region12,s11,taxi,0.1698437340793983,sim
2027,Region12,s11,taxi,0.1704018955919219,sim
2028,Region12,s11,taxi,0.1698168953430613,sim
2029,Region12,s11,taxi,0.1690560683127454,sim
2030,Region12,s11,taxi,0.1684006384396007,sim
2012,Region12,s2,taxi,0.156,sim
2013,Region12,s2,taxi,0.1369126744094907,sim
2014,Region12,s2,taxi,0.1360005675012111,sim
2015,Region12,s2,taxi,0.1368757266421709,sim
2016,Region12,s2,taxi,0.161704216184413,sim
2017,Region12,s2,taxi,0.1740389905310171,sim
2018,Region12,s2,taxi,0.1832229926068334,sim
2019,Region12,s2,taxi,0.1849317616035556,sim
2020,Region12,s2,taxi,0.1881518045801198,sim
2021,Region12,s2,taxi,0.1850261909792842,sim
2022,Region12,s2,taxi,0.1761063871197254,sim
2023,Region12,s2,taxi,0.1707399787434023,sim
2024,Region12,s2,taxi,0.1696551969536661,sim
2025,Region12,s2,taxi,0.1748284853531676,sim
2026,Region12,s2,taxi,0.1764490754325051,sim
2027,Region12,s2,taxi,0.1775687426722466,sim
2028,Region12,s2,taxi,0.1772175692780812,sim
2029,Region12,s2,taxi,0.1761851578482016,sim
2030,Region12,s2,taxi,0.1750627165194274,sim
2012,Region12,s3,taxi,0.156,sim
2013,Region12,s3,taxi,0.1369126744094907,sim
2014,Region12,s3,taxi,0.1360005675012111,sim
2015,Region12,s3,taxi,0.1368757266421709,sim
2016,Region12,s3,taxi,0.161704216184413,sim
2017,Region12,s3,taxi,0.1740389905310171,sim
2018,Region12,s3,taxi,0.1832229926068334,sim
2019,Region12,s3,taxi,0.1849317616035556,sim
2020,Region12,s3,taxi,0.1881518045801198,sim
2021,Region12,s3,taxi,0.1850261909792842,sim
2022,Region12,s3,taxi,0.1761063871197254,sim
2023,Region12,s3,taxi,0.1707399787434023,sim
2024,Region12,s3,taxi,0.1696551969536661,sim
2025,Region12,s3,taxi,0.1748284853531676,sim
2026,Region12,s3,taxi,0.1779434187444162,sim
2027,Region12,s3,taxi,0.1795159649435639,sim
2028,Region12,s3,taxi,0.1804731661785087,sim
2029,Region12,s3,taxi,0.1802736570221068,sim
2030,Region12,s3,taxi,0.1802677591759977,sim
2012,Region12,s4,taxi,0.156,sim
2013,Region12,s4,taxi,0.1369126744094907,sim
2014,Region12,s4,taxi,0.1360005675012111,sim
2015,Region12,s4,taxi,0.1368757266421709,sim
2016,Region12,s4,taxi,0.161704216184413,sim
2017,Region12,s4,taxi,0.1740389905310171,sim
2018,Region12,s4,taxi,0.1832229926068334,sim
2019,Region12,s4,taxi,0.1849317616035556,sim
2020,Region12,s4,taxi,0.1881518045801198,sim
2021,Region12,s4,taxi,0.1850261909792842,sim
2022,Region12,s4,taxi,0.1761063871197254,sim
2023,Region12,s4,taxi,0.1707399787434023,sim
2024,Region12,s4,taxi,0.165411548207473,sim
2025,Region12,s4,taxi,0.1691429157879037,sim
2026,Region12,s4,taxi,0.1715962669773642,sim
2027,Region12,s4,taxi,0.1729843602658292,sim
2028,Region12,s4,taxi,0.1741889793082847,sim
2029,Region12,s4,taxi,0.174065565143159,sim
2030,Region12,s4,taxi,0.1738577945777989,sim
2012,Region12,s5,taxi,0.156,sim
2013,Region12,s5,taxi,0.1369126744094907,sim
2014,Region12,s5,taxi,0.1360005675012111,sim
2015,Region12,s5,taxi,0.1368757266421709,sim
2016,Region12,s5,taxi,0.161704216184413,sim
2017,Region12,s5,taxi,0.1740389905310171,sim
2018,Region12,s5,taxi,0.1832229926068334,sim
2019,Region12,s5,taxi,0.1849317616035556,sim
2020,Region12,s5,taxi,0.1881518045801198,sim
2021,Region12,s5,taxi,0.1850261909792842,sim
2022,Region12,s5,taxi,0.1761063871197254,sim
2023,Region12,s5,taxi,0.1707399787434023,sim
2024,Region12,s5,taxi,0.165439257631585,sim
2025,Region12,s5,taxi,0.1694162372664629,sim
2026,Region12,s5,taxi,0.1714356318996605,sim
2027,Region12,s5,taxi,0.1722941910265413,sim
2028,Region12,s5,taxi,0.1723718227450177,sim
2029,Region12,s5,taxi,0.1720909857007717,sim
2030,Region12,s5,taxi,0.1718513820913352,sim
2012,Region12,s6,taxi,0.156,sim
2013,Region12,s6,taxi,0.1369126744094907,sim
2014,Region12,s6,taxi,0.1360005675012111,sim
2015,Region12,s6,taxi,0.1368757266421709,sim
2016,Region12,s6,taxi,0.161704216184413,sim
2017,Region12,s6,taxi,0.1740389905310171,sim
2018,Region12,s6,taxi,0.1832229926068334,sim
2019,Region12,s6,taxi,0.1849317616035556,sim
2020,Region12,s6,taxi,0.1881518045801198,sim
2021,Region12,s6,taxi,0.1850261909792842,sim
2022,Region12,s6,taxi,0.1761063871197254,sim
2023,Region12,s6,taxi,0.1707399787434023,sim
2024,Region12,s6,taxi,0.1687739380007055,sim
2025,Region12,s6,taxi,0.1735937686554281,sim
2026,Region12,s6,taxi,0.1763348157293107,sim
2027,Region12,s6,taxi,0.1777298761117421,sim
2028,Region12,s6,taxi,0.1782751495881495,sim
2029,Region12,s6,taxi,0.1779209784327147,sim
2030,Region12,s6,taxi,0.1776133085529983,sim
2012,Region12,s7,taxi,0.156,sim
2013,Region12,s7,taxi,0.1369126744094907,sim
2014,Region12,s7,taxi,0.1360005675012111,sim
2015,Region12,s7,taxi,0.1368757266421709,sim
2016,Region12,s7,taxi,0.161704216184413,sim
2017,Region12,s7,taxi,0.1740389905310171,sim
2018,Region12,s7,taxi,0.1832229926068334,sim
2019,Region12,s7,taxi,0.1849317616035556,sim
2020,Region12,s7,taxi,0.1881518045801198,sim
2021,Region12,s7,taxi,0.1850261909792842,sim
2022,Region12,s7,taxi,0.1761063871197254,sim
2023,Region12,s7,taxi,0.1707399787434023,sim
2024,Region12,s7,taxi,0.1696551969536661,sim
2025,Region12,s7,taxi,0.1748284853531676,sim
2026,Region12,s7,taxi,0.1777507089756861,sim
2027,Region12,s7,taxi,0.1792686346098505,sim
2028,Region12,s7,taxi,0.1799951720591658,sim
2029,Region12,s7,taxi,0.1797301944878913,sim
2030,Region12,s7,taxi,0.1794849200753967,sim
2012,Region12,s8,taxi,0.156,sim
2013,Region12,s8,taxi,0.1369126744094907,sim
2014,Region12,s8,taxi,0.1360005675012111,sim
2015,Region12,s8,taxi,0.1368757266421709,sim
2016,Region12,s8,taxi,0.161704216184413,sim
2017,Region12,s8,taxi,0.1740389905310171,sim
2018,Region12,s8,taxi,0.1832229926068334,sim
2019,Region12,s8,taxi,0.1849317616035556,sim
2020,Region12,s8,taxi,0.1881518045801198,sim
2021,Region12,s8,taxi,0.1850261909792842,sim
2022,Region12,s8,taxi,0.1761063871197254,sim
2023,Region12,s8,taxi,0.1707399787434023,sim
2024,Region12,s8,taxi,0.1644999866068016,sim
2025,Region12,s8,taxi,0.166494609004457,sim
2026,Region12,s8,taxi,0.1694640347286981,sim
2027,Region12,s8,taxi,0.1711788649621221,sim
2028,Region12,s8,taxi,0.1725320110245753,sim
2029,Region12,s8,taxi,0.1724476446445648,sim
2030,Region12,s8,taxi,0.1722786067252565,sim
2012,Region12,s9,taxi,0.156,sim
2013,Region12,s9,taxi,0.1369126744094907,sim
2014,Region12,s9,taxi,0.1360005675012111,sim
2015,Region12,s9,taxi,0.1368757266421709,sim
2016,Region12,s9,taxi,0.161704216184413,sim
2017,Region12,s9,taxi,0.1740389905310171,sim
2018,Region12,s9,taxi,0.1832229926068334,sim
2019,Region12,s9,taxi,0.1849317616035556,sim
2020,Region12,s9,taxi,0.1881518045801198,sim
2021,Region12,s9,taxi,0.1850261909792842,sim
2022,Region12,s9,taxi,0.1761063871197254,sim
2023,Region12,s9,taxi,0.1707399787434023,sim
2024,Region12,s9,taxi,0.1633039539100217,sim
2025,Region12,s9,taxi,0.1652306552240861,sim
2026,Region12,s9,taxi,0.1666571388148372,sim
2027,Region12,s9,taxi,0.1677042102998085,sim
2028,Region12,s9,taxi,0.1675338707741633,sim
2029,Region12,s9,taxi,0.1667572567370242,sim
2030,Region12,s9,taxi,0.1657671080636317,sim
2012,Tehran,obs,bus,0.191111332,obs
2013,Tehran,obs,bus,0.19917343,obs
2014,Tehran,obs,bus,0.196342253,obs
2015,Tehran,obs,bus,0.193932124,obs
2016,Tehran,obs,bus,0.09569378,obs
2017,Tehran,obs,bus,0.080532909,obs
2018,Tehran,obs,bus,0.076643607,obs
2019,Tehran,obs,bus,0.06975933,obs
2020,Tehran,obs,bus,0.034030628,obs
2021,Tehran,obs,bus,0.034160555,obs
2022,Tehran,obs,bus,0.035260931,obs
2023,Tehran,obs,bus,0.039267016,obs
2012,Tehran,s0,bus,0.191111332,sim
2013,Tehran,s0,bus,0.2061320912326127,sim
2014,Tehran,s0,bus,0.15354529018494,sim
2015,Tehran,s0,bus,0.1460960204274219,sim
2016,Tehran,s0,bus,0.0852554037740843,sim
2017,Tehran,s0,bus,0.0729197214616255,sim
2018,Tehran,s0,bus,0.0674947061702813,sim
2019,Tehran,s0,bus,0.0594697385175726,sim
2020,Tehran,s0,bus,0.035682879821833,sim
2021,Tehran,s0,bus,0.0358995128845886,sim
2022,Tehran,s0,bus,0.0370679742778034,sim
2023,Tehran,s0,bus,0.0409458672008389,sim
2024,Tehran,s0,bus,0.0363001364347659,sim
2025,Tehran,s0,bus,0.0410611787543168,sim
2026,Tehran,s0,bus,0.0359978826300293,sim
2027,Tehran,s0,bus,0.0359483397338562,sim
2028,Tehran,s0,bus,0.0368817370288705,sim
2029,Tehran,s0,bus,0.0368833608167402,sim
2030,Tehran,s0,bus,0.0365891798483175,sim
2012,Tehran,s1,bus,0.191111332,sim
2013,Tehran,s1,bus,0.2061320912326127,sim
2014,Tehran,s1,bus,0.15354529018494,sim
2015,Tehran,s1,bus,0.1460960204274219,sim
2016,Tehran,s1,bus,0.0852554037740843,sim
2017,Tehran,s1,bus,0.0729197214616255,sim
2018,Tehran,s1,bus,0.0674947061702813,sim
2019,Tehran,s1,bus,0.0594697385175726,sim
2020,Tehran,s1,bus,0.035682879821833,sim
2021,Tehran,s1,bus,0.0358995128845886,sim
2022,Tehran,s1,bus,0.0370679742778034,sim
2023,Tehran,s1,bus,0.0409458672008389,sim
2024,Tehran,s1,bus,0.0363001364347659,sim
2025,Tehran,s1,bus,0.0410611787543168,sim
2026,Tehran,s1,bus,0.0364225889092466,sim
2027,Tehran,s1,bus,0.0409548928918444,sim
2028,Tehran,s1,bus,0.0376117567916887,sim
2029,Tehran,s1,bus,0.0376128617413818,sim
2030,Tehran,s1,bus,0.0375294141613552,sim
2012,Tehran,s10,bus,0.191111332,sim
2013,Tehran,s10,bus,0.2061320912326127,sim
2014,Tehran,s10,bus,0.15354529018494,sim
2015,Tehran,s10,bus,0.1460960204274219,sim
2016,Tehran,s10,bus,0.0852554037740843,sim
2017,Tehran,s10,bus,0.0729197214616255,sim
2018,Tehran,s10,bus,0.0674947061702813,sim
2019,Tehran,s10,bus,0.0594697385175726,sim
2020,Tehran,s10,bus,0.035682879821833,sim
2021,Tehran,s10,bus,0.0358995128845886,sim
2022,Tehran,s10,bus,0.0370679742778034,sim
2023,Tehran,s10,bus,0.0409458672008389,sim
2024,Tehran,s10,bus,0.0422346378802006,sim
2025,Tehran,s10,bus,0.0662245114054536,sim
2026,Tehran,s10,bus,0.0663513967492235,sim
2027,Tehran,s10,bus,0.0674058368467044,sim
2028,Tehran,s10,bus,0.0694336409462002,sim
2029,Tehran,s10,bus,0.0694112939142492,sim
2030,Tehran,s10,bus,0.0693703095404415,sim
2012,Tehran,s11,bus,0.191111332,sim
2013,Tehran,s11,bus,0.2061320912326127,sim
2014,Tehran,s11,bus,0.15354529018494,sim
2015,Tehran,s11,bus,0.1460960204274219,sim
2016,Tehran,s11,bus,0.0852554037740843,sim
2017,Tehran,s11,bus,0.0729197214616255,sim
2018,Tehran,s11,bus,0.0674947061702813,sim
2019,Tehran,s11,bus,0.0594697385175726,sim
2020,Tehran,s11,bus,0.035682879821833,sim
2021,Tehran,s11,bus,0.0358995128845886,sim
2022,Tehran,s11,bus,0.0370679742778034,sim
2023,Tehran,s11,bus,0.0409458672008389,sim
2024,Tehran,s11,bus,0.0399674614571466,sim
2025,Tehran,s11,bus,0.0628169767110083,sim
2026,Tehran,s11,bus,0.0648024525200285,sim
2027,Tehran,s11,bus,0.0676081570595708,sim
2028,Tehran,s11,bus,0.0697991589564654,sim
2029,Tehran,s11,bus,0.0701297266827223,sim
2030,Tehran,s11,bus,0.0709986577599584,sim
2012,Tehran,s2,bus,0.191111332,sim
2013,Tehran,s2,bus,0.2061320912326127,sim
2014,Tehran,s2,bus,0.15354529018494,sim
2015,Tehran,s2,bus,0.1460960204274219,sim
2016,Tehran,s2,bus,0.0852554037740843,sim
2017,Tehran,s2,bus,0.0729197214616255,sim
2018,Tehran,s2,bus,0.0674947061702813,sim
2019,Tehran,s2,bus,0.0594697385175726,sim
2020,Tehran,s2,bus,0.035682879821833,sim
2021,Tehran,s2,bus,0.0358995128845886,sim
2022,Tehran,s2,bus,0.0370679742778034,sim
2023,Tehran,s2,bus,0.0409458672008389,sim
2024,Tehran,s2,bus,0.0363001364347659,sim
2025,Tehran,s2,bus,0.0410611787543168,sim
2026,Tehran,s2,bus,0.0369113102398507,sim
2027,Tehran,s2,bus,0.0378973301812716,sim
2028,Tehran,s2,bus,0.0384563009429716,sim
2029,Tehran,s2,bus,0.0387766445081054,sim
2030,Tehran,s2,bus,0.0385865730999519,sim
2012,Tehran,s3,bus,0.191111332,sim
2013,Tehran,s3,bus,0.2061320912326127,sim
2014,Tehran,s3,bus,0.15354529018494,sim
2015,Tehran,s3,bus,0.1460960204274219,sim
2016,Tehran,s3,bus,0.0852554037740843,sim
2017,Tehran,s3,bus,0.0729197214616255,sim
2018,Tehran,s3,bus,0.0674947061702813,sim
2019,Tehran,s3,bus,0.0594697385175726,sim
2020,Tehran,s3,bus,0.035682879821833,sim
2021,Tehran,s3,bus,0.0358995128845886,sim
2022,Tehran,s3,bus,0.0370679742778034,sim
2023,Tehran,s3,bus,0.0409458672008389,sim
2024,Tehran,s3,bus,0.0363001364347659,sim
2025,Tehran,s3,bus,0.0410611787543168,sim
2026,Tehran,s3,bus,0.036123209387549,sim
2027,Tehran,s3,bus,0.0360740807100309,sim
2028,Tehran,s3,bus,0.0371574288532449,sim
2029,Tehran,s3,bus,0.0371588340165991,sim
2030,Tehran,s3,bus,0.0370283251786001,sim
2012,Tehran,s4,bus,0.191111332,sim
2013,Tehran,s4,bus,0.2061320912326127,sim
2014,Tehran,s4,bus,0.15354529018494,sim
2015,Tehran,s4,bus,0.1460960204274219,sim
2016,Tehran,s4,bus,0.0852554037740843,sim
2017,Tehran,s4,bus,0.0729197214616255,sim
2018,Tehran,s4,bus,0.0674947061702813,sim
2019,Tehran,s4,bus,0.0594697385175726,sim
2020,Tehran,s4,bus,0.035682879821833,sim
2021,Tehran,s4,bus,0.0358995128845886,sim
2022,Tehran,s4,bus,0.0370679742778034,sim
2023,Tehran,s4,bus,0.0409458672008389,sim
2024,Tehran,s4,bus,0.0398647239450606,sim
2025,Tehran,s4,bus,0.0450746452354182,sim
2026,Tehran,s4,bus,0.0395272954257947,sim
2027,Tehran,s4,bus,0.0394831984697855,sim
2028,Tehran,s4,bus,0.0401013983990408,sim
2029,Tehran,s4,bus,0.0401017075137693,sim
2030,Tehran,s4,bus,0.0397756922080184,sim
2012,Tehran,s5,bus,0.191111332,sim
2013,Tehran,s5,bus,0.2061320912326127,sim
2014,Tehran,s5,bus,0.15354529018494,sim
2015,Tehran,s5,bus,0.1460960204274219,sim
2016,Tehran,s5,bus,0.0852554037740843,sim
2017,Tehran,s5,bus,0.0729197214616255,sim
2018,Tehran,s5,bus,0.0674947061702813,sim
2019,Tehran,s5,bus,0.0594697385175726,sim
2020,Tehran,s5,bus,0.035682879821833,sim
2021,Tehran,s5,bus,0.0358995128845886,sim
2022,Tehran,s5,bus,0.0370679742778034,sim
2023,Tehran,s5,bus,0.0409458672008389,sim
2024,Tehran,s5,bus,0.0384969462614618,sim
2025,Tehran,s5,bus,0.0605380719964407,sim
2026,Tehran,s5,bus,0.0606109640522467,sim
2027,Tehran,s5,bus,0.0615632991649481,sim
2028,Tehran,s5,bus,0.0639874649630743,sim
2029,Tehran,s5,bus,0.0639706052793803,sim
2030,Tehran,s5,bus,0.0638955726736154,sim
2012,Tehran,s6,bus,0.191111332,sim
2013,Tehran,s6,bus,0.2061320912326127,sim
2014,Tehran,s6,bus,0.15354529018494,sim
2015,Tehran,s6,bus,0.1460960204274219,sim
2016,Tehran,s6,bus,0.0852554037740843,sim
2017,Tehran,s6,bus,0.0729197214616255,sim
2018,Tehran,s6,bus,0.0674947061702813,sim
2019,Tehran,s6,bus,0.0594697385175726,sim
2020,Tehran,s6,bus,0.035682879821833,sim
2021,Tehran,s6,bus,0.0358995128845886,sim
2022,Tehran,s6,bus,0.0370679742778034,sim
2023,Tehran,s6,bus,0.0409458672008389,sim
2024,Tehran,s6,bus,0.0388766298638116,sim
2025,Tehran,s6,bus,0.0639689016507536,sim
2026,Tehran,s6,bus,0.0633897216105,sim
2027,Tehran,s6,bus,0.0637957605255409,sim
2028,Tehran,s6,bus,0.0657802254377138,sim
2029,Tehran,s6,bus,0.0658965774498109,sim
2030,Tehran,s6,bus,0.0659575619143458,sim
2012,Tehran,s7,bus,0.191111332,sim
2013,Tehran,s7,bus,0.2061320912326127,sim
2014,Tehran,s7,bus,0.15354529018494,sim
2015,Tehran,s7,bus,0.1460960204274219,sim
2016,Tehran,s7,bus,0.0852554037740843,sim
2017,Tehran,s7,bus,0.0729197214616255,sim
2018,Tehran,s7,bus,0.0674947061702813,sim
2019,Tehran,s7,bus,0.0594697385175726,sim
2020,Tehran,s7,bus,0.035682879821833,sim
2021,Tehran,s7,bus,0.0358995128845886,sim
2022,Tehran,s7,bus,0.0370679742778034,sim
2023,Tehran,s7,bus,0.0409458672008389,sim
2024,Tehran,s7,bus,0.0363001364347659,sim
2025,Tehran,s7,bus,0.0410611787543168,sim
2026,Tehran,s7,bus,0.0359978826300293,sim
2027,Tehran,s7,bus,0.0359483397338562,sim
2028,Tehran,s7,bus,0.0368817370288705,sim
2029,Tehran,s7,bus,0.0368833608167402,sim
2030,Tehran,s7,bus,0.0365891798483175,sim
2012,Tehran,s8,bus,0.191111332,sim
2013,Tehran,s8,bus,0.2061320912326127,sim
2014,Tehran,s8,bus,0.15354529018494,sim
2015,Tehran,s8,bus,0.1460960204274219,sim
2016,Tehran,s8,bus,0.0852554037740843,sim
2017,Tehran,s8,bus,0.0729197214616255,sim
2018,Tehran,s8,bus,0.0674947061702813,sim
2019,Tehran,s8,bus,0.0594697385175726,sim
2020,Tehran,s8,bus,0.035682879821833,sim
2021,Tehran,s8,bus,0.0358995128845886,sim
2022,Tehran,s8,bus,0.0370679742778034,sim
2023,Tehran,s8,bus,0.0409458672008389,sim
2024,Tehran,s8,bus,0.0426900330170259,sim
2025,Tehran,s8,bus,0.0700649311820747,sim
2026,Tehran,s8,bus,0.0702037156306976,sim
2027,Tehran,s8,bus,0.0706392657852189,sim
2028,Tehran,s8,bus,0.072690959108986,sim
2029,Tehran,s8,bus,0.0727777903074322,sim
2030,Tehran,s8,bus,0.073287636931448,sim
2012,Tehran,s9,bus,0.191111332,sim
2013,Tehran,s9,bus,0.2061320912326127,sim
2014,Tehran,s9,bus,0.15354529018494,sim
2015,Tehran,s9,bus,0.1460960204274219,sim
2016,Tehran,s9,bus,0.0852554037740843,sim
2017,Tehran,s9,bus,0.0729197214616255,sim
2018,Tehran,s9,bus,0.0674947061702813,sim
2019,Tehran,s9,bus,0.0594697385175726,sim
2020,Tehran,s9,bus,0.035682879821833,sim
2021,Tehran,s9,bus,0.0358995128845886,sim
2022,Tehran,s9,bus,0.0370679742778034,sim
2023,Tehran,s9,bus,0.0409458672008389,sim
2024,Tehran,s9,bus,0.0403436747436925,sim
2025,Tehran,s9,bus,0.0633542610478092,sim
2026,Tehran,s9,bus,0.0646496654592674,sim
2027,Tehran,s9,bus,0.0671900454205609,sim
2028,Tehran,s9,bus,0.0684818063595543,sim
2029,Tehran,s9,bus,0.0689890265465969,sim
2030,Tehran,s9,bus,0.0691007628518951,sim
2012,Tehran,obs,car,0.371273578,obs
2013,Tehran,obs,car,0.369466713,obs
2014,Tehran,obs,car,0.398664474,obs
2015,Tehran,obs,car,0.363872645,obs
2016,Tehran,obs,car,0.464513557,obs
2017,Tehran,obs,car,0.518989859,obs
2018,Tehran,obs,car,0.51659782,obs
2019,Tehran,obs,car,0.522198415,obs
2020,Tehran,obs,car,0.627564808,obs
2021,Tehran,obs,car,0.614889983,obs
2022,Tehran,obs,car,0.570219625,obs
2023,Tehran,obs,car,0.556786146,obs
2012,Tehran,s0,car,0.371273578,sim
2013,Tehran,s0,car,0.3675330289154041,sim
2014,Tehran,s0,car,0.4326651452313217,sim
2015,Tehran,s0,car,0.4146016918383324,sim
2016,Tehran,s0,car,0.4822992952211769,sim
2017,Tehran,s0,car,0.5179627816352428,sim
2018,Tehran,s0,car,0.5358959711767949,sim
2019,Tehran,s0,car,0.5472749481107299,sim
2020,Tehran,s0,car,0.6223295177807698,sim
2021,Tehran,s0,car,0.5963416250821368,sim
2022,Tehran,s0,car,0.5662579643727184,sim
2023,Tehran,s0,car,0.5544833602023279,sim
2024,Tehran,s0,car,0.572152462291515,sim
2025,Tehran,s0,car,0.5639602141508211,sim
2026,Tehran,s0,car,0.5721371702567187,sim
2027,Tehran,s0,car,0.5750198300788467,sim
2028,Tehran,s0,car,0.5741062444355752,sim
2029,Tehran,s0,car,0.5735841863344904,sim
2030,Tehran,s0,car,0.5719353527432628,sim
2012,Tehran,s1,car,0.371273578,sim
2013,Tehran,s1,car,0.3675330289154041,sim
2014,Tehran,s1,car,0.4326651452313217,sim
2015,Tehran,s1,car,0.4146016918383324,sim
2016,Tehran,s1,car,0.4822992952211769,sim
2017,Tehran,s1,car,0.5179627816352428,sim
2018,Tehran,s1,car,0.5358959711767949,sim
2019,Tehran,s1,car,0.5472749481107299,sim
2020,Tehran,s1,car,0.6223295177807698,sim
2021,Tehran,s1,car,0.5963416250821368,sim
2022,Tehran,s1,car,0.5662579643727184,sim
2023,Tehran,s1,car,0.5544833602023279,sim
2024,Tehran,s1,car,0.572152462291515,sim
2025,Tehran,s1,car,0.5639602141508211,sim
2026,Tehran,s1,car,0.5692318208075331,sim
2027,Tehran,s1,car,0.5660832807299752,sim
2028,Tehran,s1,car,0.5692768316342175,sim
2029,Tehran,s1,car,0.5687506162796434,sim
2030,Tehran,s1,car,0.5656283374336135,sim
2012,Tehran,s10,car,0.371273578,sim
2013,Tehran,s10,car,0.3675330289154041,sim
2014,Tehran,s10,car,0.4326651452313217,sim
2015,Tehran,s10,car,0.4146016918383324,sim
2016,Tehran,s10,car,0.4822992952211769,sim
2017,Tehran,s10,car,0.5179627816352428,sim
2018,Tehran,s10,car,0.5358959711767949,sim
2019,Tehran,s10,car,0.5472749481107299,sim
2020,Tehran,s10,car,0.6223295177807698,sim
2021,Tehran,s10,car,0.5963416250821368,sim
2022,Tehran,s10,car,0.5662579643727184,sim
2023,Tehran,s10,car,0.5544833602023279,sim
2024,Tehran,s10,car,0.5570206758892716,sim
2025,Tehran,s10,car,0.5132233787715095,sim
2026,Tehran,s10,car,0.5135491944543663,sim
2027,Tehran,s10,car,0.5158598817561153,sim
2028,Tehran,s10,car,0.5144222265787959,sim
2029,Tehran,s10,car,0.5137950237793705,sim
2030,Tehran,s10,car,0.5107255866807752,sim
2012,Tehran,s11,car,0.371273578,sim
2013,Tehran,s11,car,0.3675330289154041,sim
2014,Tehran,s11,car,0.4326651452313217,sim
2015,Tehran,s11,car,0.4146016918383324,sim
2016,Tehran,s11,car,0.4822992952211769,sim
2017,Tehran,s11,car,0.5179627816352428,sim
2018,Tehran,s11,car,0.5358959711767949,sim
2019,Tehran,s11,car,0.5472749481107299,sim
2020,Tehran,s11,car,0.6223295177807698,sim
2021,Tehran,s11,car,0.5963416250821368,sim
2022,Tehran,s11,car,0.5662579643727184,sim
2023,Tehran,s11,car,0.5544833602023279,sim
2024,Tehran,s11,car,0.5640414704967733,sim
2025,Tehran,s11,car,0.5211928638280529,sim
2026,Tehran,s11,car,0.5143318984285639,sim
2027,Tehran,s11,car,0.5158828406093564,sim
2028,Tehran,s11,car,0.5088994195093905,sim
2029,Tehran,s11,car,0.5067565955563581,sim
2030,Tehran,s11,car,0.5003693447583978,sim
2012,Tehran,s2,car,0.371273578,sim
2013,Tehran,s2,car,0.3675330289154041,sim
2014,Tehran,s2,car,0.4326651452313217,sim
2015,Tehran,s2,car,0.4146016918383324,sim
2016,Tehran,s2,car,0.4822992952211769,sim
2017,Tehran,s2,car,0.5179627816352428,sim
2018,Tehran,s2,car,0.5358959711767949,sim
2019,Tehran,s2,car,0.5472749481107299,sim
2020,Tehran,s2,car,0.6223295177807698,sim
2021,Tehran,s2,car,0.5963416250821368,sim
2022,Tehran,s2,car,0.5662579643727184,sim
2023,Tehran,s2,car,0.5544833602023279,sim
2024,Tehran,s2,car,0.572152462291515,sim
2025,Tehran,s2,car,0.5639602141508211,sim
2026,Tehran,s2,car,0.5654713800464539,sim
2027,Tehran,s2,car,0.567967689813491,sim
2028,Tehran,s2,car,0.5630048179161334,sim
2029,Tehran,s2,car,0.5602343063365156,sim
2030,Tehran,s2,car,0.5537738930598006,sim
2012,Tehran,s3,car,0.371273578,sim
2013,Tehran,s3,car,0.3675330289154041,sim
2014,Tehran,s3,car,0.4326651452313217,sim
2015,Tehran,s3,car,0.4146016918383324,sim
2016,Tehran,s3,car,0.4822992952211769,sim
2017,Tehran,s3,car,0.5179627816352428,sim
2018,Tehran,s3,car,0.5358959711767949,sim
2019,Tehran,s3,car,0.5472749481107299,sim
2020,Tehran,s3,car,0.6223295177807698,sim
2021,Tehran,s3,car,0.5963416250821368,sim
2022,Tehran,s3,car,0.5662579643727184,sim
2023,Tehran,s3,car,0.5544833602023279,sim
2024,Tehran,s3,car,0.572152462291515,sim
2025,Tehran,s3,car,0.5639602141508211,sim
2026,Tehran,s3,car,0.5708987321186189,sim
2027,Tehran,s3,car,0.5737848010442995,sim
2028,Tehran,s3,car,0.5714645647983911,sim
2029,Tehran,s3,car,0.5709412710006433,sim
2030,Tehran,s3,car,0.5676725093489814,sim
2012,Tehran,s4,car,0.371273578,sim
2013,Tehran,s4,car,0.3675330289154041,sim
2014,Tehran,s4,car,0.4326651452313217,sim
2015,Tehran,s4,car,0.4146016918383324,sim
2016,Tehran,s4,car,0.4822992952211769,sim
2017,Tehran,s4,car,0.5179627816352428,sim
2018,Tehran,s4,car,0.5358959711767949,sim
2019,Tehran,s4,car,0.5472749481107299,sim
2020,Tehran,s4,car,0.6223295177807698,sim
2021,Tehran,s4,car,0.5963416250821368,sim
2022,Tehran,s4,car,0.5662579643727184,sim
2023,Tehran,s4,car,0.5544833602023279,sim
2024,Tehran,s4,car,0.5648283242028772,sim
2025,Tehran,s4,car,0.5563404078742904,sim
2026,Tehran,s4,car,0.5647450739263029,sim
2027,Tehran,s4,car,0.5677441721449222,sim
2028,Tehran,s4,car,0.5678061754810925,sim
2029,Tehran,s4,car,0.5672687105056509,sim
2030,Tehran,s4,car,0.5655586678531269,sim
2012,Tehran,s5,car,0.371273578,sim
2013,Tehran,s5,car,0.3675330289154041,sim
2014,Tehran,s5,car,0.4326651452313217,sim
2015,Tehran,s5,car,0.4146016918383324,sim
2016,Tehran,s5,car,0.4822992952211769,sim
2017,Tehran,s5,car,0.5179627816352428,sim
2018,Tehran,s5,car,0.5358959711767949,sim
2019,Tehran,s5,car,0.5472749481107299,sim
2020,Tehran,s5,car,0.6223295177807698,sim
2021,Tehran,s5,car,0.5963416250821368,sim
2022,Tehran,s5,car,0.5662579643727184,sim
2023,Tehran,s5,car,0.5544833602023279,sim
2024,Tehran,s5,car,0.5649083979809294,sim
2025,Tehran,s5,car,0.5224645514784733,sim
2026,Tehran,s5,car,0.5231358844047743,sim
2027,Tehran,s5,car,0.5254076079435558,sim
2028,Tehran,s5,car,0.5231373619333967,sim
2029,Tehran,s5,car,0.5225302290087782,sim
2030,Tehran,s5,car,0.5198568176433137,sim
2012,Tehran,s6,car,0.371273578,sim
2013,Tehran,s6,car,0.3675330289154041,sim
2014,Tehran,s6,car,0.4326651452313217,sim
2015,Tehran,s6,car,0.4146016918383324,sim
2016,Tehran,s6,car,0.4822992952211769,sim
2017,Tehran,s6,car,0.5179627816352428,sim
2018,Tehran,s6,car,0.5358959711767949,sim
2019,Tehran,s6,car,0.5472749481107299,sim
2020,Tehran,s6,car,0.6223295177807698,sim
2021,Tehran,s6,car,0.5963416250821368,sim
2022,Tehran,s6,car,0.5662579643727184,sim
2023,Tehran,s6,car,0.5544833602023279,sim
2024,Tehran,s6,car,0.5706175291853268,sim
2025,Tehran,s6,car,0.5279449768372867,sim
2026,Tehran,s6,car,0.5294566209586634,sim
2027,Tehran,s6,car,0.5322571762003263,sim
2028,Tehran,s6,car,0.5306361938306284,sim
2029,Tehran,s6,car,0.5299100960914161,sim
2030,Tehran,s6,car,0.5274062850027167,sim
2012,Tehran,s7,car,0.371273578,sim
2013,Tehran,s7,car,0.3675330289154041,sim
2014,Tehran,s7,car,0.4326651452313217,sim
2015,Tehran,s7,car,0.4146016918383324,sim
2016,Tehran,s7,car,0.4822992952211769,sim
2017,Tehran,s7,car,0.5179627816352428,sim
2018,Tehran,s7,car,0.5358959711767949,sim
2019,Tehran,s7,car,0.5472749481107299,sim
2020,Tehran,s7,car,0.6223295177807698,sim
2021,Tehran,s7,car,0.5963416250821368,sim
2022,Tehran,s7,car,0.5662579643727184,sim
2023,Tehran,s7,car,0.5544833602023279,sim
2024,Tehran,s7,car,0.572152462291515,sim
2025,Tehran,s7,car,0.5639602141508211,sim
2026,Tehran,s7,car,0.5721371702567187,sim
2027,Tehran,s7,car,0.5750198300788467,sim
2028,Tehran,s7,car,0.5741062444355752,sim
2029,Tehran,s7,car,0.5735841863344904,sim
2030,Tehran,s7,car,0.5719353527432628,sim
2012,Tehran,s8,car,0.371273578,sim
2013,Tehran,s8,car,0.3675330289154041,sim
2014,Tehran,s8,car,0.4326651452313217,sim
2015,Tehran,s8,car,0.4146016918383324,sim
2016,Tehran,s8,car,0.4822992952211769,sim
2017,Tehran,s8,car,0.5179627816352428,sim
2018,Tehran,s8,car,0.5358959711767949,sim
2019,Tehran,s8,car,0.5472749481107299,sim
2020,Tehran,s8,car,0.6223295177807698,sim
2021,Tehran,s8,car,0.5963416250821368,sim
2022,Tehran,s8,car,0.5662579643727184,sim
2023,Tehran,s8,car,0.5544833602023279,sim
2024,Tehran,s8,car,0.5631605432768988,sim
2025,Tehran,s8,car,0.5192215168491338,sim
2026,Tehran,s8,car,0.517207922368776,sim
2027,Tehran,s8,car,0.5201171932922315,sim
2028,Tehran,s8,car,0.5170352733882836,sim
2029,Tehran,s8,car,0.5163089956611566,sim
2030,Tehran,s8,car,0.511648890830073,sim
2012,Tehran,s9,car,0.371273578,sim
2013,Tehran,s9,car,0.3675330289154041,sim
2014,Tehran,s9,car,0.4326651452313217,sim
2015,Tehran,s9,car,0.4146016918383324,sim
2016,Tehran,s9,car,0.4822992952211769,sim
2017,Tehran,s9,car,0.5179627816352428,sim
2018,Tehran,s9,car,0.5358959711767949,sim
2019,Tehran,s9,car,0.5472749481107299,sim
2020,Tehran,s9,car,0.6223295177807698,sim
2021,Tehran,s9,car,0.5963416250821368,sim
2022,Tehran,s9,car,0.5662579643727184,sim
2023,Tehran,s9,car,0.5544833602023279,sim
2024,Tehran,s9,car,0.5610855607313853,sim
2025,Tehran,s9,car,0.5179686646196747,sim
2026,Tehran,s9,car,0.5115207583165975,sim
2027,Tehran,s9,car,0.5134695890836546,sim
2028,Tehran,s9,car,0.5076589138846643,sim
2029,Tehran,s9,car,0.5046742938219035,sim
2030,Tehran,s9,car,0.4965577317566184,sim
2012,Tehran,obs,metro,0.099537152,obs
2013,Tehran,obs,metro,0.102574317,obs
2014,Tehran,obs,metro,0.101659441,obs
2015,Tehran,obs,metro,0.106962563,obs
2016,Tehran,obs,metro,0.105661882,obs
2017,Tehran,obs,metro,0.104394512,obs
2018,Tehran,obs,metro,0.10451401,obs
2019,Tehran,obs,metro,0.105635557,obs
2020,Tehran,obs,metro,0.059053148,obs
2021,Tehran,obs,metro,0.068321109,obs
2022,Tehran,obs,metro,0.090670965,obs
2023,Tehran,obs,metro,0.098670963,obs
2012,Tehran,s0,metro,0.099537152,sim
2013,Tehran,s0,metro,0.1055056525420218,sim
2014,Tehran,s0,metro,0.1035070862510272,sim
2015,Tehran,s0,metro,0.1076207001884287,sim
2016,Tehran,s0,metro,0.1133328141240865,sim
2017,Tehran,s0,metro,0.1126342399279486,sim
2018,Tehran,s0,metro,0.1027479700226251,sim
2019,Tehran,s0,metro,0.096391656729447,sim
2020,Tehran,s0,metro,0.0619129095226186,sim
2021,Tehran,s0,metro,0.0726296848694063,sim
2022,Tehran,s0,metro,0.0913363142378273,sim
2023,Tehran,s0,metro,0.0994787944690957,sim
2024,Tehran,s0,metro,0.085075166149147,sim
2025,Tehran,s0,metro,0.086765800264256,sim
2026,Tehran,s0,metro,0.0865639169250983,sim
2027,Tehran,s0,metro,0.0840205639170794,sim
2028,Tehran,s0,metro,0.0836163862487671,sim
2029,Tehran,s0,metro,0.0840339103788972,sim
2030,Tehran,s0,metro,0.0859480575141135,sim
2012,Tehran,s1,metro,0.099537152,sim
2013,Tehran,s1,metro,0.1055056525420218,sim
2014,Tehran,s1,metro,0.1035070862510272,sim
2015,Tehran,s1,metro,0.1076207001884287,sim
2016,Tehran,s1,metro,0.1133328141240865,sim
2017,Tehran,s1,metro,0.1126342399279486,sim
2018,Tehran,s1,metro,0.1027479700226251,sim
2019,Tehran,s1,metro,0.096391656729447,sim
2020,Tehran,s1,metro,0.0619129095226186,sim
2021,Tehran,s1,metro,0.0726296848694063,sim
2022,Tehran,s1,metro,0.0913363142378273,sim
2023,Tehran,s1,metro,0.0994787944690957,sim
2024,Tehran,s1,metro,0.085075166149147,sim
2025,Tehran,s1,metro,0.086765800264256,sim
2026,Tehran,s1,metro,0.0876936540243213,sim
2027,Tehran,s1,metro,0.0849650795948733,sim
2028,Tehran,s1,metro,0.0854455760046643,sim
2029,Tehran,s1,metro,0.0858710646193147,sim
2030,Tehran,s1,metro,0.0883918283108864,sim
2012,Tehran,s10,metro,0.099537152,sim
2013,Tehran,s10,metro,0.1055056525420218,sim
2014,Tehran,s10,metro,0.1035070862510272,sim
2015,Tehran,s10,metro,0.1076207001884287,sim
2016,Tehran,s10,metro,0.1133328141240865,sim
2017,Tehran,s10,metro,0.1126342399279486,sim
2018,Tehran,s10,metro,0.1027479700226251,sim
2019,Tehran,s10,metro,0.096391656729447,sim
2020,Tehran,s10,metro,0.0619129095226186,sim
2021,Tehran,s10,metro,0.0726296848694063,sim
2022,Tehran,s10,metro,0.0913363142378273,sim
2023,Tehran,s10,metro,0.0994787944690957,sim
2024,Tehran,s10,metro,0.1023128608687547,sim
2025,Tehran,s10,metro,0.1152620155477784,sim
2026,Tehran,s10,metro,0.115815212786501,sim
2027,Tehran,s10,metro,0.1130936198820899,sim
2028,Tehran,s10,metro,0.1118635371797137,sim
2029,Tehran,s10,metro,0.1125697435866376,sim
2030,Tehran,s10,metro,0.1153671789987716,sim
2012,Tehran,s11,metro,0.099537152,sim
2013,Tehran,s11,metro,0.1055056525420218,sim
2014,Tehran,s11,metro,0.1035070862510272,sim
2015,Tehran,s11,metro,0.1076207001884287,sim
2016,Tehran,s11,metro,0.1133328141240865,sim
2017,Tehran,s11,metro,0.1126342399279486,sim
2018,Tehran,s11,metro,0.1027479700226251,sim
2019,Tehran,s11,metro,0.096391656729447,sim
2020,Tehran,s11,metro,0.0619129095226186,sim
2021,Tehran,s11,metro,0.0726296848694063,sim
2022,Tehran,s11,metro,0.0913363142378273,sim
2023,Tehran,s11,metro,0.0994787944690957,sim
2024,Tehran,s11,metro,0.0938286808058765,sim
2025,Tehran,s11,metro,0.1059966271315805,sim
2026,Tehran,s11,metro,0.1090995432415614,sim
2027,Tehran,s11,metro,0.1057528662082627,sim
2028,Tehran,s11,metro,0.1083749882623014,sim
2029,Tehran,s11,metro,0.1096136281122118,sim
2030,Tehran,s11,metro,0.1134323060652823,sim
2012,Tehran,s2,metro,0.099537152,sim
2013,Tehran,s2,metro,0.1055056525420218,sim
2014,Tehran,s2,metro,0.1035070862510272,sim
2015,Tehran,s2,metro,0.1076207001884287,sim
2016,Tehran,s2,metro,0.1133328141240865,sim
2017,Tehran,s2,metro,0.1126342399279486,sim
2018,Tehran,s2,metro,0.1027479700226251,sim
2019,Tehran,s2,metro,0.096391656729447,sim
2020,Tehran,s2,metro,0.0619129095226186,sim
2021,Tehran,s2,metro,0.0726296848694063,sim
2022,Tehran,s2,metro,0.0913363142378273,sim
2023,Tehran,s2,metro,0.0994787944690957,sim
2024,Tehran,s2,metro,0.085075166149147,sim
2025,Tehran,s2,metro,0.086765800264256,sim
2026,Tehran,s2,metro,0.0887968684160851,sim
2027,Tehran,s2,metro,0.0857430807298171,sim
2028,Tehran,s2,metro,0.0872414212058687,sim
2029,Tehran,s2,metro,0.0884145455723234,sim
2030,Tehran,s2,metro,0.0906351279654538,sim
2012,Tehran,s3,metro,0.099537152,sim
2013,Tehran,s3,metro,0.1055056525420218,sim
2014,Tehran,s3,metro,0.1035070862510272,sim
2015,Tehran,s3,metro,0.1076207001884287,sim
2016,Tehran,s3,metro,0.1133328141240865,sim
2017,Tehran,s3,metro,0.1126342399279486,sim
2018,Tehran,s3,metro,0.1027479700226251,sim
2019,Tehran,s3,metro,0.096391656729447,sim
2020,Tehran,s3,metro,0.0619129095226186,sim
2021,Tehran,s3,metro,0.0726296848694063,sim
2022,Tehran,s3,metro,0.0913363142378273,sim
2023,Tehran,s3,metro,0.0994787944690957,sim
2024,Tehran,s3,metro,0.085075166149147,sim
2025,Tehran,s3,metro,0.086765800264256,sim
2026,Tehran,s3,metro,0.0868702888445095,sim
2027,Tehran,s3,metro,0.0843192349108157,sim
2028,Tehran,s3,metro,0.0842510969085214,sim
2029,Tehran,s3,metro,0.0846712937777249,sim
2030,Tehran,s3,metro,0.0869961544642164,sim
2012,Tehran,s4,metro,0.099537152,sim
2013,Tehran,s4,metro,0.1055056525420218,sim
2014,Tehran,s4,metro,0.1035070862510272,sim
2015,Tehran,s4,metro,0.1076207001884287,sim
2016,Tehran,s4,metro,0.1133328141240865,sim
2017,Tehran,s4,metro,0.1126342399279486,sim
2018,Tehran,s4,metro,0.1027479700226251,sim
2019,Tehran,s4,metro,0.096391656729447,sim
2020,Tehran,s4,metro,0.0619129095226186,sim
2021,Tehran,s4,metro,0.0726296848694063,sim
2022,Tehran,s4,metro,0.0913363142378273,sim
2023,Tehran,s4,metro,0.0994787944690957,sim
2024,Tehran,s4,metro,0.0927264628720986,sim
2025,Tehran,s4,metro,0.0945034695942587,sim
2026,Tehran,s4,metro,0.0943394035124407,sim
2027,Tehran,s4,metro,0.0915895200867247,sim
2028,Tehran,s4,metro,0.0900211446863268,sim
2029,Tehran,s4,metro,0.0904676935414426,sim
2030,Tehran,s4,metro,0.092517274443643,sim
2012,Tehran,s5,metro,0.099537152,sim
2013,Tehran,s5,metro,0.1055056525420218,sim
2014,Tehran,s5,metro,0.1035070862510272,sim
2015,Tehran,s5,metro,0.1076207001884287,sim
2016,Tehran,s5,metro,0.1133328141240865,sim
2017,Tehran,s5,metro,0.1126342399279486,sim
2018,Tehran,s5,metro,0.1027479700226251,sim
2019,Tehran,s5,metro,0.096391656729447,sim
2020,Tehran,s5,metro,0.0619129095226186,sim
2021,Tehran,s5,metro,0.0726296848694063,sim
2022,Tehran,s5,metro,0.0913363142378273,sim
2023,Tehran,s5,metro,0.0994787944690957,sim
2024,Tehran,s5,metro,0.0939716188609827,sim
2025,Tehran,s5,metro,0.106253318403223,sim
2026,Tehran,s5,metro,0.1066867896643321,sim
2027,Tehran,s5,metro,0.1041653984501168,sim
2028,Tehran,s5,metro,0.1041960117828509,sim
2029,Tehran,s5,metro,0.104859495522246,sim
2030,Tehran,s5,metro,0.1074005084355061,sim
2012,Tehran,s6,metro,0.099537152,sim
2013,Tehran,s6,metro,0.1055056525420218,sim
2014,Tehran,s6,metro,0.1035070862510272,sim
2015,Tehran,s6,metro,0.1076207001884287,sim
2016,Tehran,s6,metro,0.1133328141240865,sim
2017,Tehran,s6,metro,0.1126342399279486,sim
2018,Tehran,s6,metro,0.1027479700226251,sim
2019,Tehran,s6,metro,0.096391656729447,sim
2020,Tehran,s6,metro,0.0619129095226186,sim
2021,Tehran,s6,metro,0.0726296848694063,sim
2022,Tehran,s6,metro,0.0913363142378273,sim
2023,Tehran,s6,metro,0.0994787944690957,sim
2024,Tehran,s6,metro,0.0848492062322275,sim
2025,Tehran,s6,metro,0.0910773858380115,sim
2026,Tehran,s6,metro,0.0908659840075835,sim
2027,Tehran,s6,metro,0.088115349152343,sim
2028,Tehran,s6,metro,0.0876172935022698,sim
2029,Tehran,s6,metro,0.0880710090651325,sim
2030,Tehran,s6,metro,0.0901523368645508,sim
2012,Tehran,s7,metro,0.099537152,sim
2013,Tehran,s7,metro,0.1055056525420218,sim
2014,Tehran,s7,metro,0.1035070862510272,sim
2015,Tehran,s7,metro,0.1076207001884287,sim
2016,Tehran,s7,metro,0.1133328141240865,sim
2017,Tehran,s7,metro,0.1126342399279486,sim
2018,Tehran,s7,metro,0.1027479700226251,sim
2019,Tehran,s7,metro,0.096391656729447,sim
2020,Tehran,s7,metro,0.0619129095226186,sim
2021,Tehran,s7,metro,0.0726296848694063,sim
2022,Tehran,s7,metro,0.0913363142378273,sim
2023,Tehran,s7,metro,0.0994787944690957,sim
2024,Tehran,s7,metro,0.085075166149147,sim
2025,Tehran,s7,metro,0.086765800264256,sim
2026,Tehran,s7,metro,0.0865639169250983,sim
2027,Tehran,s7,metro,0.0840205639170794,sim
2028,Tehran,s7,metro,0.0836163862487671,sim
2029,Tehran,s7,metro,0.0840339103788972,sim
2030,Tehran,s7,metro,0.0859480575141135,sim
2012,Tehran,s8,metro,0.099537152,sim
2013,Tehran,s8,metro,0.1055056525420218,sim
2014,Tehran,s8,metro,0.1035070862510272,sim
2015,Tehran,s8,metro,0.1076207001884287,sim
2016,Tehran,s8,metro,0.1133328141240865,sim
2017,Tehran,s8,metro,0.1126342399279486,sim
2018,Tehran,s8,metro,0.1027479700226251,sim
2019,Tehran,s8,metro,0.096391656729447,sim
2020,Tehran,s8,metro,0.0619129095226186,sim
2021,Tehran,s8,metro,0.0726296848694063,sim
2022,Tehran,s8,metro,0.0913363142378273,sim
2023,Tehran,s8,metro,0.0994787944690957,sim
2024,Tehran,s8,metro,0.0924551250068217,sim
2025,Tehran,s8,metro,0.0989034002880295,sim
2026,Tehran,s8,metro,0.1000182248686965,sim
2027,Tehran,s8,metro,0.0970195919922647,sim
2028,Tehran,s8,metro,0.0962117045002434,sim
2029,Tehran,s8,metro,0.0967069392567998,sim
2030,Tehran,s8,metro,0.0997041859753046,sim
2012,Tehran,s9,metro,0.099537152,sim
2013,Tehran,s9,metro,0.1055056525420218,sim
2014,Tehran,s9,metro,0.1035070862510272,sim
2015,Tehran,s9,metro,0.1076207001884287,sim
2016,Tehran,s9,metro,0.1133328141240865,sim
2017,Tehran,s9,metro,0.1126342399279486,sim
2018,Tehran,s9,metro,0.1027479700226251,sim
2019,Tehran,s9,metro,0.096391656729447,sim
2020,Tehran,s9,metro,0.0619129095226186,sim
2021,Tehran,s9,metro,0.0726296848694063,sim
2022,Tehran,s9,metro,0.0913363142378273,sim
2023,Tehran,s9,metro,0.0994787944690957,sim
2024,Tehran,s9,metro,0.0979790263213754,sim
2025,Tehran,s9,metro,0.1105864028709667,sim
2026,Tehran,s9,metro,0.1135522523824327,sim
2027,Tehran,s9,metro,0.1098273022193377,sim
2028,Tehran,s9,metro,0.111512682056717,sim
2029,Tehran,s9,metro,0.1130891748412163,sim
2030,Tehran,s9,metro,0.1165357456321566,sim
2012,Tehran,obs,motorcycle,0.060717663,obs
2013,Tehran,obs,motorcycle,0.060747896,obs
2014,Tehran,obs,motorcycle,0.040863109,obs
2015,Tehran,obs,motorcycle,0.062977958,obs
2016,Tehran,obs,motorcycle,0.064792663,obs
2017,Tehran,obs,motorcycle,0.064625174,obs
2018,Tehran,obs,motorcycle,0.070671378,obs
2019,Tehran,obs,motorcycle,0.075738701,obs
2020,Tehran,obs,motorcycle,0.069062156,obs
2021,Tehran,obs,motorcycle,0.069325831,obs
2022,Tehran,obs,motorcycle,0.071529317,obs
2023,Tehran,obs,motorcycle,0.072492952,obs
2012,Tehran,s0,motorcycle,0.060717663,sim
2013,Tehran,s0,motorcycle,0.0586057833129239,sim
2014,Tehran,s0,motorcycle,0.04589568366527,sim
2015,Tehran,s0,motorcycle,0.0649776339944612,sim
2016,Tehran,s0,motorcycle,0.0673716405780594,sim
2017,Tehran,s0,motorcycle,0.066843040311698,sim
2018,Tehran,s0,motorcycle,0.0712348795885825,sim
2019,Tehran,s0,motorcycle,0.0787060057447605,sim
2020,Tehran,s0,motorcycle,0.0711396142566683,sim
2021,Tehran,s0,motorcycle,0.0711036440014167,sim
2022,Tehran,s0,motorcycle,0.073840223923916,sim
2023,Tehran,s0,motorcycle,0.0747759687485122,sim
2024,Tehran,s0,motorcycle,0.0832053387487339,sim
2025,Tehran,s0,motorcycle,0.0811479475568975,sim
2026,Tehran,s0,motorcycle,0.080952626548263,sim
2027,Tehran,s0,motorcycle,0.0804959668846338,sim
2028,Tehran,s0,motorcycle,0.0806005272849561,sim
2029,Tehran,s0,motorcycle,0.0806133318260416,sim
2030,Tehran,s0,motorcycle,0.0806529024400252,sim
2012,Tehran,s1,motorcycle,0.060717663,sim
2013,Tehran,s1,motorcycle,0.0586057833129239,sim
2014,Tehran,s1,motorcycle,0.04589568366527,sim
2015,Tehran,s1,motorcycle,0.0649776339944612,sim
2016,Tehran,s1,motorcycle,0.0673716405780594,sim
2017,Tehran,s1,motorcycle,0.066843040311698,sim
2018,Tehran,s1,motorcycle,0.0712348795885825,sim
2019,Tehran,s1,motorcycle,0.0787060057447605,sim
2020,Tehran,s1,motorcycle,0.0711396142566683,sim
2021,Tehran,s1,motorcycle,0.0711036440014167,sim
2022,Tehran,s1,motorcycle,0.073840223923916,sim
2023,Tehran,s1,motorcycle,0.0747759687485122,sim
2024,Tehran,s1,motorcycle,0.0832053387487339,sim
2025,Tehran,s1,motorcycle,0.0811479475568975,sim
2026,Tehran,s1,motorcycle,0.081114956333473,sim
2027,Tehran,s1,motorcycle,0.0805137653908035,sim
2028,Tehran,s1,motorcycle,0.0808730599099633,sim
2029,Tehran,s1,motorcycle,0.0808847042843589,sim
2030,Tehran,s1,motorcycle,0.0809990400691994,sim
2012,Tehran,s10,motorcycle,0.060717663,sim
2013,Tehran,s10,motorcycle,0.0586057833129239,sim
2014,Tehran,s10,motorcycle,0.04589568366527,sim
2015,Tehran,s10,motorcycle,0.0649776339944612,sim
2016,Tehran,s10,motorcycle,0.0673716405780594,sim
2017,Tehran,s10,motorcycle,0.066843040311698,sim
2018,Tehran,s10,motorcycle,0.0712348795885825,sim
2019,Tehran,s10,motorcycle,0.0787060057447605,sim
2020,Tehran,s10,motorcycle,0.0711396142566683,sim
2021,Tehran,s10,motorcycle,0.0711036440014167,sim
2022,Tehran,s10,motorcycle,0.073840223923916,sim
2023,Tehran,s10,motorcycle,0.0747759687485122,sim
2024,Tehran,s10,motorcycle,0.081027302290614,sim
2025,Tehran,s10,motorcycle,0.0762549389993966,sim
2026,Tehran,s10,motorcycle,0.0760610628966892,sim
2027,Tehran,s10,motorcycle,0.0756031970237807,sim
2028,Tehran,s10,motorcycle,0.0757530425332228,sim
2029,Tehran,s10,motorcycle,0.0757351873455639,sim
2030,Tehran,s10,motorcycle,0.0758654768548785,sim
2012,Tehran,s11,motorcycle,0.060717663,sim
2013,Tehran,s11,motorcycle,0.0586057833129239,sim
2014,Tehran,s11,motorcycle,0.04589568366527,sim
2015,Tehran,s11,motorcycle,0.0649776339944612,sim
2016,Tehran,s11,motorcycle,0.0673716405780594,sim
2017,Tehran,s11,motorcycle,0.066843040311698,sim
2018,Tehran,s11,motorcycle,0.0712348795885825,sim
2019,Tehran,s11,motorcycle,0.0787060057447605,sim
2020,Tehran,s11,motorcycle,0.0711396142566683,sim
2021,Tehran,s11,motorcycle,0.0711036440014167,sim
2022,Tehran,s11,motorcycle,0.073840223923916,sim
2023,Tehran,s11,motorcycle,0.0747759687485122,sim
2024,Tehran,s11,motorcycle,0.0820378602124363,sim
2025,Tehran,s11,motorcycle,0.0774258805936639,sim
2026,Tehran,s11,motorcycle,0.0785427217302121,sim
2027,Tehran,s11,motorcycle,0.0779556309141938,sim
2028,Tehran,s11,motorcycle,0.0789388410100161,sim
2029,Tehran,s11,motorcycle,0.079320189171493,sim
2030,Tehran,s11,motorcycle,0.0799537080279212,sim
2012,Tehran,s2,motorcycle,0.060717663,sim
2013,Tehran,s2,motorcycle,0.0586057833129239,sim
2014,Tehran,s2,motorcycle,0.04589568366527,sim
2015,Tehran,s2,motorcycle,0.0649776339944612,sim
2016,Tehran,s2,motorcycle,0.0673716405780594,sim
2017,Tehran,s2,motorcycle,0.066843040311698,sim
2018,Tehran,s2,motorcycle,0.0712348795885825,sim
2019,Tehran,s2,motorcycle,0.0787060057447605,sim
2020,Tehran,s2,motorcycle,0.0711396142566683,sim
2021,Tehran,s2,motorcycle,0.0711036440014167,sim
2022,Tehran,s2,motorcycle,0.073840223923916,sim
2023,Tehran,s2,motorcycle,0.0747759687485122,sim
2024,Tehran,s2,motorcycle,0.0832053387487339,sim
2025,Tehran,s2,motorcycle,0.0811479475568975,sim
2026,Tehran,s2,motorcycle,0.0830391510599621,sim
2027,Tehran,s2,motorcycle,0.0825198587218374,sim
2028,Tehran,s2,motorcycle,0.0840932421844925,sim
2029,Tehran,s2,motorcycle,0.0848135198925442,sim
2030,Tehran,s2,motorcycle,0.0852002096185581,sim
2012,Tehran,s3,motorcycle,0.060717663,sim
2013,Tehran,s3,motorcycle,0.0586057833129239,sim
2014,Tehran,s3,motorcycle,0.04589568366527,sim
2015,Tehran,s3,motorcycle,0.0649776339944612,sim
2016,Tehran,s3,motorcycle,0.0673716405780594,sim
2017,Tehran,s3,motorcycle,0.066843040311698,sim
2018,Tehran,s3,motorcycle,0.0712348795885825,sim
2019,Tehran,s3,motorcycle,0.0787060057447605,sim
2020,Tehran,s3,motorcycle,0.0711396142566683,sim
2021,Tehran,s3,motorcycle,0.0711036440014167,sim
2022,Tehran,s3,motorcycle,0.073840223923916,sim
2023,Tehran,s3,motorcycle,0.0747759687485122,sim
2024,Tehran,s3,motorcycle,0.0832053387487339,sim
2025,Tehran,s3,motorcycle,0.0811479475568975,sim
2026,Tehran,s3,motorcycle,0.0812389079664345,sim
2027,Tehran,s3,motorcycle,0.0807819588597253,sim
2028,Tehran,s3,motorcycle,0.0812120699057729,sim
2029,Tehran,s3,motorcycle,0.0812244601276086,sim
2030,Tehran,s3,motorcycle,0.0816356718662448,sim
2012,Tehran,s4,motorcycle,0.060717663,sim
2013,Tehran,s4,motorcycle,0.0586057833129239,sim
2014,Tehran,s4,motorcycle,0.04589568366527,sim
2015,Tehran,s4,motorcycle,0.0649776339944612,sim
2016,Tehran,s4,motorcycle,0.0673716405780594,sim
2017,Tehran,s4,motorcycle,0.066843040311698,sim
2018,Tehran,s4,motorcycle,0.0712348795885825,sim
2019,Tehran,s4,motorcycle,0.0787060057447605,sim
2020,Tehran,s4,motorcycle,0.0711396142566683,sim
2021,Tehran,s4,motorcycle,0.0711036440014167,sim
2022,Tehran,s4,motorcycle,0.073840223923916,sim
2023,Tehran,s4,motorcycle,0.0747759687485122,sim
2024,Tehran,s4,motorcycle,0.0821511182253069,sim
2025,Tehran,s4,motorcycle,0.0800630559533219,sim
2026,Tehran,s4,motorcycle,0.079917751803754,sim
2027,Tehran,s4,motorcycle,0.079488296390528,sim
2028,Tehran,s4,motorcycle,0.0797254344530419,sim
2029,Tehran,s4,motorcycle,0.0797351579015124,sim
2030,Tehran,s4,motorcycle,0.0797632146975632,sim
2012,Tehran,s5,motorcycle,0.060717663,sim
2013,Tehran,s5,motorcycle,0.0586057833129239,sim
2014,Tehran,s5,motorcycle,0.04589568366527,sim
2015,Tehran,s5,motorcycle,0.0649776339944612,sim
2016,Tehran,s5,motorcycle,0.0673716405780594,sim
2017,Tehran,s5,motorcycle,0.066843040311698,sim
2018,Tehran,s5,motorcycle,0.0712348795885825,sim
2019,Tehran,s5,motorcycle,0.0787060057447605,sim
2020,Tehran,s5,motorcycle,0.0711396142566683,sim
2021,Tehran,s5,motorcycle,0.0711036440014167,sim
2022,Tehran,s5,motorcycle,0.073840223923916,sim
2023,Tehran,s5,motorcycle,0.0747759687485122,sim
2024,Tehran,s5,motorcycle,0.0821626438709446,sim
2025,Tehran,s5,motorcycle,0.0776127272913148,sim
2026,Tehran,s5,motorcycle,0.0773603595515886,sim
2027,Tehran,s5,motorcycle,0.0768826760063891,sim
2028,Tehran,s5,motorcycle,0.0768107017356495,sim
2029,Tehran,s5,motorcycle,0.0767970584162103,sim
2030,Tehran,s5,motorcycle,0.0768841879411524,sim
2012,Tehran,s6,motorcycle,0.060717663,sim
2013,Tehran,s6,motorcycle,0.0586057833129239,sim
2014,Tehran,s6,motorcycle,0.04589568366527,sim
2015,Tehran,s6,motorcycle,0.0649776339944612,sim
2016,Tehran,s6,motorcycle,0.0673716405780594,sim
2017,Tehran,s6,motorcycle,0.066843040311698,sim
2018,Tehran,s6,motorcycle,0.0712348795885825,sim
2019,Tehran,s6,motorcycle,0.0787060057447605,sim
2020,Tehran,s6,motorcycle,0.0711396142566683,sim
2021,Tehran,s6,motorcycle,0.0711036440014167,sim
2022,Tehran,s6,motorcycle,0.073840223923916,sim
2023,Tehran,s6,motorcycle,0.0747759687485122,sim
2024,Tehran,s6,motorcycle,0.0829844038123567,sim
2025,Tehran,s6,motorcycle,0.0781392465866041,sim
2026,Tehran,s6,motorcycle,0.0780009065520098,sim
2027,Tehran,s6,motorcycle,0.0775823136366797,sim
2028,Tehran,s6,motorcycle,0.0776177927704942,sim
2029,Tehran,s6,motorcycle,0.0776456253694974,sim
2030,Tehran,s6,motorcycle,0.0777471168318726,sim
2012,Tehran,s7,motorcycle,0.060717663,sim
2013,Tehran,s7,motorcycle,0.0586057833129239,sim
2014,Tehran,s7,motorcycle,0.04589568366527,sim
2015,Tehran,s7,motorcycle,0.0649776339944612,sim
2016,Tehran,s7,motorcycle,0.0673716405780594,sim
2017,Tehran,s7,motorcycle,0.066843040311698,sim
2018,Tehran,s7,motorcycle,0.0712348795885825,sim
2019,Tehran,s7,motorcycle,0.0787060057447605,sim
2020,Tehran,s7,motorcycle,0.0711396142566683,sim
2021,Tehran,s7,motorcycle,0.0711036440014167,sim
2022,Tehran,s7,motorcycle,0.073840223923916,sim
2023,Tehran,s7,motorcycle,0.0747759687485122,sim
2024,Tehran,s7,motorcycle,0.0832053387487339,sim
2025,Tehran,s7,motorcycle,0.0811479475568975,sim
2026,Tehran,s7,motorcycle,0.080952626548263,sim
2027,Tehran,s7,motorcycle,0.0804959668846338,sim
2028,Tehran,s7,motorcycle,0.0806005272849561,sim
2029,Tehran,s7,motorcycle,0.0806133318260416,sim
2030,Tehran,s7,motorcycle,0.0806529024400252,sim
2012,Tehran,s8,motorcycle,0.060717663,sim
2013,Tehran,s8,motorcycle,0.0586057833129239,sim
2014,Tehran,s8,motorcycle,0.04589568366527,sim
2015,Tehran,s8,motorcycle,0.0649776339944612,sim
2016,Tehran,s8,motorcycle,0.0673716405780594,sim
2017,Tehran,s8,motorcycle,0.066843040311698,sim
2018,Tehran,s8,motorcycle,0.0712348795885825,sim
2019,Tehran,s8,motorcycle,0.0787060057447605,sim
2020,Tehran,s8,motorcycle,0.0711396142566683,sim
2021,Tehran,s8,motorcycle,0.0711036440014167,sim
2022,Tehran,s8,motorcycle,0.073840223923916,sim
2023,Tehran,s8,motorcycle,0.0747759687485122,sim
2024,Tehran,s8,motorcycle,0.0819110614623857,sim
2025,Tehran,s8,motorcycle,0.0768621387815409,sim
2026,Tehran,s8,motorcycle,0.0769219917914264,sim
2027,Tehran,s8,motorcycle,0.0765345290427121,sim
2028,Tehran,s8,motorcycle,0.0768859435997274,sim
2029,Tehran,s8,motorcycle,0.0769107369316574,sim
2030,Tehran,s8,motorcycle,0.0771382859841989,sim
2012,Tehran,s9,motorcycle,0.060717663,sim
2013,Tehran,s9,motorcycle,0.0586057833129239,sim
2014,Tehran,s9,motorcycle,0.04589568366527,sim
2015,Tehran,s9,motorcycle,0.0649776339944612,sim
2016,Tehran,s9,motorcycle,0.0673716405780594,sim
2017,Tehran,s9,motorcycle,0.066843040311698,sim
2018,Tehran,s9,motorcycle,0.0712348795885825,sim
2019,Tehran,s9,motorcycle,0.0787060057447605,sim
2020,Tehran,s9,motorcycle,0.0711396142566683,sim
2021,Tehran,s9,motorcycle,0.0711036440014167,sim
2022,Tehran,s9,motorcycle,0.073840223923916,sim
2023,Tehran,s9,motorcycle,0.0747759687485122,sim
2024,Tehran,s9,motorcycle,0.0816123929830698,sim
2025,Tehran,s9,motorcycle,0.0769521550098266,sim
2026,Tehran,s9,motorcycle,0.0786645763666433,sim
2027,Tehran,s9,motorcycle,0.0781377362962785,sim
2028,Tehran,s9,motorcycle,0.0796176059923706,sim
2029,Tehran,s9,motorcycle,0.0802154681126318,sim
2030,Tehran,s9,motorcycle,0.0806028779206864,sim
2012,Tehran,obs,other,0.0474294529999999,obs
2013,Tehran,obs,other,0.045959269,obs
2014,Tehran,obs,other,0.045198584,obs
2015,Tehran,obs,other,0.047333433,obs
2016,Tehran,obs,other,0.049043062,obs
2017,Tehran,obs,other,0.049512826,obs
2018,Tehran,obs,other,0.048424825,obs
2019,Tehran,obs,other,0.048283422,obs
2020,Tehran,obs,other,0.032128916,obs
2021,Tehran,obs,other,0.0324525259999999,obs
2022,Tehran,obs,other,0.032843038,obs
2023,Tehran,obs,other,0.034434152,obs
2012,Tehran,s0,other,0.0474294529999999,sim
2013,Tehran,s0,other,0.0451473916842857,sim
2014,Tehran,s0,other,0.0433239619062993,sim
2015,Tehran,s0,other,0.043856716321542,sim
2016,Tehran,s0,other,0.0444003731384054,sim
2017,Tehran,s0,other,0.0451841584153564,sim
2018,Tehran,s0,other,0.0435332149628158,sim
2019,Tehran,s0,other,0.0400669524671372,sim
2020,Tehran,s0,other,0.0322698810240834,sim
2021,Tehran,s0,other,0.0324541895465672,sim
2022,Tehran,s0,other,0.0328685282498775,sim
2023,Tehran,s0,other,0.0342350753979552,sim
2024,Tehran,s0,other,0.0320544678691583,sim
2025,Tehran,s0,other,0.0343127839654354,sim
2026,Tehran,s0,other,0.0319507038770566,sim
2027,Tehran,s0,other,0.0319842109204384,sim
2028,Tehran,s0,other,0.0320673378189492,sim
2029,Tehran,s0,other,0.0321364524039813,sim
2030,Tehran,s0,other,0.0320121106906471,sim
2012,Tehran,s1,other,0.0474294529999999,sim
2013,Tehran,s1,other,0.0451473916842857,sim
2014,Tehran,s1,other,0.0433239619062993,sim
2015,Tehran,s1,other,0.043856716321542,sim
2016,Tehran,s1,other,0.0444003731384054,sim
2017,Tehran,s1,other,0.0451841584153564,sim
2018,Tehran,s1,other,0.0435332149628158,sim
2019,Tehran,s1,other,0.0400669524671372,sim
2020,Tehran,s1,other,0.0322698810240834,sim
2021,Tehran,s1,other,0.0324541895465672,sim
2022,Tehran,s1,other,0.0328685282498775,sim
2023,Tehran,s1,other,0.0342350753979552,sim
2024,Tehran,s1,other,0.0320544678691583,sim
2025,Tehran,s1,other,0.0343127839654354,sim
2026,Tehran,s1,other,0.0322436971033837,sim
2027,Tehran,s1,other,0.0344025733134239,sim
2028,Tehran,s1,other,0.032560226876738,sim
2029,Tehran,s1,other,0.0326299609935313,sim
2030,Tehran,s1,other,0.0326498530625322,sim
2012,Tehran,s10,other,0.0474294529999999,sim
2013,Tehran,s10,other,0.0451473916842857,sim
2014,Tehran,s10,other,0.0433239619062993,sim
2015,Tehran,s10,other,0.043856716321542,sim
2016,Tehran,s10,other,0.0444003731384054,sim
2017,Tehran,s10,other,0.0451841584153564,sim
2018,Tehran,s10,other,0.0435332149628158,sim
2019,Tehran,s10,other,0.0400669524671372,sim
2020,Tehran,s10,other,0.0322698810240834,sim
2021,Tehran,s10,other,0.0324541895465672,sim
2022,Tehran,s10,other,0.0328685282498775,sim
2023,Tehran,s10,other,0.0342350753979552,sim
2024,Tehran,s10,other,0.0312315791537987,sim
2025,Tehran,s10,other,0.0350418825369457,sim
2026,Tehran,s10,other,0.0348112408595203,sim
2027,Tehran,s10,other,0.0347943254354725,sim
2028,Tehran,s10,other,0.0350020103860822,sim
2029,Tehran,s10,other,0.0350126925182466,sim
2030,Tehran,s10,other,0.0349882324390006,sim
2012,Tehran,s11,other,0.0474294529999999,sim
2013,Tehran,s11,other,0.0451473916842857,sim
2014,Tehran,s11,other,0.0433239619062993,sim
2015,Tehran,s11,other,0.043856716321542,sim
2016,Tehran,s11,other,0.0444003731384054,sim
2017,Tehran,s11,other,0.0451841584153564,sim
2018,Tehran,s11,other,0.0435332149628158,sim
2019,Tehran,s11,other,0.0400669524671372,sim
2020,Tehran,s11,other,0.0322698810240834,sim
2021,Tehran,s11,other,0.0324541895465672,sim
2022,Tehran,s11,other,0.0328685282498775,sim
2023,Tehran,s11,other,0.0342350753979552,sim
2024,Tehran,s11,other,0.0316133802512893,sim
2025,Tehran,s11,other,0.0355716136224648,sim
2026,Tehran,s11,other,0.0360974723834355,sim
2027,Tehran,s11,other,0.0361726371495381,sim
2028,Tehran,s11,other,0.0367363156669405,sim
2029,Tehran,s11,other,0.0369310511314712,sim
2030,Tehran,s11,other,0.0374332335986723,sim
2012,Tehran,s2,other,0.0474294529999999,sim
2013,Tehran,s2,other,0.0451473916842857,sim
2014,Tehran,s2,other,0.0433239619062993,sim
2015,Tehran,s2,other,0.043856716321542,sim
2016,Tehran,s2,other,0.0444003731384054,sim
2017,Tehran,s2,other,0.0451841584153564,sim
2018,Tehran,s2,other,0.0435332149628158,sim
2019,Tehran,s2,other,0.0400669524671372,sim
2020,Tehran,s2,other,0.0322698810240834,sim
2021,Tehran,s2,other,0.0324541895465672,sim
2022,Tehran,s2,other,0.0328685282498775,sim
2023,Tehran,s2,other,0.0342350753979552,sim
2024,Tehran,s2,other,0.0320544678691583,sim
2025,Tehran,s2,other,0.0343127839654354,sim
2026,Tehran,s2,other,0.0327585200998997,sim
2027,Tehran,s2,other,0.0328702181056352,sim
2028,Tehran,s2,other,0.0334306711721244,sim
2029,Tehran,s2,other,0.0337793205672081,sim
2030,Tehran,s2,other,0.0338595955764985,sim
2012,Tehran,s3,other,0.0474294529999999,sim
2013,Tehran,s3,other,0.0451473916842857,sim
2014,Tehran,s3,other,0.0433239619062993,sim
2015,Tehran,s3,other,0.043856716321542,sim
2016,Tehran,s3,other,0.0444003731384054,sim
2017,Tehran,s3,other,0.0451841584153564,sim
2018,Tehran,s3,other,0.0435332149628158,sim
2019,Tehran,s3,other,0.0400669524671372,sim
2020,Tehran,s3,other,0.0322698810240834,sim
2021,Tehran,s3,other,0.0324541895465672,sim
2022,Tehran,s3,other,0.0328685282498775,sim
2023,Tehran,s3,other,0.0342350753979552,sim
2024,Tehran,s3,other,0.0320544678691583,sim
2025,Tehran,s3,other,0.0343127839654354,sim
2026,Tehran,s3,other,0.0320615402332081,sim
2027,Tehran,s3,other,0.0320956917520708,sim
2028,Tehran,s3,other,0.0323060450927545,sim
2029,Tehran,s3,other,0.0323754900885789,sim
2030,Tehran,s3,other,0.032394787685153,sim
2012,Tehran,s4,other,0.0474294529999999,sim
2013,Tehran,s4,other,0.0451473916842857,sim
2014,Tehran,s4,other,0.0433239619062993,sim
2015,Tehran,s4,other,0.043856716321542,sim
2016,Tehran,s4,other,0.0444003731384054,sim
2017,Tehran,s4,other,0.0451841584153564,sim
2018,Tehran,s4,other,0.0435332149628158,sim
2019,Tehran,s4,other,0.0400669524671372,sim
2020,Tehran,s4,other,0.0322698810240834,sim
2021,Tehran,s4,other,0.0324541895465672,sim
2022,Tehran,s4,other,0.0328685282498775,sim
2023,Tehran,s4,other,0.0342350753979552,sim
2024,Tehran,s4,other,0.0316561705087104,sim
2025,Tehran,s4,other,0.0338618112138461,sim
2026,Tehran,s4,other,0.0315500430640454,sim
2027,Tehran,s4,other,0.0315914168755763,sim
2028,Tehran,s4,other,0.031725757335231,sim
2029,Tehran,s4,other,0.0317929620746098,sim
2030,Tehran,s4,other,0.0316656784327332,sim
2012,Tehran,s5,other,0.0474294529999999,sim
2013,Tehran,s5,other,0.0451473916842857,sim
2014,Tehran,s5,other,0.0433239619062993,sim
2015,Tehran,s5,other,0.043856716321542,sim
2016,Tehran,s5,other,0.0444003731384054,sim
2017,Tehran,s5,other,0.0451841584153564,sim
2018,Tehran,s5,other,0.0435332149628158,sim
2019,Tehran,s5,other,0.0400669524671372,sim
2020,Tehran,s5,other,0.0322698810240834,sim
2021,Tehran,s5,other,0.0324541895465672,sim
2022,Tehran,s5,other,0.0328685282498775,sim
2023,Tehran,s5,other,0.0342350753979552,sim
2024,Tehran,s5,other,0.0316605250380834,sim
2025,Tehran,s5,other,0.0356561426070503,sim
2026,Tehran,s5,other,0.035396565510326,sim
2027,Tehran,s5,other,0.0353739695367545,sim
2028,Tehran,s5,other,0.0354831410064193,sim
2029,Tehran,s5,other,0.0354960062843965,sim
2030,Tehran,s5,other,0.0354507621366449,sim
2012,Tehran,s6,other,0.0474294529999999,sim
2013,Tehran,s6,other,0.0451473916842857,sim
2014,Tehran,s6,other,0.0433239619062993,sim
2015,Tehran,s6,other,0.043856716321542,sim
2016,Tehran,s6,other,0.0444003731384054,sim
2017,Tehran,s6,other,0.0451841584153564,sim
2018,Tehran,s6,other,0.0435332149628158,sim
2019,Tehran,s6,other,0.0400669524671372,sim
2020,Tehran,s6,other,0.0322698810240834,sim
2021,Tehran,s6,other,0.0324541895465672,sim
2022,Tehran,s6,other,0.0328685282498775,sim
2023,Tehran,s6,other,0.0342350753979552,sim
2024,Tehran,s6,other,0.031970995957889,sim
2025,Tehran,s6,other,0.0364780971358686,sim
2026,Tehran,s6,other,0.0362661555033377,sim
2027,Tehran,s6,other,0.036271896362617,sim
2028,Tehran,s6,other,0.0363362071384633,sim
2029,Tehran,s6,other,0.0364055119732148,sim
2030,Tehran,s6,other,0.0363789524128761,sim
2012,Tehran,s7,other,0.0474294529999999,sim
2013,Tehran,s7,other,0.0451473916842857,sim
2014,Tehran,s7,other,0.0433239619062993,sim
2015,Tehran,s7,other,0.043856716321542,sim
2016,Tehran,s7,other,0.0444003731384054,sim
2017,Tehran,s7,other,0.0451841584153564,sim
2018,Tehran,s7,other,0.0435332149628158,sim
2019,Tehran,s7,other,0.0400669524671372,sim
2020,Tehran,s7,other,0.0322698810240834,sim
2021,Tehran,s7,other,0.0324541895465672,sim
2022,Tehran,s7,other,0.0328685282498775,sim
2023,Tehran,s7,other,0.0342350753979552,sim
2024,Tehran,s7,other,0.0320544678691583,sim
2025,Tehran,s7,other,0.0343127839654354,sim
2026,Tehran,s7,other,0.0319507038770566,sim
2027,Tehran,s7,other,0.0319842109204384,sim
2028,Tehran,s7,other,0.0320673378189492,sim
2029,Tehran,s7,other,0.0321364524039813,sim
2030,Tehran,s7,other,0.0320121106906471,sim
2012,Tehran,s8,other,0.0474294529999999,sim
2013,Tehran,s8,other,0.0451473916842857,sim
2014,Tehran,s8,other,0.0433239619062993,sim
2015,Tehran,s8,other,0.043856716321542,sim
2016,Tehran,s8,other,0.0444003731384054,sim
2017,Tehran,s8,other,0.0451841584153564,sim
2018,Tehran,s8,other,0.0435332149628158,sim
2019,Tehran,s8,other,0.0400669524671372,sim
2020,Tehran,s8,other,0.0322698810240834,sim
2021,Tehran,s8,other,0.0324541895465672,sim
2022,Tehran,s8,other,0.0328685282498775,sim
2023,Tehran,s8,other,0.0342350753979552,sim
2024,Tehran,s8,other,0.0315654741383548,sim
2025,Tehran,s8,other,0.035890672832591,sim
2026,Tehran,s8,other,0.0360300018946464,sim
2027,Tehran,s8,other,0.0360474283417357,sim
2028,Tehran,s8,other,0.0364325711264704,sim
2029,Tehran,s8,other,0.0365007677756446,sim
2030,Tehran,s8,other,0.0366650233817779,sim
2012,Tehran,s9,other,0.0474294529999999,sim
2013,Tehran,s9,other,0.0451473916842857,sim
2014,Tehran,s9,other,0.0433239619062993,sim
2015,Tehran,s9,other,0.043856716321542,sim
2016,Tehran,s9,other,0.0444003731384054,sim
2017,Tehran,s9,other,0.0451841584153564,sim
2018,Tehran,s9,other,0.0435332149628158,sim
2019,Tehran,s9,other,0.0400669524671372,sim
2020,Tehran,s9,other,0.0322698810240834,sim
2021,Tehran,s9,other,0.0324541895465672,sim
2022,Tehran,s9,other,0.0328685282498775,sim
2023,Tehran,s9,other,0.0342350753979552,sim
2024,Tehran,s9,other,0.0314526335473048,sim
2025,Tehran,s9,other,0.0353573013382374,sim
2026,Tehran,s9,other,0.0359841066611233,sim
2027,Tehran,s9,other,0.0360868565201724,sim
2028,Tehran,s9,other,0.0367600055986856,sim
2029,Tehran,s9,other,0.0370519055929775,sim
2030,Tehran,s9,other,0.0373457201208431,sim
2012,Tehran,obs,taxi,0.229930822,obs
2013,Tehran,obs,taxi,0.222078375,obs
2014,Tehran,obs,taxi,0.217272138,obs
2015,Tehran,obs,taxi,0.224921278,obs
2016,Tehran,obs,taxi,0.220295056,obs
2017,Tehran,obs,taxi,0.181944721,obs
2018,Tehran,obs,taxi,0.18314836,obs
2019,Tehran,obs,taxi,0.178384573,obs
2020,Tehran,obs,taxi,0.178160344,obs
2021,Tehran,obs,taxi,0.180849995,obs
2022,Tehran,obs,taxi,0.199476123,obs
2023,Tehran,obs,taxi,0.198348772,obs
2012,Tehran,s0,taxi,0.229930822,sim
2013,Tehran,s0,taxi,0.2170760523127515,sim
2014,Tehran,s0,taxi,0.2210628327611417,sim
2015,Tehran,s0,taxi,0.2228472372298137,sim
2016,Tehran,s0,taxi,0.2073404731641872,sim
2017,Tehran,s0,taxi,0.1844560582481287,sim
2018,Tehran,s0,taxi,0.1790932580789001,sim
2019,Tehran,s0,taxi,0.1780906984303525,sim
2020,Tehran,s0,taxi,0.1766651975940266,sim
2021,Tehran,s0,taxi,0.1915713436158842,sim
2022,Tehran,s0,taxi,0.1986289949378572,sim
2023,Tehran,s0,taxi,0.1960809339812698,sim
2024,Tehran,s0,taxi,0.1912124285066799,sim
2025,Tehran,s0,taxi,0.192752075308273,sim
2026,Tehran,s0,taxi,0.1923976997628339,sim
2027,Tehran,s0,taxi,0.1925310884651452,sim
2028,Tehran,s0,taxi,0.1927277671828818,sim
2029,Tehran,s0,taxi,0.1927487582398492,sim
2030,Tehran,s0,taxi,0.1928623967636336,sim
2012,Tehran,s1,taxi,0.229930822,sim
2013,Tehran,s1,taxi,0.2170760523127515,sim
2014,Tehran,s1,taxi,0.2210628327611417,sim
2015,Tehran,s1,taxi,0.2228472372298137,sim
2016,Tehran,s1,taxi,0.2073404731641872,sim
2017,Tehran,s1,taxi,0.1844560582481287,sim
2018,Tehran,s1,taxi,0.1790932580789001,sim
2019,Tehran,s1,taxi,0.1780906984303525,sim
2020,Tehran,s1,taxi,0.1766651975940266,sim
2021,Tehran,s1,taxi,0.1915713436158842,sim
2022,Tehran,s1,taxi,0.1986289949378572,sim
2023,Tehran,s1,taxi,0.1960809339812698,sim
2024,Tehran,s1,taxi,0.1912124285066799,sim
2025,Tehran,s1,taxi,0.192752075308273,sim
2026,Tehran,s1,taxi,0.193293282822042,sim
2027,Tehran,s1,taxi,0.1930804080790796,sim
2028,Tehran,s1,taxi,0.194232548782728,sim
2029,Tehran,s1,taxi,0.1942507920817697,sim
2030,Tehran,s1,taxi,0.1948015269624129,sim
2012,Tehran,s10,taxi,0.229930822,sim
2013,Tehran,s10,taxi,0.2170760523127515,sim
2014,Tehran,s10,taxi,0.2210628327611417,sim
2015,Tehran,s10,taxi,0.2228472372298137,sim
2016,Tehran,s10,taxi,0.2073404731641872,sim
2017,Tehran,s10,taxi,0.1844560582481287,sim
2018,Tehran,s10,taxi,0.1790932580789001,sim
2019,Tehran,s10,taxi,0.1780906984303525,sim
2020,Tehran,s10,taxi,0.1766651975940266,sim
2021,Tehran,s10,taxi,0.1915713436158842,sim
2022,Tehran,s10,taxi,0.1986289949378572,sim
2023,Tehran,s10,taxi,0.1960809339812698,sim
2024,Tehran,s10,taxi,0.1861729439173603,sim
2025,Tehran,s10,taxi,0.1939932727389162,sim
2026,Tehran,s10,taxi,0.1934118922536995,sim
2027,Tehran,s10,taxi,0.193243139055837,sim
2028,Tehran,s10,taxi,0.1935255423759852,sim
2029,Tehran,s10,taxi,0.193476058855932,sim
2030,Tehran,s10,taxi,0.1936832154861325,sim
2012,Tehran,s11,taxi,0.229930822,sim
2013,Tehran,s11,taxi,0.2170760523127515,sim
2014,Tehran,s11,taxi,0.2210628327611417,sim
2015,Tehran,s11,taxi,0.2228472372298137,sim
2016,Tehran,s11,taxi,0.2073404731641872,sim
2017,Tehran,s11,taxi,0.1844560582481287,sim
2018,Tehran,s11,taxi,0.1790932580789001,sim
2019,Tehran,s11,taxi,0.1780906984303525,sim
2020,Tehran,s11,taxi,0.1766651975940266,sim
2021,Tehran,s11,taxi,0.1915713436158842,sim
2022,Tehran,s11,taxi,0.1986289949378572,sim
2023,Tehran,s11,taxi,0.1960809339812698,sim
2024,Tehran,s11,taxi,0.1885111467764779,sim
2025,Tehran,s11,taxi,0.1969960381132294,sim
2026,Tehran,s11,taxi,0.1971259116961984,sim
2027,Tehran,s11,taxi,0.1966278680590781,sim
2028,Tehran,s11,taxi,0.1972512765948857,sim
2029,Tehran,s11,taxi,0.1972488093457433,sim
2030,Tehran,s11,taxi,0.1978127497897677,sim
2012,Tehran,s2,taxi,0.229930822,sim
2013,Tehran,s2,taxi,0.2170760523127515,sim
2014,Tehran,s2,taxi,0.2210628327611417,sim
2015,Tehran,s2,taxi,0.2228472372298137,sim
2016,Tehran,s2,taxi,0.2073404731641872,sim
2017,Tehran,s2,taxi,0.1844560582481287,sim
2018,Tehran,s2,taxi,0.1790932580789001,sim
2019,Tehran,s2,taxi,0.1780906984303525,sim
2020,Tehran,s2,taxi,0.1766651975940266,sim
2021,Tehran,s2,taxi,0.1915713436158842,sim
2022,Tehran,s2,taxi,0.1986289949378572,sim
2023,Tehran,s2,taxi,0.1960809339812698,sim
2024,Tehran,s2,taxi,0.1912124285066799,sim
2025,Tehran,s2,taxi,0.192752075308273,sim
2026,Tehran,s2,taxi,0.1930227701377481,sim
2027,Tehran,s2,taxi,0.1930018224479477,sim
2028,Tehran,s2,taxi,0.1937735465784091,sim
2029,Tehran,s2,taxi,0.1939816631233031,sim
2030,Tehran,s2,taxi,0.1979446006797368,sim
2012,Tehran,s3,taxi,0.229930822,sim
2013,Tehran,s3,taxi,0.2170760523127515,sim
2014,Tehran,s3,taxi,0.2210628327611417,sim
2015,Tehran,s3,taxi,0.2228472372298137,sim
2016,Tehran,s3,taxi,0.2073404731641872,sim
2017,Tehran,s3,taxi,0.1844560582481287,sim
2018,Tehran,s3,taxi,0.1790932580789001,sim
2019,Tehran,s3,taxi,0.1780906984303525,sim
2020,Tehran,s3,taxi,0.1766651975940266,sim
2021,Tehran,s3,taxi,0.1915713436158842,sim
2022,Tehran,s3,taxi,0.1986289949378572,sim
2023,Tehran,s3,taxi,0.1960809339812698,sim
2024,Tehran,s3,taxi,0.1912124285066799,sim
2025,Tehran,s3,taxi,0.192752075308273,sim
2026,Tehran,s3,taxi,0.19280732144968,sim
2027,Tehran,s3,taxi,0.1929442327230578,sim
2028,Tehran,s3,taxi,0.193608794441315,sim
2029,Tehran,s3,taxi,0.1936286509888452,sim
2030,Tehran,s3,taxi,0.194272551456804,sim
2012,Tehran,s4,taxi,0.229930822,sim
2013,Tehran,s4,taxi,0.2170760523127515,sim
2014,Tehran,s4,taxi,0.2210628327611417,sim
2015,Tehran,s4,taxi,0.2228472372298137,sim
2016,Tehran,s4,taxi,0.2073404731641872,sim
2017,Tehran,s4,taxi,0.1844560582481287,sim
2018,Tehran,s4,taxi,0.1790932580789001,sim
2019,Tehran,s4,taxi,0.1780906984303525,sim
2020,Tehran,s4,taxi,0.1766651975940266,sim
2021,Tehran,s4,taxi,0.1915713436158842,sim
2022,Tehran,s4,taxi,0.1986289949378572,sim
2023,Tehran,s4,taxi,0.1960809339812698,sim
2024,Tehran,s4,taxi,0.1887732002459461,sim
2025,Tehran,s4,taxi,0.1901566101288644,sim
2026,Tehran,s4,taxi,0.1899204322676622,sim
2027,Tehran,s4,taxi,0.1901033960324632,sim
2028,Tehran,s4,taxi,0.1906200896452668,sim
2029,Tehran,s4,taxi,0.1906337684630148,sim
2030,Tehran,s4,taxi,0.190719472364915,sim
2012,Tehran,s5,taxi,0.229930822,sim
2013,Tehran,s5,taxi,0.2170760523127515,sim
2014,Tehran,s5,taxi,0.2210628327611417,sim
2015,Tehran,s5,taxi,0.2228472372298137,sim
2016,Tehran,s5,taxi,0.2073404731641872,sim
2017,Tehran,s5,taxi,0.1844560582481287,sim
2018,Tehran,s5,taxi,0.1790932580789001,sim
2019,Tehran,s5,taxi,0.1780906984303525,sim
2020,Tehran,s5,taxi,0.1766651975940266,sim
2021,Tehran,s5,taxi,0.1915713436158842,sim
2022,Tehran,s5,taxi,0.1986289949378572,sim
2023,Tehran,s5,taxi,0.1960809339812698,sim
2024,Tehran,s5,taxi,0.1887998679875978,sim
2025,Tehran,s5,taxi,0.1974751882234977,sim
2026,Tehran,s5,taxi,0.1968094368167322,sim
2027,Tehran,s5,taxi,0.1966070488982353,sim
2028,Tehran,s5,taxi,0.1963853185786092,sim
2029,Tehran,s5,taxi,0.1963466054889884,sim
2030,Tehran,s5,taxi,0.1965121511697674,sim
2012,Tehran,s6,taxi,0.229930822,sim
2013,Tehran,s6,taxi,0.2170760523127515,sim
2014,Tehran,s6,taxi,0.2210628327611417,sim
2015,Tehran,s6,taxi,0.2228472372298137,sim
2016,Tehran,s6,taxi,0.2073404731641872,sim
2017,Tehran,s6,taxi,0.1844560582481287,sim
2018,Tehran,s6,taxi,0.1790932580789001,sim
2019,Tehran,s6,taxi,0.1780906984303525,sim
2020,Tehran,s6,taxi,0.1766651975940266,sim
2021,Tehran,s6,taxi,0.1915713436158842,sim
2022,Tehran,s6,taxi,0.1986289949378572,sim
2023,Tehran,s6,taxi,0.1960809339812698,sim
2024,Tehran,s6,taxi,0.1907012349483882,sim
2025,Tehran,s6,taxi,0.2023913919514754,sim
2026,Tehran,s6,taxi,0.2020206113679054,sim
2027,Tehran,s6,taxi,0.201977504122493,sim
2028,Tehran,s6,taxi,0.2020122873204304,sim
2029,Tehran,s6,taxi,0.2020711800509281,sim
2030,Tehran,s6,taxi,0.2023577469736378,sim
2012,Tehran,s7,taxi,0.229930822,sim
2013,Tehran,s7,taxi,0.2170760523127515,sim
2014,Tehran,s7,taxi,0.2210628327611417,sim
2015,Tehran,s7,taxi,0.2228472372298137,sim
2016,Tehran,s7,taxi,0.2073404731641872,sim
2017,Tehran,s7,taxi,0.1844560582481287,sim
2018,Tehran,s7,taxi,0.1790932580789001,sim
2019,Tehran,s7,taxi,0.1780906984303525,sim
2020,Tehran,s7,taxi,0.1766651975940266,sim
2021,Tehran,s7,taxi,0.1915713436158842,sim
2022,Tehran,s7,taxi,0.1986289949378572,sim
2023,Tehran,s7,taxi,0.1960809339812698,sim
2024,Tehran,s7,taxi,0.1912124285066799,sim
2025,Tehran,s7,taxi,0.192752075308273,sim
2026,Tehran,s7,taxi,0.1923976997628339,sim
2027,Tehran,s7,taxi,0.1925310884651452,sim
2028,Tehran,s7,taxi,0.1927277671828818,sim
2029,Tehran,s7,taxi,0.1927487582398492,sim
2030,Tehran,s7,taxi,0.1928623967636336,sim
2012,Tehran,s8,taxi,0.229930822,sim
2013,Tehran,s8,taxi,0.2170760523127515,sim
2014,Tehran,s8,taxi,0.2210628327611417,sim
2015,Tehran,s8,taxi,0.2228472372298137,sim
2016,Tehran,s8,taxi,0.2073404731641872,sim
2017,Tehran,s8,taxi,0.1844560582481287,sim
2018,Tehran,s8,taxi,0.1790932580789001,sim
2019,Tehran,s8,taxi,0.1780906984303525,sim
2020,Tehran,s8,taxi,0.1766651975940266,sim
2021,Tehran,s8,taxi,0.1915713436158842,sim
2022,Tehran,s8,taxi,0.1986289949378572,sim
2023,Tehran,s8,taxi,0.1960809339812698,sim
2024,Tehran,s8,taxi,0.1882177630985129,sim
2025,Tehran,s8,taxi,0.1990573400666299,sim
2026,Tehran,s8,taxi,0.1996181434457569,sim
2027,Tehran,s8,taxi,0.1996419915458369,sim
2028,Tehran,s8,taxi,0.2007435482762889,sim
2029,Tehran,s8,taxi,0.2007947700673092,sim
2030,Tehran,s8,taxi,0.2015559768971973,sim
2012,Tehran,s9,taxi,0.229930822,sim
2013,Tehran,s9,taxi,0.2170760523127515,sim
2014,Tehran,s9,taxi,0.2210628327611417,sim
2015,Tehran,s9,taxi,0.2228472372298137,sim
2016,Tehran,s9,taxi,0.2073404731641872,sim
2017,Tehran,s9,taxi,0.1844560582481287,sim
2018,Tehran,s9,taxi,0.1790932580789001,sim
2019,Tehran,s9,taxi,0.1780906984303525,sim
2020,Tehran,s9,taxi,0.1766651975940266,sim
2021,Tehran,s9,taxi,0.1915713436158842,sim
2022,Tehran,s9,taxi,0.1986289949378572,sim
2023,Tehran,s9,taxi,0.1960809339812698,sim
2024,Tehran,s9,taxi,0.1875267116731722,sim
2025,Tehran,s9,taxi,0.1957812151134853,sim
2026,Tehran,s9,taxi,0.1956286408139355,sim
2027,Tehran,s9,taxi,0.1952884704599955,sim
2028,Tehran,s9,taxi,0.195968986108008,sim
2029,Tehran,s9,taxi,0.1959801310846738,sim
2030,Tehran,s9,taxi,0.1998571617178002,sim
