Scenario,year,Geo,delta_display,annot,annot_mode,kpi
SC0,2024,Region 12,0.0,0.0,pct,Time loss (car)
SC0,2025,Region 12,0.0,0.0,pct,Time loss (car)
SC0,2026,Region 12,0.0,0.0,pct,Time loss (car)
SC0,2027,Region 12,0.0,0.0,pct,Time loss (car)
SC0,2028,Region 12,0.0,0.0,pct,Time loss (car)
SC0,2029,Region 12,0.0,0.0,pct,Time loss (car)
SC0,2030,Region 12,0.0,0.0,pct,Time loss (car)
SC1,2024,Region 12,0.0,0.0,pct,Time loss (car)
SC1,2025,Region 12,0.0,0.0,pct,Time loss (car)
SC1,2026,Region 12,-3.45287382327561,-3.45287382327561,pct,Time loss (car)
SC1,2027,Region 12,-3.749952722267574,-3.749952722267574,pct,Time loss (car)
SC1,2028,Region 12,-7.28375423753211,-7.28375423753211,pct,Time loss (car)
SC1,2029,Region 12,-6.537545314787501,-6.537545314787501,pct,Time loss (car)
SC1,2030,Region 12,-7.867434477830745,-7.867434477830745,pct,Time loss (car)
SC10,2024,Region 12,-5.707620653222997,-5.707620653222997,pct,Time loss (car)
SC10,2025,Region 12,-7.758190907843204,-7.758190907843204,pct,Time loss (car)
SC10,2026,Region 12,-14.798250172808583,-14.798250172808583,pct,Time loss (car)
SC10,2027,Region 12,-16.426281066329217,-16.426281066329217,pct,Time loss (car)
SC10,2028,Region 12,-16.58439036557088,-16.58439036557088,pct,Time loss (car)
SC10,2029,Region 12,-16.93961948006596,-16.93961948006596,pct,Time loss (car)
SC10,2030,Region 12,-17.26245149338324,-17.26245149338324,pct,Time loss (car)
SC11,2024,Region 12,-3.1152032891040284,-3.1152032891040284,pct,Time loss (car)
SC11,2025,Region 12,-3.2865581240283888,-3.2865581240283888,pct,Time loss (car)
SC11,2026,Region 12,-13.574850150699321,-13.574850150699321,pct,Time loss (car)
SC11,2027,Region 12,-17.1185320436574,-17.1185320436574,pct,Time loss (car)
SC11,2028,Region 12,-19.849863676834342,-19.849863676834342,pct,Time loss (car)
SC11,2029,Region 12,-21.84728397136096,-21.84728397136096,pct,Time loss (car)
SC11,2030,Region 12,-23.922199438828525,-23.922199438828525,pct,Time loss (car)
SC2,2024,Region 12,0.0,0.0,pct,Time loss (car)
SC2,2025,Region 12,0.0,0.0,pct,Time loss (car)
SC2,2026,Region 12,-1.450352480992354,-1.450352480992354,pct,Time loss (car)
SC2,2027,Region 12,-3.365377224461567,-3.365377224461567,pct,Time loss (car)
SC2,2028,Region 12,-4.51053079208696,-4.51053079208696,pct,Time loss (car)
SC2,2029,Region 12,-6.1823648709266,-6.1823648709266,pct,Time loss (car)
SC2,2030,Region 12,-7.214032630521537,-7.214032630521537,pct,Time loss (car)
SC3,2024,Region 12,0.0,0.0,pct,Time loss (car)
SC3,2025,Region 12,0.0,0.0,pct,Time loss (car)
SC3,2026,Region 12,-1.1815196111279516,-1.1815196111279516,pct,Time loss (car)
SC3,2027,Region 12,-1.818355592411537,-1.818355592411537,pct,Time loss (car)
SC3,2028,Region 12,-3.2496941329790285,-3.2496941329790285,pct,Time loss (car)
SC3,2029,Region 12,-4.000941379452198,-4.000941379452198,pct,Time loss (car)
SC3,2030,Region 12,-5.629444564437374,-5.629444564437374,pct,Time loss (car)
SC4,2024,Region 12,-2.812501385939438,-2.812501385939438,pct,Time loss (car)
SC4,2025,Region 12,-5.085433358733428,-5.085433358733428,pct,Time loss (car)
SC4,2026,Region 12,-5.356841320342202,-5.356841320342202,pct,Time loss (car)
SC4,2027,Region 12,-5.326603682053363,-5.326603682053363,pct,Time loss (car)
SC4,2028,Region 12,-4.9241722301827675,-4.9241722301827675,pct,Time loss (car)
SC4,2029,Region 12,-4.614453854864126,-4.614453854864126,pct,Time loss (car)
SC4,2030,Region 12,-4.594573476964862,-4.594573476964862,pct,Time loss (car)
SC5,2024,Region 12,-2.8252031328327365,-2.8252031328327365,pct,Time loss (car)
SC5,2025,Region 12,-2.7086137293883277,-2.7086137293883277,pct,Time loss (car)
SC5,2026,Region 12,-9.39135549145643,-9.39135549145643,pct,Time loss (car)
SC5,2027,Region 12,-10.959942285861326,-10.959942285861326,pct,Time loss (car)
SC5,2028,Region 12,-11.225503421864842,-11.225503421864842,pct,Time loss (car)
SC5,2029,Region 12,-11.642448913086358,-11.642448913086358,pct,Time loss (car)
SC5,2030,Region 12,-11.6445671748821,-11.6445671748821,pct,Time loss (car)
SC6,2024,Region 12,-0.5404632577518504,-0.5404632577518504,pct,Time loss (car)
SC6,2025,Region 12,0.5810877675125149,0.5810877675125149,pct,Time loss (car)
SC6,2026,Region 12,-6.557662037273711,-6.557662037273711,pct,Time loss (car)
SC6,2027,Region 12,-7.991319788103421,-7.991319788103421,pct,Time loss (car)
SC6,2028,Region 12,-7.985161911008134,-7.985161911008134,pct,Time loss (car)
SC6,2029,Region 12,-8.135014583796957,-8.135014583796957,pct,Time loss (car)
SC6,2030,Region 12,-8.153811047871312,-8.153811047871312,pct,Time loss (car)
SC7,2024,Region 12,0.0006019953551246919,0.0006019953551246919,pct,Time loss (car)
SC7,2025,Region 12,0.001496230218531342,0.001496230218531342,pct,Time loss (car)
SC7,2026,Region 12,0.0030595161117008057,0.0030595161117008057,pct,Time loss (car)
SC7,2027,Region 12,0.0051511282263407504,0.0051511282263407504,pct,Time loss (car)
SC7,2028,Region 12,0.008666304573086906,0.008666304573086906,pct,Time loss (car)
SC7,2029,Region 12,0.013201254265217567,0.013201254265217567,pct,Time loss (car)
SC7,2030,Region 12,0.018821071822443206,0.018821071822443206,pct,Time loss (car)
SC8,2024,Region 12,-3.3697050621673585,-3.3697050621673585,pct,Time loss (car)
SC8,2025,Region 12,-4.4906246512500045,-4.4906246512500045,pct,Time loss (car)
SC8,2026,Region 12,-15.311652260943609,-15.311652260943609,pct,Time loss (car)
SC8,2027,Region 12,-17.624808400499607,-17.624808400499607,pct,Time loss (car)
SC8,2028,Region 12,-19.268458220732494,-19.268458220732494,pct,Time loss (car)
SC8,2029,Region 12,-19.837230403472674,-19.837230403472674,pct,Time loss (car)
SC8,2030,Region 12,-21.407173851188006,-21.407173851188006,pct,Time loss (car)
SC9,2024,Region 12,-4.239876234377368,-4.239876234377368,pct,Time loss (car)
SC9,2025,Region 12,-5.1589018213687,-5.1589018213687,pct,Time loss (car)
SC9,2026,Region 12,-13.584251981636703,-13.584251981636703,pct,Time loss (car)
SC9,2027,Region 12,-16.96321179041495,-16.96321179041495,pct,Time loss (car)
SC9,2028,Region 12,-18.351707105827984,-18.351707105827984,pct,Time loss (car)
SC9,2029,Region 12,-20.18425471493893,-20.18425471493893,pct,Time loss (car)
SC9,2030,Region 12,-21.49238255422801,-21.49238255422801,pct,Time loss (car)
SC0,2024,Tehran,0.0,0.0,pct,Time loss (car)
SC0,2025,Tehran,0.0,0.0,pct,Time loss (car)
SC0,2026,Tehran,0.0,0.0,pct,Time loss (car)
SC0,2027,Tehran,0.0,0.0,pct,Time loss (car)
SC0,2028,Tehran,0.0,0.0,pct,Time loss (car)
SC0,2029,Tehran,0.0,0.0,pct,Time loss (car)
SC0,2030,Tehran,0.0,0.0,pct,Time loss (car)
SC1,2024,Tehran,0.0,0.0,pct,Time loss (car)
SC1,2025,Tehran,0.0,0.0,pct,Time loss (car)
SC1,2026,Tehran,-4.375289830938721,-4.375289830938721,pct,Time loss (car)
SC1,2027,Tehran,-4.97101337316475,-4.97101337316475,pct,Time loss (car)
SC1,2028,Tehran,-9.46330623488007,-9.46330623488007,pct,Time loss (car)
SC1,2029,Tehran,-8.103354098250982,-8.103354098250982,pct,Time loss (car)
SC1,2030,Tehran,-9.652354138685729,-9.652354138685729,pct,Time loss (car)
SC10,2024,Tehran,-0.46840509174479494,-0.46840509174479494,pct,Time loss (car)
SC10,2025,Tehran,-4.850734897308893,-4.850734897308893,pct,Time loss (car)
SC10,2026,Tehran,-16.606625540987423,-16.606625540987423,pct,Time loss (car)
SC10,2027,Tehran,-18.927523903074277,-18.927523903074277,pct,Time loss (car)
SC10,2028,Tehran,-18.963839269162616,-18.963839269162616,pct,Time loss (car)
SC10,2029,Tehran,-19.143099422463038,-19.143099422463038,pct,Time loss (car)
SC10,2030,Tehran,-19.13381164991931,-19.13381164991931,pct,Time loss (car)
SC11,2024,Tehran,-0.24095381453872583,-0.24095381453872583,pct,Time loss (car)
SC11,2025,Tehran,-2.1156736321133587,-2.1156736321133587,pct,Time loss (car)
SC11,2026,Tehran,-16.03590522061132,-16.03590522061132,pct,Time loss (car)
SC11,2027,Tehran,-20.596399816978884,-20.596399816978884,pct,Time loss (car)
SC11,2028,Tehran,-21.94804388362497,-21.94804388362497,pct,Time loss (car)
SC11,2029,Tehran,-23.741323708012423,-23.741323708012423,pct,Time loss (car)
SC11,2030,Tehran,-24.90799473360341,-24.90799473360341,pct,Time loss (car)
SC2,2024,Tehran,0.0,0.0,pct,Time loss (car)
SC2,2025,Tehran,0.0,0.0,pct,Time loss (car)
SC2,2026,Tehran,0.23848973745788055,0.23848973745788055,pct,Time loss (car)
SC2,2027,Tehran,-2.1132966587075064,-2.1132966587075064,pct,Time loss (car)
SC2,2028,Tehran,-2.0705584902165044,-2.0705584902165044,pct,Time loss (car)
SC2,2029,Tehran,-3.395859264216685,-3.395859264216685,pct,Time loss (car)
SC2,2030,Tehran,-3.8666393756053306,-3.8666393756053306,pct,Time loss (car)
SC3,2024,Tehran,0.0,0.0,pct,Time loss (car)
SC3,2025,Tehran,0.0,0.0,pct,Time loss (car)
SC3,2026,Tehran,0.06248049880435178,0.06248049880435178,pct,Time loss (car)
SC3,2027,Tehran,-0.38291534001807653,-0.38291534001807653,pct,Time loss (car)
SC3,2028,Tehran,-0.3091344970931519,-0.3091344970931519,pct,Time loss (car)
SC3,2029,Tehran,-0.8126458617686942,-0.8126458617686942,pct,Time loss (car)
SC3,2030,Tehran,-0.733099635217264,-0.733099635217264,pct,Time loss (car)
SC4,2024,Tehran,-0.21279173488773614,-0.21279173488773614,pct,Time loss (car)
SC4,2025,Tehran,-2.8215010595313426,-2.8215010595313426,pct,Time loss (car)
SC4,2026,Tehran,-2.957115349604469,-2.957115349604469,pct,Time loss (car)
SC4,2027,Tehran,-2.8346619484889737,-2.8346619484889737,pct,Time loss (car)
SC4,2028,Tehran,-2.7502213159129827,-2.7502213159129827,pct,Time loss (car)
SC4,2029,Tehran,-2.407824637883548,-2.407824637883548,pct,Time loss (car)
SC4,2030,Tehran,-2.416657041628046,-2.416657041628046,pct,Time loss (car)
SC5,2024,Tehran,-0.2378113662052127,-0.2378113662052127,pct,Time loss (car)
SC5,2025,Tehran,-1.8034410715335885,-1.8034410715335885,pct,Time loss (car)
SC5,2026,Tehran,-13.31234474685672,-13.31234474685672,pct,Time loss (car)
SC5,2027,Tehran,-15.626822422777511,-15.626822422777511,pct,Time loss (car)
SC5,2028,Tehran,-15.749850464666634,-15.749850464666634,pct,Time loss (car)
SC5,2029,Tehran,-16.210680120182236,-16.210680120182236,pct,Time loss (car)
SC5,2030,Tehran,-16.215579145764014,-16.215579145764014,pct,Time loss (car)
SC6,2024,Tehran,-0.006934719203358471,-0.006934719203358471,pct,Time loss (car)
SC6,2025,Tehran,0.8070420094701736,0.8070420094701736,pct,Time loss (car)
SC6,2026,Tehran,-10.90916870631309,-10.90916870631309,pct,Time loss (car)
SC6,2027,Tehran,-12.998017425756844,-12.998017425756844,pct,Time loss (car)
SC6,2028,Tehran,-12.944174594784913,-12.944174594784913,pct,Time loss (car)
SC6,2029,Tehran,-13.166224154805214,-13.166224154805214,pct,Time loss (car)
SC6,2030,Tehran,-13.181437193968387,-13.181437193968387,pct,Time loss (car)
SC7,2024,Tehran,0.0008914462436874667,0.0008914462436874667,pct,Time loss (car)
SC7,2025,Tehran,0.002208649245051234,0.002208649245051234,pct,Time loss (car)
SC7,2026,Tehran,0.004517837477004752,0.004517837477004752,pct,Time loss (car)
SC7,2027,Tehran,0.007595329614809556,0.007595329614809556,pct,Time loss (car)
SC7,2028,Tehran,0.012768449062984261,0.012768449062984261,pct,Time loss (car)
SC7,2029,Tehran,0.019445031646592,0.019445031646592,pct,Time loss (car)
SC7,2030,Tehran,0.02771818533288666,0.02771818533288666,pct,Time loss (car)
SC8,2024,Tehran,-0.2197895613394552,-0.2197895613394552,pct,Time loss (car)
SC8,2025,Tehran,-2.1180582054657475,-2.1180582054657475,pct,Time loss (car)
SC8,2026,Tehran,-17.808212609576728,-17.808212609576728,pct,Time loss (car)
SC8,2027,Tehran,-20.810812688308886,-20.810812688308886,pct,Time loss (car)
SC8,2028,Tehran,-22.41752494719556,-22.41752494719556,pct,Time loss (car)
SC8,2029,Tehran,-23.058385281349853,-23.058385281349853,pct,Time loss (car)
SC8,2030,Tehran,-24.349854523463215,-24.349854523463215,pct,Time loss (car)
SC9,2024,Tehran,-0.34909146683572734,-0.34909146683572734,pct,Time loss (car)
SC9,2025,Tehran,-3.2880241507188046,-3.2880241507188046,pct,Time loss (car)
SC9,2026,Tehran,-14.709341177999269,-14.709341177999269,pct,Time loss (car)
SC9,2027,Tehran,-19.213674776492145,-19.213674776492145,pct,Time loss (car)
SC9,2028,Tehran,-19.24471222831371,-19.24471222831371,pct,Time loss (car)
SC9,2029,Tehran,-20.723867433322184,-20.723867433322184,pct,Time loss (car)
SC9,2030,Tehran,-21.180611472609197,-21.180611472609197,pct,Time loss (car)
SC0,2024,Region 12,0.0,0.0,pct,Modal share: public transport
SC0,2025,Region 12,0.0,0.0,pct,Modal share: public transport
SC0,2026,Region 12,0.0,0.0,pct,Modal share: public transport
SC0,2027,Region 12,0.0,0.0,pct,Modal share: public transport
SC0,2028,Region 12,0.0,0.0,pct,Modal share: public transport
SC0,2029,Region 12,0.0,0.0,pct,Modal share: public transport
SC0,2030,Region 12,0.0,0.0,pct,Modal share: public transport
SC1,2024,Region 12,0.0,0.0,pct,Modal share: public transport
SC1,2025,Region 12,0.0,0.0,pct,Modal share: public transport
SC1,2026,Region 12,0.5653907971409919,0.5653907971409919,pct,Modal share: public transport
SC1,2027,Region 12,0.5673133911077989,0.5673133911077989,pct,Modal share: public transport
SC1,2028,Region 12,0.9451079480064863,0.9451079480064863,pct,Modal share: public transport
SC1,2029,Region 12,0.9508189857474564,0.9508189857474564,pct,Modal share: public transport
SC1,2030,Region 12,1.2356973284091484,1.2356973284091484,pct,Modal share: public transport
SC10,2024,Region 12,13.610963449296296,13.610963449296296,pct,Modal share: public transport
SC10,2025,Region 12,12.620226797099058,12.620226797099058,pct,Modal share: public transport
SC10,2026,Region 12,13.21673802951423,13.21673802951423,pct,Modal share: public transport
SC10,2027,Region 12,13.89663956788344,13.89663956788344,pct,Modal share: public transport
SC10,2028,Region 12,13.8015749066104,13.8015749066104,pct,Modal share: public transport
SC10,2029,Region 12,13.530986511217035,13.530986511217035,pct,Modal share: public transport
SC10,2030,Region 12,13.590202969673278,13.590202969673278,pct,Modal share: public transport
SC11,2024,Region 12,7.454702940689161,7.454702940689161,pct,Modal share: public transport
SC11,2025,Region 12,6.10067569794108,6.10067569794108,pct,Modal share: public transport
SC11,2026,Region 12,8.12075759434,8.12075759434,pct,Modal share: public transport
SC11,2027,Region 12,8.719092683136958,8.719092683136958,pct,Modal share: public transport
SC11,2028,Region 12,10.656807516934826,10.656807516934826,pct,Modal share: public transport
SC11,2029,Region 12,10.920317452824289,10.920317452824289,pct,Modal share: public transport
SC11,2030,Region 12,11.81488670457171,11.81488670457171,pct,Modal share: public transport
SC2,2024,Region 12,0.0,0.0,pct,Modal share: public transport
SC2,2025,Region 12,0.0,0.0,pct,Modal share: public transport
SC2,2026,Region 12,1.189876222549895,1.189876222549895,pct,Modal share: public transport
SC2,2027,Region 12,1.1986269749280347,1.1986269749280347,pct,Modal share: public transport
SC2,2028,Region 12,2.0048499362471794,2.0048499362471794,pct,Modal share: public transport
SC2,2029,Region 12,2.406379684871765,2.406379684871765,pct,Modal share: public transport
SC2,2030,Region 12,3.1140530627674203,3.1140530627674203,pct,Modal share: public transport
SC3,2024,Region 12,0.0,0.0,pct,Modal share: public transport
SC3,2025,Region 12,0.0,0.0,pct,Modal share: public transport
SC3,2026,Region 12,0.5896126299799586,0.5896126299799586,pct,Modal share: public transport
SC3,2027,Region 12,0.5872686276621271,0.5872686276621271,pct,Modal share: public transport
SC3,2028,Region 12,1.255923288479205,1.255923288479205,pct,Modal share: public transport
SC3,2029,Region 12,1.2647250253698408,1.2647250253698408,pct,Modal share: public transport
SC3,2030,Region 12,2.018793984327856,2.018793984327856,pct,Modal share: public transport
SC4,2024,Region 12,6.743690672453402,6.743690672453402,pct,Modal share: public transport
SC4,2025,Region 12,6.764517816409706,6.764517816409706,pct,Modal share: public transport
SC4,2026,Region 12,6.782173512252131,6.782173512252131,pct,Modal share: public transport
SC4,2027,Region 12,6.82115493059694,6.82115493059694,pct,Modal share: public transport
SC4,2028,Region 12,5.9489650713755475,5.9489650713755475,pct,Modal share: public transport
SC4,2029,Region 12,5.957749688475909,5.957749688475909,pct,Modal share: public transport
SC4,2030,Region 12,5.952926961770862,5.952926961770862,pct,Modal share: public transport
SC5,2024,Region 12,6.699656918460212,6.699656918460212,pct,Modal share: public transport
SC5,2025,Region 12,5.291224689776699,5.291224689776699,pct,Modal share: public transport
SC5,2026,Region 12,5.631222155476298,5.631222155476298,pct,Modal share: public transport
SC5,2027,Region 12,6.1743347108726505,6.1743347108726505,pct,Modal share: public transport
SC5,2028,Region 12,6.797485109408158,6.797485109408158,pct,Modal share: public transport
SC5,2029,Region 12,6.787517702646936,6.787517702646936,pct,Modal share: public transport
SC5,2030,Region 12,6.755008617321289,6.755008617321289,pct,Modal share: public transport
SC6,2024,Region 12,1.4004311234354285,1.4004311234354285,pct,Modal share: public transport
SC6,2025,Region 12,1.4975278511011556,1.4975278511011556,pct,Modal share: public transport
SC6,2026,Region 12,1.60884425241891,1.60884425241891,pct,Modal share: public transport
SC6,2027,Region 12,1.6783939919183577,1.6783939919183577,pct,Modal share: public transport
SC6,2028,Region 12,1.7661864747857767,1.7661864747857767,pct,Modal share: public transport
SC6,2029,Region 12,1.812829688683782,1.812829688683782,pct,Modal share: public transport
SC6,2030,Region 12,1.8749582181234132,1.8749582181234132,pct,Modal share: public transport
SC7,2024,Region 12,0.0,0.0,pct,Modal share: public transport
SC7,2025,Region 12,0.0,0.0,pct,Modal share: public transport
SC7,2026,Region 12,0.0,0.0,pct,Modal share: public transport
SC7,2027,Region 12,0.0,0.0,pct,Modal share: public transport
SC7,2028,Region 12,0.0,0.0,pct,Modal share: public transport
SC7,2029,Region 12,0.0,0.0,pct,Modal share: public transport
SC7,2030,Region 12,0.0,0.0,pct,Modal share: public transport
SC8,2024,Region 12,8.192276507774801,8.192276507774801,pct,Modal share: public transport
SC8,2025,Region 12,8.581001735597885,8.581001735597885,pct,Modal share: public transport
SC8,2026,Region 12,9.319223557100246,9.319223557100246,pct,Modal share: public transport
SC8,2027,Region 12,9.402815895710507,9.402815895710507,pct,Modal share: public transport
SC8,2028,Region 12,9.221551633496336,9.221551633496336,pct,Modal share: public transport
SC8,2029,Region 12,9.258735978897846,9.258735978897846,pct,Modal share: public transport
SC8,2030,Region 12,9.812454149017363,9.812454149017363,pct,Modal share: public transport
SC9,2024,Region 12,10.092922631811204,10.092922631811204,pct,Modal share: public transport
SC9,2025,Region 12,8.948945215467381,8.948945215467381,pct,Modal share: public transport
SC9,2026,Region 12,10.267705628861531,10.267705628861531,pct,Modal share: public transport
SC9,2027,Region 12,10.57304308328537,10.57304308328537,pct,Modal share: public transport
SC9,2028,Region 12,11.526490455910997,11.526490455910997,pct,Modal share: public transport
SC9,2029,Region 12,11.928282420715277,11.928282420715277,pct,Modal share: public transport
SC9,2030,Region 12,12.844222351422175,12.844222351422175,pct,Modal share: public transport
SC0,2024,Tehran,0.0,0.0,pct,Modal share: public transport
SC0,2025,Tehran,0.0,0.0,pct,Modal share: public transport
SC0,2026,Tehran,0.0,0.0,pct,Modal share: public transport
SC0,2027,Tehran,0.0,0.0,pct,Modal share: public transport
SC0,2028,Tehran,0.0,0.0,pct,Modal share: public transport
SC0,2029,Tehran,0.0,0.0,pct,Modal share: public transport
SC0,2030,Tehran,0.0,0.0,pct,Modal share: public transport
SC1,2024,Tehran,0.0,0.0,pct,Modal share: public transport
SC1,2025,Tehran,0.0,0.0,pct,Modal share: public transport
SC1,2026,Tehran,1.2682935336153658,1.2682935336153658,pct,Modal share: public transport
SC1,2027,Tehran,4.9605094776038685,4.9605094776038685,pct,Modal share: public transport
SC1,2028,Tehran,2.123858404681347,2.123858404681347,pct,Modal share: public transport
SC1,2029,Tehran,2.1226538935918313,2.1226538935918313,pct,Modal share: public transport
SC1,2030,Tehran,2.761613679767936,2.761613679767936,pct,Modal share: public transport
SC10,2024,Tehran,19.091360162848776,19.091360162848776,pct,Modal share: public transport
SC10,2025,Tehran,41.97826495364698,41.97826495364698,pct,Modal share: public transport
SC10,2026,Tehran,48.63245333941674,48.63245333941674,pct,Modal share: public transport
SC10,2027,Tehran,50.455202336415326,50.455202336415326,pct,Modal share: public transport
SC10,2028,Tehran,50.456433008662096,50.456433008662096,pct,Modal share: public transport
SC10,2029,Tehran,50.5004501850292,50.5004501850292,pct,Modal share: public transport
SC10,2030,Tehran,50.760285212576726,50.760285212576726,pct,Modal share: public transport
SC11,2024,Tehran,10.233416036613429,10.233416036613429,pct,Modal share: public transport
SC11,2025,Tehran,32.064142592355886,32.064142592355886,pct,Modal share: public transport
SC11,2026,Tehran,41.889231712340994,41.889231712340994,pct,Modal share: public transport
SC11,2027,Tehran,44.50496586369481,44.50496586369481,pct,Modal share: public transport
SC11,2028,Tehran,47.86466574939003,47.86466574939003,pct,Modal share: public transport
SC11,2029,Tehran,48.649860369507856,48.649860369507856,pct,Modal share: public transport
SC11,2030,Tehran,50.51013699594461,50.51013699594461,pct,Modal share: public transport
SC2,2024,Tehran,0.0,0.0,pct,Modal share: public transport
SC2,2025,Tehran,0.0,0.0,pct,Modal share: public transport
SC2,2026,Tehran,2.567177629758113,2.567177629758113,pct,Modal share: public transport
SC2,2027,Tehran,3.060382439465983,3.060382439465983,pct,Modal share: public transport
SC2,2028,Tehran,4.31508701527433,4.31508701527433,pct,Modal share: public transport
SC2,2029,Tehran,5.188604425781781,5.188604425781781,pct,Modal share: public transport
SC2,2030,Tehran,5.455046846864947,5.455046846864947,pct,Modal share: public transport
SC3,2024,Tehran,0.0,0.0,pct,Modal share: public transport
SC3,2025,Tehran,0.0,0.0,pct,Modal share: public transport
SC3,2026,Tehran,0.3522293883557377,0.3522293883557377,pct,Modal share: public transport
SC3,2027,Tehran,0.35376831578446155,0.35376831578446155,pct,Modal share: public transport
SC3,2028,Tehran,0.7555325007269588,0.7555325007269588,pct,Modal share: public transport
SC3,2029,Tehran,0.7549431025528517,0.7549431025528517,pct,Modal share: public transport
SC3,2030,Tehran,1.2137063903167336,1.2137063903167336,pct,Modal share: public transport
SC4,2024,Tehran,9.2406642821691,9.2406642821691,pct,Modal share: public transport
SC4,2025,Tehran,9.193001275103848,9.193001275103848,pct,Modal share: public transport
SC4,2026,Tehran,9.223835994691754,9.223835994691754,pct,Modal share: public transport
SC4,2027,Tehran,9.255577543562898,9.255577543562898,pct,Modal share: public transport
SC4,2028,Tehran,7.987194776099902,7.987194776099902,pct,Modal share: public transport
SC4,2029,Tehran,7.982424482568737,7.982424482568737,pct,Modal share: public transport
SC4,2030,Tehran,7.961440537765414,7.961440537765414,pct,Modal share: public transport
SC5,2024,Tehran,9.13963739110942,9.13963739110942,pct,Modal share: public transport
SC5,2025,Tehran,30.482149918781644,30.482149918781644,pct,Modal share: public transport
SC5,2026,Tehran,36.500732139894225,36.500732139894225,pct,Modal share: public transport
SC5,2027,Tehran,38.143045882350556,38.143045882350556,pct,Modal share: public transport
SC5,2028,Tehran,39.57352377880328,39.57352377880328,pct,Modal share: public transport
SC5,2029,Tehran,39.62447145244351,39.62447145244351,pct,Modal share: public transport
SC5,2030,Tehran,39.79104213234001,39.79104213234001,pct,Modal share: public transport
SC6,2024,Tehran,1.936583029732232,1.936583029732232,pct,Modal share: public transport
SC6,2025,Tehran,21.293868226548195,21.293868226548195,pct,Modal share: public transport
SC6,2026,Tehran,25.859530602518742,25.859530602518742,pct,Modal share: public transport
SC6,2027,Tehran,26.62540462975982,26.62540462975982,pct,Modal share: public transport
SC6,2028,Tehran,27.302828266082678,27.302828266082678,pct,Modal share: public transport
SC6,2029,Tehran,27.332998001445603,27.332998001445603,pct,Modal share: public transport
SC6,2030,Tehran,27.397925837977755,27.397925837977755,pct,Modal share: public transport
SC7,2024,Tehran,0.0,0.0,pct,Modal share: public transport
SC7,2025,Tehran,0.0,0.0,pct,Modal share: public transport
SC7,2026,Tehran,0.0,0.0,pct,Modal share: public transport
SC7,2027,Tehran,0.0,0.0,pct,Modal share: public transport
SC7,2028,Tehran,0.0,0.0,pct,Modal share: public transport
SC7,2029,Tehran,0.0,0.0,pct,Modal share: public transport
SC7,2030,Tehran,0.0,0.0,pct,Modal share: public transport
SC8,2024,Tehran,11.344857764959887,11.344857764959887,pct,Modal share: public transport
SC8,2025,Tehran,32.18518717050626,32.18518717050626,pct,Modal share: public transport
SC8,2026,Tehran,38.88661974388622,38.88661974388622,pct,Modal share: public transport
SC8,2027,Tehran,39.75192960444803,39.75192960444803,pct,Modal share: public transport
SC8,2028,Tehran,40.17036864554624,40.17036864554624,pct,Modal share: public transport
SC8,2029,Tehran,40.16585710904383,40.16585710904383,pct,Modal share: public transport
SC8,2030,Tehran,41.17490048767055,41.17490048767055,pct,Modal share: public transport
SC9,2024,Tehran,13.962806370297942,13.962806370297942,pct,Modal share: public transport
SC9,2025,Tehran,36.07507996688466,36.07507996688466,pct,Modal share: public transport
SC9,2026,Tehran,45.397602261498946,45.397602261498946,pct,Modal share: public transport
SC9,2027,Tehran,47.552692616873884,47.552692616873884,pct,Modal share: public transport
SC9,2028,Tehran,49.37534587285577,49.37534587285577,pct,Modal share: public transport
SC9,2029,Tehran,50.5808058579332,50.5808058579332,pct,Modal share: public transport
SC9,2030,Tehran,51.49395602496786,51.49395602496786,pct,Modal share: public transport
SC0,2024,Region 12,0.0,0.0,pct,PCE-weighted VKT
SC0,2025,Region 12,0.0,0.0,pct,PCE-weighted VKT
SC0,2026,Region 12,0.0,0.0,pct,PCE-weighted VKT
SC0,2027,Region 12,0.0,0.0,pct,PCE-weighted VKT
SC0,2028,Region 12,0.0,0.0,pct,PCE-weighted VKT
SC0,2029,Region 12,0.0,0.0,pct,PCE-weighted VKT
SC0,2030,Region 12,0.0,0.0,pct,PCE-weighted VKT
SC1,2024,Region 12,0.0,0.0,pct,PCE-weighted VKT
SC1,2025,Region 12,0.0,0.0,pct,PCE-weighted VKT
SC1,2026,Region 12,-1.977860848630473,-1.977860848630473,pct,PCE-weighted VKT
SC1,2027,Region 12,-2.259760380237792,-2.259760380237792,pct,PCE-weighted VKT
SC1,2028,Region 12,-3.3243717863774065,-3.3243717863774065,pct,PCE-weighted VKT
SC1,2029,Region 12,-3.5302160207624076,-3.5302160207624076,pct,PCE-weighted VKT
SC1,2030,Region 12,-4.325480790203932,-4.325480790203932,pct,PCE-weighted VKT
SC10,2024,Region 12,-2.929393094977242,-2.929393094977242,pct,PCE-weighted VKT
SC10,2025,Region 12,-5.202698059744549,-5.202698059744549,pct,PCE-weighted VKT
SC10,2026,Region 12,-5.12985568231478,-5.12985568231478,pct,PCE-weighted VKT
SC10,2027,Region 12,-5.305570404586893,-5.305570404586893,pct,PCE-weighted VKT
SC10,2028,Region 12,-5.2516204399824815,-5.2516204399824815,pct,PCE-weighted VKT
SC10,2029,Region 12,-5.212834577449351,-5.212834577449351,pct,PCE-weighted VKT
SC10,2030,Region 12,-5.288014843239387,-5.288014843239387,pct,PCE-weighted VKT
SC11,2024,Region 12,-1.5668894691636566,-1.5668894691636566,pct,PCE-weighted VKT
SC11,2025,Region 12,-2.4658891991741627,-2.4658891991741627,pct,PCE-weighted VKT
SC11,2026,Region 12,-3.2821957962032364,-3.2821957962032364,pct,PCE-weighted VKT
SC11,2027,Region 12,-4.409875166624263,-4.409875166624263,pct,PCE-weighted VKT
SC11,2028,Region 12,-5.3294344858557245,-5.3294344858557245,pct,PCE-weighted VKT
SC11,2029,Region 12,-6.376733177443104,-6.376733177443104,pct,PCE-weighted VKT
SC11,2030,Region 12,-7.234079856290059,-7.234079856290059,pct,PCE-weighted VKT
SC2,2024,Region 12,0.0,0.0,pct,PCE-weighted VKT
SC2,2025,Region 12,0.0,0.0,pct,PCE-weighted VKT
SC2,2026,Region 12,0.19384143168171952,0.19384143168171952,pct,PCE-weighted VKT
SC2,2027,Region 12,-0.7145813481252822,-0.7145813481252822,pct,PCE-weighted VKT
SC2,2028,Region 12,-0.8455584526906583,-0.8455584526906583,pct,PCE-weighted VKT
SC2,2029,Region 12,-1.4503397472150827,-1.4503397472150827,pct,PCE-weighted VKT
SC2,2030,Region 12,-1.9235799738736608,-1.9235799738736608,pct,PCE-weighted VKT
SC3,2024,Region 12,0.0,0.0,pct,PCE-weighted VKT
SC3,2025,Region 12,0.0,0.0,pct,PCE-weighted VKT
SC3,2026,Region 12,0.2074436652542395,0.2074436652542395,pct,PCE-weighted VKT
SC3,2027,Region 12,-0.4487216281309295,-0.4487216281309295,pct,PCE-weighted VKT
SC3,2028,Region 12,-0.398706369237418,-0.398706369237418,pct,PCE-weighted VKT
SC3,2029,Region 12,-1.1927667827071065,-1.1927667827071065,pct,PCE-weighted VKT
SC3,2030,Region 12,-1.165312453458553,-1.165312453458553,pct,PCE-weighted VKT
SC4,2024,Region 12,-1.3978338010557243,-1.3978338010557243,pct,PCE-weighted VKT
SC4,2025,Region 12,-2.7206362017016636,-2.7206362017016636,pct,PCE-weighted VKT
SC4,2026,Region 12,-3.0850028699065613,-3.0850028699065613,pct,PCE-weighted VKT
SC4,2027,Region 12,-3.1673628004393475,-3.1673628004393475,pct,PCE-weighted VKT
SC4,2028,Region 12,-2.99355053129889,-2.99355053129889,pct,PCE-weighted VKT
SC4,2029,Region 12,-2.824072746218693,-2.824072746218693,pct,PCE-weighted VKT
SC4,2030,Region 12,-2.773710245146886,-2.773710245146886,pct,PCE-weighted VKT
SC5,2024,Region 12,-1.4917808769641674,-1.4917808769641674,pct,PCE-weighted VKT
SC5,2025,Region 12,-2.227109953084705,-2.227109953084705,pct,PCE-weighted VKT
SC5,2026,Region 12,-1.945249476839359,-1.945249476839359,pct,PCE-weighted VKT
SC5,2027,Region 12,-1.8967521126746294,-1.8967521126746294,pct,PCE-weighted VKT
SC5,2028,Region 12,-2.035839348486246,-2.035839348486246,pct,PCE-weighted VKT
SC5,2029,Region 12,-2.113470501415498,-2.113470501415498,pct,PCE-weighted VKT
SC5,2030,Region 12,-2.181164941663745,-2.181164941663745,pct,PCE-weighted VKT
SC6,2024,Region 12,-0.14559344768723728,-0.14559344768723728,pct,PCE-weighted VKT
SC6,2025,Region 12,-0.44494923194877084,-0.44494923194877084,pct,PCE-weighted VKT
SC6,2026,Region 12,-0.5490807844681456,-0.5490807844681456,pct,PCE-weighted VKT
SC6,2027,Region 12,-0.5722936671430809,-0.5722936671430809,pct,PCE-weighted VKT
SC6,2028,Region 12,-0.6149039530910849,-0.6149039530910849,pct,PCE-weighted VKT
SC6,2029,Region 12,-0.6391921498922737,-0.6391921498922737,pct,PCE-weighted VKT
SC6,2030,Region 12,-0.6529016726192819,-0.6529016726192819,pct,PCE-weighted VKT
SC7,2024,Region 12,0.0,0.0,pct,PCE-weighted VKT
SC7,2025,Region 12,0.0,0.0,pct,PCE-weighted VKT
SC7,2026,Region 12,0.0,0.0,pct,PCE-weighted VKT
SC7,2027,Region 12,0.0,0.0,pct,PCE-weighted VKT
SC7,2028,Region 12,0.0,0.0,pct,PCE-weighted VKT
SC7,2029,Region 12,0.0,0.0,pct,PCE-weighted VKT
SC7,2030,Region 12,0.0,0.0,pct,PCE-weighted VKT
SC8,2024,Region 12,-1.5427366097066961,-1.5427366097066961,pct,PCE-weighted VKT
SC8,2025,Region 12,-3.2846991921930058,-3.2846991921930058,pct,PCE-weighted VKT
SC8,2026,Region 12,-5.43162387130739,-5.43162387130739,pct,PCE-weighted VKT
SC8,2027,Region 12,-6.105906780343617,-6.105906780343617,pct,PCE-weighted VKT
SC8,2028,Region 12,-7.009238775447252,-7.009238775447252,pct,PCE-weighted VKT
SC8,2029,Region 12,-7.349533432464479,-7.349533432464479,pct,PCE-weighted VKT
SC8,2030,Region 12,-8.088079545686423,-8.088079545686423,pct,PCE-weighted VKT
SC9,2024,Region 12,-2.1949119643200956,-2.1949119643200956,pct,PCE-weighted VKT
SC9,2025,Region 12,-3.720491814113025,-3.720491814113025,pct,PCE-weighted VKT
SC9,2026,Region 12,-3.1720768069117713,-3.1720768069117713,pct,PCE-weighted VKT
SC9,2027,Region 12,-4.196421942948874,-4.196421942948874,pct,PCE-weighted VKT
SC9,2028,Region 12,-4.2907829575919045,-4.2907829575919045,pct,PCE-weighted VKT
SC9,2029,Region 12,-5.073511557537374,-5.073511557537374,pct,PCE-weighted VKT
SC9,2030,Region 12,-5.574780479934941,-5.574780479934941,pct,PCE-weighted VKT
SC0,2024,Tehran,0.0,0.0,pct,PCE-weighted VKT
SC0,2025,Tehran,0.0,0.0,pct,PCE-weighted VKT
SC0,2026,Tehran,0.0,0.0,pct,PCE-weighted VKT
SC0,2027,Tehran,0.0,0.0,pct,PCE-weighted VKT
SC0,2028,Tehran,0.0,0.0,pct,PCE-weighted VKT
SC0,2029,Tehran,0.0,0.0,pct,PCE-weighted VKT
SC0,2030,Tehran,0.0,0.0,pct,PCE-weighted VKT
SC1,2024,Tehran,0.0,0.0,pct,PCE-weighted VKT
SC1,2025,Tehran,0.0,0.0,pct,PCE-weighted VKT
SC1,2026,Tehran,-1.8993643912297267,-1.8993643912297267,pct,PCE-weighted VKT
SC1,2027,Tehran,-1.9842014743359055,-1.9842014743359055,pct,PCE-weighted VKT
SC1,2028,Tehran,-4.070939895203272,-4.070939895203272,pct,PCE-weighted VKT
SC1,2029,Tehran,-3.495186624904006,-3.495186624904006,pct,PCE-weighted VKT
SC1,2030,Tehran,-4.189897502860366,-4.189897502860366,pct,PCE-weighted VKT
SC10,2024,Tehran,-0.36760023383279405,-0.36760023383279405,pct,PCE-weighted VKT
SC10,2025,Tehran,-1.7749381271348421,-1.7749381271348421,pct,PCE-weighted VKT
SC10,2026,Tehran,-6.626826538338329,-6.626826538338329,pct,PCE-weighted VKT
SC10,2027,Tehran,-7.672269307546918,-7.672269307546918,pct,PCE-weighted VKT
SC10,2028,Tehran,-7.664541515151941,-7.664541515151941,pct,PCE-weighted VKT
SC10,2029,Tehran,-7.746034646837121,-7.746034646837121,pct,PCE-weighted VKT
SC10,2030,Tehran,-7.725654096941162,-7.725654096941162,pct,PCE-weighted VKT
SC11,2024,Tehran,-0.1890898656256027,-0.1890898656256027,pct,PCE-weighted VKT
SC11,2025,Tehran,-0.5539389493485887,-0.5539389493485887,pct,PCE-weighted VKT
SC11,2026,Tehran,-6.268355473479104,-6.268355473479104,pct,PCE-weighted VKT
SC11,2027,Tehran,-8.322305704839557,-8.322305704839557,pct,PCE-weighted VKT
SC11,2028,Tehran,-8.93274728635701,-8.93274728635701,pct,PCE-weighted VKT
SC11,2029,Tehran,-9.746103925993783,-9.746103925993783,pct,PCE-weighted VKT
SC11,2030,Tehran,-10.268150176649714,-10.268150176649714,pct,PCE-weighted VKT
SC2,2024,Tehran,0.0,0.0,pct,PCE-weighted VKT
SC2,2025,Tehran,0.0,0.0,pct,PCE-weighted VKT
SC2,2026,Tehran,0.22782018926128306,0.22782018926128306,pct,PCE-weighted VKT
SC2,2027,Tehran,-0.7177382981870022,-0.7177382981870022,pct,PCE-weighted VKT
SC2,2028,Tehran,-0.6317547976608181,-0.6317547976608181,pct,PCE-weighted VKT
SC2,2029,Tehran,-1.136445278773642,-1.136445278773642,pct,PCE-weighted VKT
SC2,2030,Tehran,-1.2131117649531349,-1.2131117649531349,pct,PCE-weighted VKT
SC3,2024,Tehran,0.0,0.0,pct,PCE-weighted VKT
SC3,2025,Tehran,0.0,0.0,pct,PCE-weighted VKT
SC3,2026,Tehran,0.04874629891530392,0.04874629891530392,pct,PCE-weighted VKT
SC3,2027,Tehran,-0.12975809560140525,-0.12975809560140525,pct,PCE-weighted VKT
SC3,2028,Tehran,-0.07356060066554108,-0.07356060066554108,pct,PCE-weighted VKT
SC3,2029,Tehran,-0.27520767348178504,-0.27520767348178504,pct,PCE-weighted VKT
SC3,2030,Tehran,-0.21289991127490404,-0.21289991127490404,pct,PCE-weighted VKT
SC4,2024,Tehran,-0.166836916941302,-0.166836916941302,pct,PCE-weighted VKT
SC4,2025,Tehran,-1.2204474363342237,-1.2204474363342237,pct,PCE-weighted VKT
SC4,2026,Tehran,-1.2747167726713673,-1.2747167726713673,pct,PCE-weighted VKT
SC4,2027,Tehran,-1.2207918016605177,-1.2207918016605177,pct,PCE-weighted VKT
SC4,2028,Tehran,-1.1738137591595201,-1.1738137591595201,pct,PCE-weighted VKT
SC4,2029,Tehran,-1.034672361610102,-1.034672361610102,pct,PCE-weighted VKT
SC4,2030,Tehran,-1.0393131795109245,-1.0393131795109245,pct,PCE-weighted VKT
SC5,2024,Tehran,-0.18649300231050175,-0.18649300231050175,pct,PCE-weighted VKT
SC5,2025,Tehran,-0.4244607044752262,-0.4244607044752262,pct,PCE-weighted VKT
SC5,2026,Tehran,-5.0724888274806545,-5.0724888274806545,pct,PCE-weighted VKT
SC5,2027,Tehran,-6.095896687107509,-6.095896687107509,pct,PCE-weighted VKT
SC5,2028,Tehran,-6.148476201671876,-6.148476201671876,pct,PCE-weighted VKT
SC5,2029,Tehran,-6.35344676054401,-6.35344676054401,pct,PCE-weighted VKT
SC5,2030,Tehran,-6.343910563390644,-6.343910563390644,pct,PCE-weighted VKT
SC6,2024,Tehran,-0.005391324034973491,-0.005391324034973491,pct,PCE-weighted VKT
SC6,2025,Tehran,0.8371493339758597,0.8371493339758597,pct,PCE-weighted VKT
SC6,2026,Tehran,-3.8061841359132256,-3.8061841359132256,pct,PCE-weighted VKT
SC6,2027,Tehran,-4.715507444744986,-4.715507444744986,pct,PCE-weighted VKT
SC6,2028,Tehran,-4.6898265478643015,-4.6898265478643015,pct,PCE-weighted VKT
SC6,2029,Tehran,-4.779102567137369,-4.779102567137369,pct,PCE-weighted VKT
SC6,2030,Tehran,-4.767807441127122,-4.767807441127122,pct,PCE-weighted VKT
SC7,2024,Tehran,0.00039183168732590364,0.00039183168732590364,pct,PCE-weighted VKT
SC7,2025,Tehran,0.0009670724112068802,0.0009670724112068802,pct,PCE-weighted VKT
SC7,2026,Tehran,0.0019789940388131614,0.0019789940388131614,pct,PCE-weighted VKT
SC7,2027,Tehran,0.003320896761129828,0.003320896761129828,pct,PCE-weighted VKT
SC7,2028,Tehran,0.005576963665396886,0.005576963665396886,pct,PCE-weighted VKT
SC7,2029,Tehran,0.008490043755471573,0.008490043755471573,pct,PCE-weighted VKT
SC7,2030,Tehran,0.01209909620324754,0.01209909620324754,pct,PCE-weighted VKT
SC8,2024,Tehran,-0.17227732888279917,-0.17227732888279917,pct,PCE-weighted VKT
SC8,2025,Tehran,-0.4342726103505985,-0.4342726103505985,pct,PCE-weighted VKT
SC8,2026,Tehran,-7.061012332411373,-7.061012332411373,pct,PCE-weighted VKT
SC8,2027,Tehran,-8.42448761037092,-8.42448761037092,pct,PCE-weighted VKT
SC8,2028,Tehran,-9.199651500984624,-9.199651500984624,pct,PCE-weighted VKT
SC8,2029,Tehran,-9.489077087201627,-9.489077087201627,pct,PCE-weighted VKT
SC8,2030,Tehran,-10.115938090603645,-10.115938090603645,pct,PCE-weighted VKT
SC9,2024,Tehran,-0.27379665427531974,-0.27379665427531974,pct,PCE-weighted VKT
SC9,2025,Tehran,-1.0790405229926743,-1.0790405229926743,pct,PCE-weighted VKT
SC9,2026,Tehran,-5.601139322567636,-5.601139322567636,pct,PCE-weighted VKT
SC9,2027,Tehran,-7.608655203778722,-7.608655203778722,pct,PCE-weighted VKT
SC9,2028,Tehran,-7.540448865083714,-7.540448865083714,pct,PCE-weighted VKT
SC9,2029,Tehran,-8.183213461196372,-8.183213461196372,pct,PCE-weighted VKT
SC9,2030,Tehran,-8.256707467147015,-8.256707467147015,pct,PCE-weighted VKT
SC0,2024,Region 12,0.0,0.0,pct,CO₂ emissions
SC0,2025,Region 12,0.0,0.0,pct,CO₂ emissions
SC0,2026,Region 12,0.0,0.0,pct,CO₂ emissions
SC0,2027,Region 12,0.0,0.0,pct,CO₂ emissions
SC0,2028,Region 12,0.0,0.0,pct,CO₂ emissions
SC0,2029,Region 12,0.0,0.0,pct,CO₂ emissions
SC0,2030,Region 12,0.0,0.0,pct,CO₂ emissions
SC1,2024,Region 12,0.0,0.0,pct,CO₂ emissions
SC1,2025,Region 12,0.0,0.0,pct,CO₂ emissions
SC1,2026,Region 12,0.08470606854907545,0.08470606854907545,pct,CO₂ emissions
SC1,2027,Region 12,-0.23522778901326694,-0.23522778901326694,pct,CO₂ emissions
SC1,2028,Region 12,-0.2751241894254692,-0.2751241894254692,pct,CO₂ emissions
SC1,2029,Region 12,-0.5100840523593323,-0.5100840523593323,pct,CO₂ emissions
SC1,2030,Region 12,-0.5364892889717275,-0.5364892889717275,pct,CO₂ emissions
SC10,2024,Region 12,1.1522952257312438,1.1522952257312438,pct,CO₂ emissions
SC10,2025,Region 12,-2.5440526689466276,-2.5440526689466276,pct,CO₂ emissions
SC10,2026,Region 12,-2.672093675144673,-2.672093675144673,pct,CO₂ emissions
SC10,2027,Region 12,-2.827508995935893,-2.827508995935893,pct,CO₂ emissions
SC10,2028,Region 12,-3.1072805271829727,-3.1072805271829727,pct,CO₂ emissions
SC10,2029,Region 12,-3.287624462269921,-3.287624462269921,pct,CO₂ emissions
SC10,2030,Region 12,-3.514237075416285,-3.514237075416285,pct,CO₂ emissions
SC11,2024,Region 12,0.5093072369495373,0.5093072369495373,pct,CO₂ emissions
SC11,2025,Region 12,-1.7003755502046383,-1.7003755502046383,pct,CO₂ emissions
SC11,2026,Region 12,-1.3202064232332482,-1.3202064232332482,pct,CO₂ emissions
SC11,2027,Region 12,-2.5708521754771154,-2.5708521754771154,pct,CO₂ emissions
SC11,2028,Region 12,-2.8893107857153066,-2.8893107857153066,pct,CO₂ emissions
SC11,2029,Region 12,-4.1870529522362885,-4.1870529522362885,pct,CO₂ emissions
SC11,2030,Region 12,-4.7265624929370516,-4.7265624929370516,pct,CO₂ emissions
SC2,2024,Region 12,0.0,0.0,pct,CO₂ emissions
SC2,2025,Region 12,0.0,0.0,pct,CO₂ emissions
SC2,2026,Region 12,0.2772148081553724,0.2772148081553724,pct,CO₂ emissions
SC2,2027,Region 12,-0.7290654843066,-0.7290654843066,pct,CO₂ emissions
SC2,2028,Region 12,-0.8346425857187305,-0.8346425857187305,pct,CO₂ emissions
SC2,2029,Region 12,-1.484715568373512,-1.484715568373512,pct,CO₂ emissions
SC2,2030,Region 12,-1.9796176015603673,-1.9796176015603673,pct,CO₂ emissions
SC3,2024,Region 12,0.0,0.0,pct,CO₂ emissions
SC3,2025,Region 12,0.0,0.0,pct,CO₂ emissions
SC3,2026,Region 12,0.20398462601379122,0.20398462601379122,pct,CO₂ emissions
SC3,2027,Region 12,-0.5234727160802032,-0.5234727160802032,pct,CO₂ emissions
SC3,2028,Region 12,-0.5017827957663743,-0.5017827957663743,pct,CO₂ emissions
SC3,2029,Region 12,-1.3813996320639255,-1.3813996320639255,pct,CO₂ emissions
SC3,2030,Region 12,-1.381505983317269,-1.381505983317269,pct,CO₂ emissions
SC4,2024,Region 12,0.5327887640998846,0.5327887640998846,pct,CO₂ emissions
SC4,2025,Region 12,-1.046799436814062,-1.046799436814062,pct,CO₂ emissions
SC4,2026,Region 12,-1.4471189848149204,-1.4471189848149204,pct,CO₂ emissions
SC4,2027,Region 12,-1.5582270075204485,-1.5582270075204485,pct,CO₂ emissions
SC4,2028,Region 12,-1.6626114216453534,-1.6626114216453534,pct,CO₂ emissions
SC4,2029,Region 12,-1.4645865064306438,-1.4645865064306438,pct,CO₂ emissions
SC4,2030,Region 12,-1.403376582201474,-1.403376582201474,pct,CO₂ emissions
SC5,2024,Region 12,0.7140635616234562,0.7140635616234562,pct,CO₂ emissions
SC5,2025,Region 12,-1.291256624048105,-1.291256624048105,pct,CO₂ emissions
SC5,2026,Region 12,-1.094443965946879,-1.094443965946879,pct,CO₂ emissions
SC5,2027,Region 12,-0.95935818893811,-0.95935818893811,pct,CO₂ emissions
SC5,2028,Region 12,-0.9736340042793779,-0.9736340042793779,pct,CO₂ emissions
SC5,2029,Region 12,-1.0718524009860064,-1.0718524009860064,pct,CO₂ emissions
SC5,2030,Region 12,-1.1501718113017791,-1.1501718113017791,pct,CO₂ emissions
SC6,2024,Region 12,-0.14870184868700703,-0.14870184868700703,pct,CO₂ emissions
SC6,2025,Region 12,-0.4706361753111985,-0.4706361753111985,pct,CO₂ emissions
SC6,2026,Region 12,-0.5835687745179309,-0.5835687745179309,pct,CO₂ emissions
SC6,2027,Region 12,-0.648211050844863,-0.648211050844863,pct,CO₂ emissions
SC6,2028,Region 12,-0.695600169037796,-0.695600169037796,pct,CO₂ emissions
SC6,2029,Region 12,-0.7111178628965079,-0.7111178628965079,pct,CO₂ emissions
SC6,2030,Region 12,-0.723791047397894,-0.723791047397894,pct,CO₂ emissions
SC7,2024,Region 12,-0.23912212726194954,-0.23912212726194954,pct,CO₂ emissions
SC7,2025,Region 12,-0.34816624755504777,-0.34816624755504777,pct,CO₂ emissions
SC7,2026,Region 12,-0.6585660134852848,-0.6585660134852848,pct,CO₂ emissions
SC7,2027,Region 12,-0.8854221852682485,-0.8854221852682485,pct,CO₂ emissions
SC7,2028,Region 12,-1.493551657919801,-1.493551657919801,pct,CO₂ emissions
SC7,2029,Region 12,-1.9039116552821693,-1.9039116552821693,pct,CO₂ emissions
SC7,2030,Region 12,-2.3295414533809846,-2.3295414533809846,pct,CO₂ emissions
SC8,2024,Region 12,0.3687622994030871,0.3687622994030871,pct,CO₂ emissions
SC8,2025,Region 12,-1.5739794350122922,-1.5739794350122922,pct,CO₂ emissions
SC8,2026,Region 12,-1.8194908764107645,-1.8194908764107645,pct,CO₂ emissions
SC8,2027,Region 12,-2.6156221377940403,-2.6156221377940403,pct,CO₂ emissions
SC8,2028,Region 12,-2.8170564676726406,-2.8170564676726406,pct,CO₂ emissions
SC8,2029,Region 12,-3.1956920810485343,-3.1956920810485343,pct,CO₂ emissions
SC8,2030,Region 12,-3.1869644510428294,-3.1869644510428294,pct,CO₂ emissions
SC9,2024,Region 12,0.9817454798375246,0.9817454798375246,pct,CO₂ emissions
SC9,2025,Region 12,-1.8401149288920682,-1.8401149288920682,pct,CO₂ emissions
SC9,2026,Region 12,-1.3996653978151938,-1.3996653978151938,pct,CO₂ emissions
SC9,2027,Region 12,-2.5373629437773393,-2.5373629437773393,pct,CO₂ emissions
SC9,2028,Region 12,-2.6970127164454754,-2.6970127164454754,pct,CO₂ emissions
SC9,2029,Region 12,-3.552106796390761,-3.552106796390761,pct,CO₂ emissions
SC9,2030,Region 12,-4.078587792569007,-4.078587792569007,pct,CO₂ emissions
SC0,2024,Tehran,0.0,0.0,pct,CO₂ emissions
SC0,2025,Tehran,0.0,0.0,pct,CO₂ emissions
SC0,2026,Tehran,0.0,0.0,pct,CO₂ emissions
SC0,2027,Tehran,0.0,0.0,pct,CO₂ emissions
SC0,2028,Tehran,0.0,0.0,pct,CO₂ emissions
SC0,2029,Tehran,0.0,0.0,pct,CO₂ emissions
SC0,2030,Tehran,0.0,0.0,pct,CO₂ emissions
SC1,2024,Tehran,0.0,0.0,pct,CO₂ emissions
SC1,2025,Tehran,0.0,0.0,pct,CO₂ emissions
SC1,2026,Tehran,-1.9150299648873876,-1.9150299648873876,pct,CO₂ emissions
SC1,2027,Tehran,-2.3167678770036715,-2.3167678770036715,pct,CO₂ emissions
SC1,2028,Tehran,-4.184391946774311,-4.184391946774311,pct,CO₂ emissions
SC1,2029,Tehran,-3.56899160845013,-3.56899160845013,pct,CO₂ emissions
SC1,2030,Tehran,-4.267761299932622,-4.267761299932622,pct,CO₂ emissions
SC10,2024,Tehran,0.5020196353809155,0.5020196353809155,pct,CO₂ emissions
SC10,2025,Tehran,-1.048231672235279,-1.048231672235279,pct,CO₂ emissions
SC10,2026,Tehran,-6.558405696792071,-6.558405696792071,pct,CO₂ emissions
SC10,2027,Tehran,-7.71552573320108,-7.71552573320108,pct,CO₂ emissions
SC10,2028,Tehran,-7.872051868203311,-7.872051868203311,pct,CO₂ emissions
SC10,2029,Tehran,-8.006864197104582,-8.006864197104582,pct,CO₂ emissions
SC10,2030,Tehran,-8.03285522824518,-8.03285522824518,pct,CO₂ emissions
SC11,2024,Tehran,0.2260339653241609,0.2260339653241609,pct,CO₂ emissions
SC11,2025,Tehran,-0.26031366948249707,-0.26031366948249707,pct,CO₂ emissions
SC11,2026,Tehran,-6.658127920458807,-6.658127920458807,pct,CO₂ emissions
SC11,2027,Tehran,-8.92252961829719,-8.92252961829719,pct,CO₂ emissions
SC11,2028,Tehran,-9.604666358325632,-9.604666358325632,pct,CO₂ emissions
SC11,2029,Tehran,-10.533318145541323,-10.533318145541323,pct,CO₂ emissions
SC11,2030,Tehran,-11.15466526735764,-11.15466526735764,pct,CO₂ emissions
SC2,2024,Tehran,0.0,0.0,pct,CO₂ emissions
SC2,2025,Tehran,0.0,0.0,pct,CO₂ emissions
SC2,2026,Tehran,0.1799192904214947,0.1799192904214947,pct,CO₂ emissions
SC2,2027,Tehran,-0.8612881175059909,-0.8612881175059909,pct,CO₂ emissions
SC2,2028,Tehran,-0.7854659297543466,-0.7854659297543466,pct,CO₂ emissions
SC2,2029,Tehran,-1.345802452387852,-1.345802452387852,pct,CO₂ emissions
SC2,2030,Tehran,-1.5455708998886704,-1.5455708998886704,pct,CO₂ emissions
SC3,2024,Tehran,0.0,0.0,pct,CO₂ emissions
SC3,2025,Tehran,0.0,0.0,pct,CO₂ emissions
SC3,2026,Tehran,0.034821007489600576,0.034821007489600576,pct,CO₂ emissions
SC3,2027,Tehran,-0.1562071274859074,-0.1562071274859074,pct,CO₂ emissions
SC3,2028,Tehran,-0.1160138762205156,-0.1160138762205156,pct,CO₂ emissions
SC3,2029,Tehran,-0.3313547375149977,-0.3313547375149977,pct,CO₂ emissions
SC3,2030,Tehran,-0.2857631585292747,-0.2857631585292747,pct,CO₂ emissions
SC4,2024,Tehran,0.2535089147916741,0.2535089147916741,pct,CO₂ emissions
SC4,2025,Tehran,-0.8741962753125724,-0.8741962753125724,pct,CO₂ emissions
SC4,2026,Tehran,-0.9293482532310634,-0.9293482532310634,pct,CO₂ emissions
SC4,2027,Tehran,-0.8877008372008258,-0.8877008372008258,pct,CO₂ emissions
SC4,2028,Tehran,-0.901181151691077,-0.901181151691077,pct,CO₂ emissions
SC4,2029,Tehran,-0.7501510556515801,-0.7501510556515801,pct,CO₂ emissions
SC4,2030,Tehran,-0.7470316131677955,-0.7470316131677955,pct,CO₂ emissions
SC5,2024,Tehran,0.28854089185984255,0.28854089185984255,pct,CO₂ emissions
SC5,2025,Tehran,-0.04098977673867831,-0.04098977673867831,pct,CO₂ emissions
SC5,2026,Tehran,-5.287727307672264,-5.287727307672264,pct,CO₂ emissions
SC5,2027,Tehran,-6.369541366642668,-6.369541366642668,pct,CO₂ emissions
SC5,2028,Tehran,-6.405508105764038,-6.405508105764038,pct,CO₂ emissions
SC5,2029,Tehran,-6.603126914870986,-6.603126914870986,pct,CO₂ emissions
SC5,2030,Tehran,-6.573917367463464,-6.573917367463464,pct,CO₂ emissions
SC6,2024,Tehran,0.001081756485634941,0.001081756485634941,pct,CO₂ emissions
SC6,2025,Tehran,0.43789955438785205,0.43789955438785205,pct,CO₂ emissions
SC6,2026,Tehran,-4.859364607907055,-4.859364607907055,pct,CO₂ emissions
SC6,2027,Tehran,-5.824630578873668,-5.824630578873668,pct,CO₂ emissions
SC6,2028,Tehran,-5.794308888226898,-5.794308888226898,pct,CO₂ emissions
SC6,2029,Tehran,-5.890356661621833,-5.890356661621833,pct,CO₂ emissions
SC6,2030,Tehran,-5.886924649219636,-5.886924649219636,pct,CO₂ emissions
SC7,2024,Tehran,-0.12558804014084685,-0.12558804014084685,pct,CO₂ emissions
SC7,2025,Tehran,-0.18255885464672816,-0.18255885464672816,pct,CO₂ emissions
SC7,2026,Tehran,-0.3552081178827854,-0.3552081178827854,pct,CO₂ emissions
SC7,2027,Tehran,-0.46649964593540305,-0.46649964593540305,pct,CO₂ emissions
SC7,2028,Tehran,-0.8038898653794535,-0.8038898653794535,pct,CO₂ emissions
SC7,2029,Tehran,-1.0328484601022643,-1.0328484601022643,pct,CO₂ emissions
SC7,2030,Tehran,-1.2635040807005848,-1.2635040807005848,pct,CO₂ emissions
SC8,2024,Tehran,0.25394954764686706,0.25394954764686706,pct,CO₂ emissions
SC8,2025,Tehran,-0.4562472309496671,-0.4562472309496671,pct,CO₂ emissions
SC8,2026,Tehran,-7.744227514949638,-7.744227514949638,pct,CO₂ emissions
SC8,2027,Tehran,-9.213606366207557,-9.213606366207557,pct,CO₂ emissions
SC8,2028,Tehran,-10.054274768992382,-10.054274768992382,pct,CO₂ emissions
SC8,2029,Tehran,-10.361322689125704,-10.361322689125704,pct,CO₂ emissions
SC8,2030,Tehran,-10.98779360060669,-10.98779360060669,pct,CO₂ emissions
SC9,2024,Tehran,0.4212525904409482,0.4212525904409482,pct,CO₂ emissions
SC9,2025,Tehran,-0.48886717100726296,-0.48886717100726296,pct,CO₂ emissions
SC9,2026,Tehran,-5.655388163154633,-5.655388163154633,pct,CO₂ emissions
SC9,2027,Tehran,-7.860261141382444,-7.860261141382444,pct,CO₂ emissions
SC9,2028,Tehran,-7.812249819799575,-7.812249819799575,pct,CO₂ emissions
SC9,2029,Tehran,-8.488551872559045,-8.488551872559045,pct,CO₂ emissions
SC9,2030,Tehran,-8.656462300723925,-8.656462300723925,pct,CO₂ emissions
SC0,2024,Region 12,0.0,0.0,pct,NOₓ emissions
SC0,2025,Region 12,0.0,0.0,pct,NOₓ emissions
SC0,2026,Region 12,0.0,0.0,pct,NOₓ emissions
SC0,2027,Region 12,0.0,0.0,pct,NOₓ emissions
SC0,2028,Region 12,0.0,0.0,pct,NOₓ emissions
SC0,2029,Region 12,0.0,0.0,pct,NOₓ emissions
SC0,2030,Region 12,0.0,0.0,pct,NOₓ emissions
SC1,2024,Region 12,0.0,0.0,pct,NOₓ emissions
SC1,2025,Region 12,0.0,0.0,pct,NOₓ emissions
SC1,2026,Region 12,0.011605266287406353,0.011605266287406353,pct,NOₓ emissions
SC1,2027,Region 12,-0.29862123121822615,-0.29862123121822615,pct,NOₓ emissions
SC1,2028,Region 12,-0.38248234240610024,-0.38248234240610024,pct,NOₓ emissions
SC1,2029,Region 12,-0.6088461534994437,-0.6088461534994437,pct,NOₓ emissions
SC1,2030,Region 12,-0.669218442420695,-0.669218442420695,pct,NOₓ emissions
SC10,2024,Region 12,-1.2960509615660478,-1.2960509615660478,pct,NOₓ emissions
SC10,2025,Region 12,-8.590305851068234,-8.590305851068234,pct,NOₓ emissions
SC10,2026,Region 12,-9.522269687138701,-9.522269687138701,pct,NOₓ emissions
SC10,2027,Region 12,-10.329925818845256,-10.329925818845256,pct,NOₓ emissions
SC10,2028,Region 12,-14.527071915342123,-14.527071915342123,pct,NOₓ emissions
SC10,2029,Region 12,-15.232653345869327,-15.232653345869327,pct,NOₓ emissions
SC10,2030,Region 12,-17.66607533021006,-17.66607533021006,pct,NOₓ emissions
SC11,2024,Region 12,-0.848066370422308,-0.848066370422308,pct,NOₓ emissions
SC11,2025,Region 12,-5.853223119809632,-5.853223119809632,pct,NOₓ emissions
SC11,2026,Region 12,-6.165942735500128,-6.165942735500128,pct,NOₓ emissions
SC11,2027,Region 12,-7.91930597861633,-7.91930597861633,pct,NOₓ emissions
SC11,2028,Region 12,-11.481459268427976,-11.481459268427976,pct,NOₓ emissions
SC11,2029,Region 12,-13.191023001555962,-13.191023001555962,pct,NOₓ emissions
SC11,2030,Region 12,-15.526666713263667,-15.526666713263667,pct,NOₓ emissions
SC2,2024,Region 12,0.0,0.0,pct,NOₓ emissions
SC2,2025,Region 12,0.0,0.0,pct,NOₓ emissions
SC2,2026,Region 12,0.2938026775018408,0.2938026775018408,pct,NOₓ emissions
SC2,2027,Region 12,-0.6792234495353965,-0.6792234495353965,pct,NOₓ emissions
SC2,2028,Region 12,-0.7576148035501059,-0.7576148035501059,pct,NOₓ emissions
SC2,2029,Region 12,-1.3734733950995865,-1.3734733950995865,pct,NOₓ emissions
SC2,2030,Region 12,-1.8013325527129291,-1.8013325527129291,pct,NOₓ emissions
SC3,2024,Region 12,0.0,0.0,pct,NOₓ emissions
SC3,2025,Region 12,0.0,0.0,pct,NOₓ emissions
SC3,2026,Region 12,0.21223423044160386,0.21223423044160386,pct,NOₓ emissions
SC3,2027,Region 12,-0.49324747944797626,-0.49324747944797626,pct,NOₓ emissions
SC3,2028,Region 12,-0.4504538186203294,-0.4504538186203294,pct,NOₓ emissions
SC3,2029,Region 12,-1.3003439248446516,-1.3003439248446516,pct,NOₓ emissions
SC3,2030,Region 12,-1.277837939638417,-1.277837939638417,pct,NOₓ emissions
SC4,2024,Region 12,-0.3997929641357599,-0.3997929641357599,pct,NOₓ emissions
SC4,2025,Region 12,-1.899434164175317,-1.899434164175317,pct,NOₓ emissions
SC4,2026,Region 12,-2.2923931096072243,-2.2923931096072243,pct,NOₓ emissions
SC4,2027,Region 12,-2.384396686965335,-2.384396686965335,pct,NOₓ emissions
SC4,2028,Region 12,-2.340195015630153,-2.340195015630153,pct,NOₓ emissions
SC4,2029,Region 12,-2.145923600788806,-2.145923600788806,pct,NOₓ emissions
SC4,2030,Region 12,-2.0877206008687974,-2.0877206008687974,pct,NOₓ emissions
SC5,2024,Region 12,-0.49265024925115397,-0.49265024925115397,pct,NOₓ emissions
SC5,2025,Region 12,-2.3566904896348864,-2.3566904896348864,pct,NOₓ emissions
SC5,2026,Region 12,-2.2073969082683713,-2.2073969082683713,pct,NOₓ emissions
SC5,2027,Region 12,-2.118467176293506,-2.118467176293506,pct,NOₓ emissions
SC5,2028,Region 12,-2.1785544717614473,-2.1785544717614473,pct,NOₓ emissions
SC5,2029,Region 12,-2.2728709135790193,-2.2728709135790193,pct,NOₓ emissions
SC5,2030,Region 12,-2.3458931656421593,-2.3458931656421593,pct,NOₓ emissions
SC6,2024,Region 12,0.050987474234523454,0.050987474234523454,pct,NOₓ emissions
SC6,2025,Region 12,-5.314685665863024,-5.314685665863024,pct,NOₓ emissions
SC6,2026,Region 12,-6.2983059633754435,-6.2983059633754435,pct,NOₓ emissions
SC6,2027,Region 12,-7.098015869187897,-7.098015869187897,pct,NOₓ emissions
SC6,2028,Region 12,-12.415181024116274,-12.415181024116274,pct,NOₓ emissions
SC6,2029,Region 12,-13.02319394879205,-13.02319394879205,pct,NOₓ emissions
SC6,2030,Region 12,-15.908393228480547,-15.908393228480547,pct,NOₓ emissions
SC7,2024,Region 12,-0.7516408790515716,-0.7516408790515716,pct,NOₓ emissions
SC7,2025,Region 12,-1.0177648718813377,-1.0177648718813377,pct,NOₓ emissions
SC7,2026,Region 12,-1.7102717746324128,-1.7102717746324128,pct,NOₓ emissions
SC7,2027,Region 12,-2.2611902510230455,-2.2611902510230455,pct,NOₓ emissions
SC7,2028,Region 12,-3.5447286107995946,-3.5447286107995946,pct,NOₓ emissions
SC7,2029,Region 12,-4.481778998901515,-4.481778998901515,pct,NOₓ emissions
SC7,2030,Region 12,-5.517851485250321,-5.517851485250321,pct,NOₓ emissions
SC8,2024,Region 12,-0.34177571211430696,-0.34177571211430696,pct,NOₓ emissions
SC8,2025,Region 12,-5.374477285178999,-5.374477285178999,pct,NOₓ emissions
SC8,2026,Region 12,-6.244568398823688,-6.244568398823688,pct,NOₓ emissions
SC8,2027,Region 12,-7.483726167789194,-7.483726167789194,pct,NOₓ emissions
SC8,2028,Region 12,-10.937487659190706,-10.937487659190706,pct,NOₓ emissions
SC8,2029,Region 12,-11.689711088186012,-11.689711088186012,pct,NOₓ emissions
SC8,2030,Region 12,-13.554119974524909,-13.554119974524909,pct,NOₓ emissions
SC9,2024,Region 12,-0.693607448915389,-0.693607448915389,pct,NOₓ emissions
SC9,2025,Region 12,-4.761414587370447,-4.761414587370447,pct,NOₓ emissions
SC9,2026,Region 12,-4.615045331446274,-4.615045331446274,pct,NOₓ emissions
SC9,2027,Region 12,-5.944328691356485,-5.944328691356485,pct,NOₓ emissions
SC9,2028,Region 12,-7.560981651284273,-7.560981651284273,pct,NOₓ emissions
SC9,2029,Region 12,-8.564628756330903,-8.564628756330903,pct,NOₓ emissions
SC9,2030,Region 12,-9.868062401229723,-9.868062401229723,pct,NOₓ emissions
SC0,2024,Tehran,0.0,0.0,pct,NOₓ emissions
SC0,2025,Tehran,0.0,0.0,pct,NOₓ emissions
SC0,2026,Tehran,0.0,0.0,pct,NOₓ emissions
SC0,2027,Tehran,0.0,0.0,pct,NOₓ emissions
SC0,2028,Tehran,0.0,0.0,pct,NOₓ emissions
SC0,2029,Tehran,0.0,0.0,pct,NOₓ emissions
SC0,2030,Tehran,0.0,0.0,pct,NOₓ emissions
SC1,2024,Tehran,0.0,0.0,pct,NOₓ emissions
SC1,2025,Tehran,0.0,0.0,pct,NOₓ emissions
SC1,2026,Tehran,-1.9341286442745198,-1.9341286442745198,pct,NOₓ emissions
SC1,2027,Tehran,-2.2627536296933557,-2.2627536296933557,pct,NOₓ emissions
SC1,2028,Tehran,-4.208959300993846,-4.208959300993846,pct,NOₓ emissions
SC1,2029,Tehran,-3.5959014340440363,-3.5959014340440363,pct,NOₓ emissions
SC1,2030,Tehran,-4.3050993920211065,-4.3050993920211065,pct,NOₓ emissions
SC10,2024,Tehran,-0.018656551991877476,-0.018656551991877476,pct,NOₓ emissions
SC10,2025,Tehran,-2.5484831077358185,-2.5484831077358185,pct,NOₓ emissions
SC10,2026,Tehran,-8.364771248673366,-8.364771248673366,pct,NOₓ emissions
SC10,2027,Tehran,-9.750176093986166,-9.750176093986166,pct,NOₓ emissions
SC10,2028,Tehran,-10.78439950154595,-10.78439950154595,pct,NOₓ emissions
SC10,2029,Tehran,-11.203685686500881,-11.203685686500881,pct,NOₓ emissions
SC10,2030,Tehran,-11.82853582785305,-11.82853582785305,pct,NOₓ emissions
SC11,2024,Tehran,-0.07129232200167909,-0.07129232200167909,pct,NOₓ emissions
SC11,2025,Tehran,-1.3229238146903128,-1.3229238146903128,pct,NOₓ emissions
SC11,2026,Tehran,-7.95157802365927,-7.95157802365927,pct,NOₓ emissions
SC11,2027,Tehran,-10.352242712095306,-10.352242712095306,pct,NOₓ emissions
SC11,2028,Tehran,-11.795418292506612,-11.795418292506612,pct,NOₓ emissions
SC11,2029,Tehran,-12.961959582239114,-12.961959582239114,pct,NOₓ emissions
SC11,2030,Tehran,-14.066982419526767,-14.066982419526767,pct,NOₓ emissions
SC2,2024,Tehran,0.0,0.0,pct,NOₓ emissions
SC2,2025,Tehran,0.0,0.0,pct,NOₓ emissions
SC2,2026,Tehran,0.1824945832351701,0.1824945832351701,pct,NOₓ emissions
SC2,2027,Tehran,-0.8271884236381432,-0.8271884236381432,pct,NOₓ emissions
SC2,2028,Tehran,-0.7734817503759437,-0.7734817503759437,pct,NOₓ emissions
SC2,2029,Tehran,-1.3302039275327555,-1.3302039275327555,pct,NOₓ emissions
SC2,2030,Tehran,-1.524658139794004,-1.524658139794004,pct,NOₓ emissions
SC3,2024,Tehran,0.0,0.0,pct,NOₓ emissions
SC3,2025,Tehran,0.0,0.0,pct,NOₓ emissions
SC3,2026,Tehran,0.035403668532702895,0.035403668532702895,pct,NOₓ emissions
SC3,2027,Tehran,-0.154817978003327,-0.154817978003327,pct,NOₓ emissions
SC3,2028,Tehran,-0.11341100802737666,-0.11341100802737666,pct,NOₓ emissions
SC3,2029,Tehran,-0.3280052010267637,-0.3280052010267637,pct,NOₓ emissions
SC3,2030,Tehran,-0.28193158762236264,-0.28193158762236264,pct,NOₓ emissions
SC4,2024,Tehran,0.07439275617913614,0.07439275617913614,pct,NOₓ emissions
SC4,2025,Tehran,-1.0412425790282487,-1.0412425790282487,pct,NOₓ emissions
SC4,2026,Tehran,-1.10674851732441,-1.10674851732441,pct,NOₓ emissions
SC4,2027,Tehran,-1.0563104342742056,-1.0563104342742056,pct,NOₓ emissions
SC4,2028,Tehran,-1.0394197995858991,-1.0394197995858991,pct,NOₓ emissions
SC4,2029,Tehran,-0.8900340522844736,-0.8900340522844736,pct,NOₓ emissions
SC4,2030,Tehran,-0.8917931538034419,-0.8917931538034419,pct,NOₓ emissions
SC5,2024,Tehran,0.05390663997626899,0.05390663997626899,pct,NOₓ emissions
SC5,2025,Tehran,-0.33302996061688905,-0.33302996061688905,pct,NOₓ emissions
SC5,2026,Tehran,-5.507633994734618,-5.507633994734618,pct,NOₓ emissions
SC5,2027,Tehran,-6.564854209314787,-6.564854209314787,pct,NOₓ emissions
SC5,2028,Tehran,-6.589239359816898,-6.589239359816898,pct,NOₓ emissions
SC5,2029,Tehran,-6.793157430496866,-6.793157430496866,pct,NOₓ emissions
SC5,2030,Tehran,-6.778405162330728,-6.778405162330728,pct,NOₓ emissions
SC6,2024,Tehran,0.04267551168573216,0.04267551168573216,pct,NOₓ emissions
SC6,2025,Tehran,-0.5390367032105928,-0.5390367032105928,pct,NOₓ emissions
SC6,2026,Tehran,-6.175149001442952,-6.175149001442952,pct,NOₓ emissions
SC6,2027,Tehran,-7.430802641515463,-7.430802641515463,pct,NOₓ emissions
SC6,2028,Tehran,-8.484343758924018,-8.484343758924018,pct,NOₓ emissions
SC6,2029,Tehran,-8.896340365314025,-8.896340365314025,pct,NOₓ emissions
SC6,2030,Tehran,-9.601514194745594,-9.601514194745594,pct,NOₓ emissions
SC7,2024,Tehran,-0.29255898325171237,-0.29255898325171237,pct,NOₓ emissions
SC7,2025,Tehran,-0.4178755002328367,-0.4178755002328367,pct,NOₓ emissions
SC7,2026,Tehran,-0.7476730796588537,-0.7476730796588537,pct,NOₓ emissions
SC7,2027,Tehran,-0.9745900641062045,-0.9745900641062045,pct,NOₓ emissions
SC7,2028,Tehran,-1.62943243749992,-1.62943243749992,pct,NOₓ emissions
SC7,2029,Tehran,-2.087667108385455,-2.087667108385455,pct,NOₓ emissions
SC7,2030,Tehran,-2.5624907506570653,-2.5624907506570653,pct,NOₓ emissions
SC8,2024,Tehran,0.1211439907144687,0.1211439907144687,pct,NOₓ emissions
SC8,2025,Tehran,-1.163268163842404,-1.163268163842404,pct,NOₓ emissions
SC8,2026,Tehran,-8.649330444974241,-8.649330444974241,pct,NOₓ emissions
SC8,2027,Tehran,-10.290506726159315,-10.290506726159315,pct,NOₓ emissions
SC8,2028,Tehran,-11.784777615425652,-11.784777615425652,pct,NOₓ emissions
SC8,2029,Tehran,-12.294447612093537,-12.294447612093537,pct,NOₓ emissions
SC8,2030,Tehran,-13.371052977017461,-13.371052977017461,pct,NOₓ emissions
SC9,2024,Tehran,0.0925314721226335,0.0925314721226335,pct,NOₓ emissions
SC9,2025,Tehran,-1.2067770069287866,-1.2067770069287866,pct,NOₓ emissions
SC9,2026,Tehran,-6.438448918700555,-6.438448918700555,pct,NOₓ emissions
SC9,2027,Tehran,-8.650506047496467,-8.650506047496467,pct,NOₓ emissions
SC9,2028,Tehran,-8.955982751475219,-8.955982751475219,pct,NOₓ emissions
SC9,2029,Tehran,-9.737234141777925,-9.737234141777925,pct,NOₓ emissions
SC9,2030,Tehran,-10.157092391633926,-10.157092391633926,pct,NOₓ emissions
SC0,2024,Region 12,0.0,0.0,pct,PM₂.₅ emissions
SC0,2025,Region 12,0.0,0.0,pct,PM₂.₅ emissions
SC0,2026,Region 12,0.0,0.0,pct,PM₂.₅ emissions
SC0,2027,Region 12,0.0,0.0,pct,PM₂.₅ emissions
SC0,2028,Region 12,0.0,0.0,pct,PM₂.₅ emissions
SC0,2029,Region 12,0.0,0.0,pct,PM₂.₅ emissions
SC0,2030,Region 12,0.0,0.0,pct,PM₂.₅ emissions
SC1,2024,Region 12,0.0,0.0,pct,PM₂.₅ emissions
SC1,2025,Region 12,0.0,0.0,pct,PM₂.₅ emissions
SC1,2026,Region 12,-0.009345088318750767,-0.009345088318750767,pct,PM₂.₅ emissions
SC1,2027,Region 12,-0.14583691115087608,-0.14583691115087608,pct,PM₂.₅ emissions
SC1,2028,Region 12,-0.19463799951641095,-0.19463799951641095,pct,PM₂.₅ emissions
SC1,2029,Region 12,-0.29563088109880425,-0.29563088109880425,pct,PM₂.₅ emissions
SC1,2030,Region 12,-0.33104068902944106,-0.33104068902944106,pct,PM₂.₅ emissions
SC10,2024,Region 12,-1.9771121896868489,-1.9771121896868489,pct,PM₂.₅ emissions
SC10,2025,Region 12,-16.15575803064156,-16.15575803064156,pct,PM₂.₅ emissions
SC10,2026,Region 12,-16.95715674100914,-16.95715674100914,pct,PM₂.₅ emissions
SC10,2027,Region 12,-17.647197056724504,-17.647197056724504,pct,PM₂.₅ emissions
SC10,2028,Region 12,-25.786316408164613,-25.786316408164613,pct,PM₂.₅ emissions
SC10,2029,Region 12,-26.398459221285307,-26.398459221285307,pct,PM₂.₅ emissions
SC10,2030,Region 12,-30.74820838223537,-30.74820838223537,pct,PM₂.₅ emissions
SC11,2024,Region 12,-1.1905723814085012,-1.1905723814085012,pct,PM₂.₅ emissions
SC11,2025,Region 12,-12.015237828753138,-12.015237828753138,pct,PM₂.₅ emissions
SC11,2026,Region 12,-12.05816873408599,-12.05816873408599,pct,PM₂.₅ emissions
SC11,2027,Region 12,-13.103383960108783,-13.103383960108783,pct,PM₂.₅ emissions
SC11,2028,Region 12,-19.339144770585406,-19.339144770585406,pct,PM₂.₅ emissions
SC11,2029,Region 12,-20.1700056843871,-20.1700056843871,pct,PM₂.₅ emissions
SC11,2030,Region 12,-23.591577262662156,-23.591577262662156,pct,PM₂.₅ emissions
SC2,2024,Region 12,0.0,0.0,pct,PM₂.₅ emissions
SC2,2025,Region 12,0.0,0.0,pct,PM₂.₅ emissions
SC2,2026,Region 12,0.7647438896708093,0.7647438896708093,pct,PM₂.₅ emissions
SC2,2027,Region 12,0.3356835659126735,0.3356835659126735,pct,PM₂.₅ emissions
SC2,2028,Region 12,0.7398850993235451,0.7398850993235451,pct,PM₂.₅ emissions
SC2,2029,Region 12,0.6848597134802422,0.6848597134802422,pct,PM₂.₅ emissions
SC2,2030,Region 12,0.6477439477074355,0.6477439477074355,pct,PM₂.₅ emissions
SC3,2024,Region 12,0.0,0.0,pct,PM₂.₅ emissions
SC3,2025,Region 12,0.0,0.0,pct,PM₂.₅ emissions
SC3,2026,Region 12,0.41730286437982816,0.41730286437982816,pct,PM₂.₅ emissions
SC3,2027,Region 12,0.10665282267559457,0.10665282267559457,pct,PM₂.₅ emissions
SC3,2028,Region 12,0.4943984588475503,0.4943984588475503,pct,PM₂.₅ emissions
SC3,2029,Region 12,0.12106421372445111,0.12106421372445111,pct,PM₂.₅ emissions
SC3,2030,Region 12,0.5441012649833631,0.5441012649833631,pct,PM₂.₅ emissions
SC4,2024,Region 12,-0.8721473824804711,-0.8721473824804711,pct,PM₂.₅ emissions
SC4,2025,Region 12,-1.5809376607111014,-1.5809376607111014,pct,PM₂.₅ emissions
SC4,2026,Region 12,-1.7668985190220736,-1.7668985190220736,pct,PM₂.₅ emissions
SC4,2027,Region 12,-1.8086343947268257,-1.8086343947268257,pct,PM₂.₅ emissions
SC4,2028,Region 12,-1.685678425804838,-1.685678425804838,pct,PM₂.₅ emissions
SC4,2029,Region 12,-1.5986472115406345,-1.5986472115406345,pct,PM₂.₅ emissions
SC4,2030,Region 12,-1.5743345467216996,-1.5743345467216996,pct,PM₂.₅ emissions
SC5,2024,Region 12,-0.8484423108423669,-0.8484423108423669,pct,PM₂.₅ emissions
SC5,2025,Region 12,-2.3970266965990605,-2.3970266965990605,pct,PM₂.₅ emissions
SC5,2026,Region 12,-2.5722313020694756,-2.5722313020694756,pct,PM₂.₅ emissions
SC5,2027,Region 12,-2.6342422953310956,-2.6342422953310956,pct,PM₂.₅ emissions
SC5,2028,Region 12,-2.7247708703872107,-2.7247708703872107,pct,PM₂.₅ emissions
SC5,2029,Region 12,-2.7629741192330215,-2.7629741192330215,pct,PM₂.₅ emissions
SC5,2030,Region 12,-2.800671521656808,-2.800671521656808,pct,PM₂.₅ emissions
SC6,2024,Region 12,-0.20639632358310112,-0.20639632358310112,pct,PM₂.₅ emissions
SC6,2025,Region 12,-16.344727436133294,-16.344727436133294,pct,PM₂.₅ emissions
SC6,2026,Region 12,-17.105303158006553,-17.105303158006553,pct,PM₂.₅ emissions
SC6,2027,Region 12,-17.80670813141562,-17.80670813141562,pct,PM₂.₅ emissions
SC6,2028,Region 12,-28.862399297658182,-28.862399297658182,pct,PM₂.₅ emissions
SC6,2029,Region 12,-29.475479119808025,-29.475479119808025,pct,PM₂.₅ emissions
SC6,2030,Region 12,-35.316333871120605,-35.316333871120605,pct,PM₂.₅ emissions
SC7,2024,Region 12,-0.4363758407638683,-0.4363758407638683,pct,PM₂.₅ emissions
SC7,2025,Region 12,-0.5619259511854195,-0.5619259511854195,pct,PM₂.₅ emissions
SC7,2026,Region 12,-0.8308566444087746,-0.8308566444087746,pct,PM₂.₅ emissions
SC7,2027,Region 12,-1.074988885729466,-1.074988885729466,pct,PM₂.₅ emissions
SC7,2028,Region 12,-1.537987816379502,-1.537987816379502,pct,PM₂.₅ emissions
SC7,2029,Region 12,-1.9205600201925397,-1.9205600201925397,pct,PM₂.₅ emissions
SC7,2030,Region 12,-2.380072257659347,-2.380072257659347,pct,PM₂.₅ emissions
SC8,2024,Region 12,-1.0866362095243183,-1.0866362095243183,pct,PM₂.₅ emissions
SC8,2025,Region 12,-11.902509287913766,-11.902509287913766,pct,PM₂.₅ emissions
SC8,2026,Region 12,-12.503942928665172,-12.503942928665172,pct,PM₂.₅ emissions
SC8,2027,Region 12,-13.30208978729799,-13.30208978729799,pct,PM₂.₅ emissions
SC8,2028,Region 12,-20.170995632200867,-20.170995632200867,pct,PM₂.₅ emissions
SC8,2029,Region 12,-20.73902463171412,-20.73902463171412,pct,PM₂.₅ emissions
SC8,2030,Region 12,-24.365004894827642,-24.365004894827642,pct,PM₂.₅ emissions
SC9,2024,Region 12,-1.2873257147384398,-1.2873257147384398,pct,PM₂.₅ emissions
SC9,2025,Region 12,-7.597912060425893,-7.597912060425893,pct,PM₂.₅ emissions
SC9,2026,Region 12,-7.267019186671589,-7.267019186671589,pct,PM₂.₅ emissions
SC9,2027,Region 12,-8.034508850432552,-8.034508850432552,pct,PM₂.₅ emissions
SC9,2028,Region 12,-10.79417586438813,-10.79417586438813,pct,PM₂.₅ emissions
SC9,2029,Region 12,-11.169403877532753,-11.169403877532753,pct,PM₂.₅ emissions
SC9,2030,Region 12,-12.867627787659652,-12.867627787659652,pct,PM₂.₅ emissions
SC0,2024,Tehran,0.0,0.0,pct,PM₂.₅ emissions
SC0,2025,Tehran,0.0,0.0,pct,PM₂.₅ emissions
SC0,2026,Tehran,0.0,0.0,pct,PM₂.₅ emissions
SC0,2027,Tehran,0.0,0.0,pct,PM₂.₅ emissions
SC0,2028,Tehran,0.0,0.0,pct,PM₂.₅ emissions
SC0,2029,Tehran,0.0,0.0,pct,PM₂.₅ emissions
SC0,2030,Tehran,0.0,0.0,pct,PM₂.₅ emissions
SC1,2024,Tehran,0.0,0.0,pct,PM₂.₅ emissions
SC1,2025,Tehran,0.0,0.0,pct,PM₂.₅ emissions
SC1,2026,Tehran,-1.8533208352461255,-1.8533208352461255,pct,PM₂.₅ emissions
SC1,2027,Tehran,-2.033690808958977,-2.033690808958977,pct,PM₂.₅ emissions
SC1,2028,Tehran,-3.8206505055012614,-3.8206505055012614,pct,PM₂.₅ emissions
SC1,2029,Tehran,-3.325657394441936,-3.325657394441936,pct,PM₂.₅ emissions
SC1,2030,Tehran,-3.996864546500138,-3.996864546500138,pct,PM₂.₅ emissions
SC10,2024,Tehran,0.4837903343226034,0.4837903343226034,pct,PM₂.₅ emissions
SC10,2025,Tehran,-4.5418707973339645,-4.5418707973339645,pct,PM₂.₅ emissions
SC10,2026,Tehran,-9.09225013909292,-9.09225013909292,pct,PM₂.₅ emissions
SC10,2027,Tehran,-10.277533740902168,-10.277533740902168,pct,PM₂.₅ emissions
SC10,2028,Tehran,-13.202581922816991,-13.202581922816991,pct,PM₂.₅ emissions
SC10,2029,Tehran,-13.673798864711332,-13.673798864711332,pct,PM₂.₅ emissions
SC10,2030,Tehran,-15.296561808467033,-15.296561808467033,pct,PM₂.₅ emissions
SC11,2024,Tehran,0.20522487664332784,0.20522487664332784,pct,PM₂.₅ emissions
SC11,2025,Tehran,-2.969155584709797,-2.969155584709797,pct,PM₂.₅ emissions
SC11,2026,Tehran,-8.04426588031278,-8.04426588031278,pct,PM₂.₅ emissions
SC11,2027,Tehran,-10.032195406660456,-10.032195406660456,pct,PM₂.₅ emissions
SC11,2028,Tehran,-12.623252138123775,-12.623252138123775,pct,PM₂.₅ emissions
SC11,2029,Tehran,-13.57669554357684,-13.57669554357684,pct,PM₂.₅ emissions
SC11,2030,Tehran,-15.268362593208678,-15.268362593208678,pct,PM₂.₅ emissions
SC2,2024,Tehran,0.0,0.0,pct,PM₂.₅ emissions
SC2,2025,Tehran,0.0,0.0,pct,PM₂.₅ emissions
SC2,2026,Tehran,0.6311015425304819,0.6311015425304819,pct,PM₂.₅ emissions
SC2,2027,Tehran,-0.19098033978671874,-0.19098033978671874,pct,PM₂.₅ emissions
SC2,2028,Tehran,0.17537016163863026,0.17537016163863026,pct,PM₂.₅ emissions
SC2,2029,Tehran,-0.10951809747913036,-0.10951809747913036,pct,PM₂.₅ emissions
SC2,2030,Tehran,-0.16172570470408845,-0.16172570470408845,pct,PM₂.₅ emissions
SC3,2024,Tehran,0.0,0.0,pct,PM₂.₅ emissions
SC3,2025,Tehran,0.0,0.0,pct,PM₂.₅ emissions
SC3,2026,Tehran,0.0974105378499397,0.0974105378499397,pct,PM₂.₅ emissions
SC3,2027,Tehran,-0.056413014742822135,-0.056413014742822135,pct,PM₂.₅ emissions
SC3,2028,Tehran,0.05373670170030955,0.05373670170030955,pct,PM₂.₅ emissions
SC3,2029,Tehran,-0.11885914083634799,-0.11885914083634799,pct,PM₂.₅ emissions
SC3,2030,Tehran,0.007344484099213809,0.007344484099213809,pct,PM₂.₅ emissions
SC4,2024,Tehran,0.28846987033876387,0.28846987033876387,pct,PM₂.₅ emissions
SC4,2025,Tehran,-0.6010316242037338,-0.6010316242037338,pct,PM₂.₅ emissions
SC4,2026,Tehran,-0.6514134315773215,-0.6514134315773215,pct,PM₂.₅ emissions
SC4,2027,Tehran,-0.6201285536258166,-0.6201285536258166,pct,PM₂.₅ emissions
SC4,2028,Tehran,-0.6412405947344283,-0.6412405947344283,pct,PM₂.₅ emissions
SC4,2029,Tehran,-0.5197408838728259,-0.5197408838728259,pct,PM₂.₅ emissions
SC4,2030,Tehran,-0.5176866001141259,-0.5176866001141259,pct,PM₂.₅ emissions
SC5,2024,Tehran,0.292023292256574,0.292023292256574,pct,PM₂.₅ emissions
SC5,2025,Tehran,0.5193259129899677,0.5193259129899677,pct,PM₂.₅ emissions
SC5,2026,Tehran,-3.4636622050097015,-3.4636622050097015,pct,PM₂.₅ emissions
SC5,2027,Tehran,-4.319522551408452,-4.319522551408452,pct,PM₂.₅ emissions
SC5,2028,Tehran,-4.322143731245479,-4.322143731245479,pct,PM₂.₅ emissions
SC5,2029,Tehran,-4.478113117536367,-4.478113117536367,pct,PM₂.₅ emissions
SC5,2030,Tehran,-4.420606636258243,-4.420606636258243,pct,PM₂.₅ emissions
SC6,2024,Tehran,0.05122101562859626,0.05122101562859626,pct,PM₂.₅ emissions
SC6,2025,Tehran,-4.637228405758192,-4.637228405758192,pct,PM₂.₅ emissions
SC6,2026,Tehran,-9.149445812089903,-9.149445812089903,pct,PM₂.₅ emissions
SC6,2027,Tehran,-10.261367559851859,-10.261367559851859,pct,PM₂.₅ emissions
SC6,2028,Tehran,-13.847168315612448,-13.847168315612448,pct,PM₂.₅ emissions
SC6,2029,Tehran,-14.429015832393066,-14.429015832393066,pct,PM₂.₅ emissions
SC6,2030,Tehran,-16.568008482446352,-16.568008482446352,pct,PM₂.₅ emissions
SC7,2024,Tehran,-0.21865335083189655,-0.21865335083189655,pct,PM₂.₅ emissions
SC7,2025,Tehran,-0.30371727839816076,-0.30371727839816076,pct,PM₂.₅ emissions
SC7,2026,Tehran,-0.4644795387944699,-0.4644795387944699,pct,PM₂.₅ emissions
SC7,2027,Tehran,-0.5963748646288536,-0.5963748646288536,pct,PM₂.₅ emissions
SC7,2028,Tehran,-0.9326613814919473,-0.9326613814919473,pct,PM₂.₅ emissions
SC7,2029,Tehran,-1.1801590668825677,-1.1801590668825677,pct,PM₂.₅ emissions
SC7,2030,Tehran,-1.4485063616694185,-1.4485063616694185,pct,PM₂.₅ emissions
SC8,2024,Tehran,0.3439934516023549,0.3439934516023549,pct,PM₂.₅ emissions
SC8,2025,Tehran,-3.248840163937847,-3.248840163937847,pct,PM₂.₅ emissions
SC8,2026,Tehran,-9.446360312308617,-9.446360312308617,pct,PM₂.₅ emissions
SC8,2027,Tehran,-10.854962338951866,-10.854962338951866,pct,PM₂.₅ emissions
SC8,2028,Tehran,-13.91192518022345,-13.91192518022345,pct,PM₂.₅ emissions
SC8,2029,Tehran,-14.483062525414207,-14.483062525414207,pct,PM₂.₅ emissions
SC8,2030,Tehran,-16.375245044864453,-16.375245044864453,pct,PM₂.₅ emissions
SC9,2024,Tehran,0.4426596980346093,0.4426596980346093,pct,PM₂.₅ emissions
SC9,2025,Tehran,-1.3918036150099617,-1.3918036150099617,pct,PM₂.₅ emissions
SC9,2026,Tehran,-5.005526266222659,-5.005526266222659,pct,PM₂.₅ emissions
SC9,2027,Tehran,-6.845280488496024,-6.845280488496024,pct,PM₂.₅ emissions
SC9,2028,Tehran,-7.63284737530739,-7.63284737530739,pct,PM₂.₅ emissions
SC9,2029,Tehran,-8.189727890224804,-8.189727890224804,pct,PM₂.₅ emissions
SC9,2030,Tehran,-8.864443838518607,-8.864443838518607,pct,PM₂.₅ emissions
SC0,2024,Region 12,0.0,0.0,pct,Health indicator
SC0,2025,Region 12,0.0,0.0,pct,Health indicator
SC0,2026,Region 12,0.0,0.0,pct,Health indicator
SC0,2027,Region 12,0.0,0.0,pct,Health indicator
SC0,2028,Region 12,0.0,0.0,pct,Health indicator
SC0,2029,Region 12,0.0,0.0,pct,Health indicator
SC0,2030,Region 12,0.0,0.0,pct,Health indicator
SC1,2024,Region 12,0.0,0.0,pct,Health indicator
SC1,2025,Region 12,0.0,0.0,pct,Health indicator
SC1,2026,Region 12,-0.599522195110073,-0.599522195110073,pct,Health indicator
SC1,2027,Region 12,-0.8875128326638858,-0.8875128326638858,pct,Health indicator
SC1,2028,Region 12,-1.5415799306943616,-1.5415799306943616,pct,Health indicator
SC1,2029,Region 12,-1.5451490421752363,-1.5451490421752363,pct,Health indicator
SC1,2030,Region 12,-1.7495067793134584,-1.7495067793134584,pct,Health indicator
SC10,2024,Region 12,-0.3492935323975853,-0.3492935323975853,pct,Health indicator
SC10,2025,Region 12,-2.9547686571307765,-2.9547686571307765,pct,Health indicator
SC10,2026,Region 12,-5.061953872035921,-5.061953872035921,pct,Health indicator
SC10,2027,Region 12,-6.011470455603209,-6.011470455603209,pct,Health indicator
SC10,2028,Region 12,-7.4646613761318825,-7.4646613761318825,pct,Health indicator
SC10,2029,Region 12,-7.776680562199475,-7.776680562199475,pct,Health indicator
SC10,2030,Region 12,-8.61314957252513,-8.61314957252513,pct,Health indicator
SC11,2024,Region 12,-0.23931055540769966,-0.23931055540769966,pct,Health indicator
SC11,2025,Region 12,-1.8524533893568673,-1.8524533893568673,pct,Health indicator
SC11,2026,Region 12,-3.9945732211163736,-3.9945732211163736,pct,Health indicator
SC11,2027,Region 12,-5.566735629987704,-5.566735629987704,pct,Health indicator
SC11,2028,Region 12,-7.043738615564219,-7.043738615564219,pct,Health indicator
SC11,2029,Region 12,-7.897496161189118,-7.897496161189118,pct,Health indicator
SC11,2030,Region 12,-8.902413893789495,-8.902413893789495,pct,Health indicator
SC2,2024,Region 12,0.0,0.0,pct,Health indicator
SC2,2025,Region 12,0.0,0.0,pct,Health indicator
SC2,2026,Region 12,0.12975196250013277,0.12975196250013277,pct,Health indicator
SC2,2027,Region 12,-0.4056045169684614,-0.4056045169684614,pct,Health indicator
SC2,2028,Region 12,-0.4662781123225464,-0.4662781123225464,pct,Health indicator
SC2,2029,Region 12,-0.781778810534862,-0.781778810534862,pct,Health indicator
SC2,2030,Region 12,-0.971899821859501,-0.971899821859501,pct,Health indicator
SC3,2024,Region 12,0.0,0.0,pct,Health indicator
SC3,2025,Region 12,0.0,0.0,pct,Health indicator
SC3,2026,Region 12,0.06428512446127282,0.06428512446127282,pct,Health indicator
SC3,2027,Region 12,-0.16385458406593295,-0.16385458406593295,pct,Health indicator
SC3,2028,Region 12,-0.15053700822843386,-0.15053700822843386,pct,Health indicator
SC3,2029,Region 12,-0.42145199949726475,-0.42145199949726475,pct,Health indicator
SC3,2030,Region 12,-0.4129214556745784,-0.4129214556745784,pct,Health indicator
SC4,2024,Region 12,-0.09142824133573087,-0.09142824133573087,pct,Health indicator
SC4,2025,Region 12,-0.8155329225914162,-0.8155329225914162,pct,Health indicator
SC4,2026,Region 12,-1.0020467368695474,-1.0020467368695474,pct,Health indicator
SC4,2027,Region 12,-1.013141295918225,-1.013141295918225,pct,Health indicator
SC4,2028,Region 12,-0.9918493665628454,-0.9918493665628454,pct,Health indicator
SC4,2029,Region 12,-0.8954250721802063,-0.8954250721802063,pct,Health indicator
SC4,2030,Region 12,-0.8729444046199875,-0.8729444046199875,pct,Health indicator
SC5,2024,Region 12,-0.1205000916154772,-0.1205000916154772,pct,Health indicator
SC5,2025,Region 12,-0.7056678527574848,-0.7056678527574848,pct,Health indicator
SC5,2026,Region 12,-2.281679540934506,-2.281679540934506,pct,Health indicator
SC5,2027,Region 12,-2.9034309750986327,-2.9034309750986327,pct,Health indicator
SC5,2028,Region 12,-3.002690016051465,-3.002690016051465,pct,Health indicator
SC5,2029,Region 12,-3.101814123337087,-3.101814123337087,pct,Health indicator
SC5,2030,Region 12,-3.134981956040718,-3.134981956040718,pct,Health indicator
SC6,2024,Region 12,0.02238694770072359,0.02238694770072359,pct,Health indicator
SC6,2025,Region 12,-1.4287344578254382,-1.4287344578254382,pct,Health indicator
SC6,2026,Region 12,-3.3307387124833805,-3.3307387124833805,pct,Health indicator
SC6,2027,Region 12,-4.212753645294399,-4.212753645294399,pct,Health indicator
SC6,2028,Region 12,-5.934689457054027,-5.934689457054027,pct,Health indicator
SC6,2029,Region 12,-6.213449289316023,-6.213449289316023,pct,Health indicator
SC6,2030,Region 12,-7.186119902793473,-7.186119902793473,pct,Health indicator
SC7,2024,Region 12,-0.257027981557804,-0.257027981557804,pct,Health indicator
SC7,2025,Region 12,-0.3538458941704752,-0.3538458941704752,pct,Health indicator
SC7,2026,Region 12,-0.60702671318606,-0.60702671318606,pct,Health indicator
SC7,2027,Region 12,-0.8000120429915115,-0.8000120429915115,pct,Health indicator
SC7,2028,Region 12,-1.2818456407998418,-1.2818456407998418,pct,Health indicator
SC7,2029,Region 12,-1.6309153878601736,-1.6309153878601736,pct,Health indicator
SC7,2030,Region 12,-2.0106511005337437,-2.0106511005337437,pct,Health indicator
SC8,2024,Region 12,-0.06630241140071826,-0.06630241140071826,pct,Health indicator
SC8,2025,Region 12,-1.6820212884462122,-1.6820212884462122,pct,Health indicator
SC8,2026,Region 12,-4.237870307264593,-4.237870307264593,pct,Health indicator
SC8,2027,Region 12,-5.497287284410911,-5.497287284410911,pct,Health indicator
SC8,2028,Region 12,-6.924474531119175,-6.924474531119175,pct,Health indicator
SC8,2029,Region 12,-7.333763952304645,-7.333763952304645,pct,Health indicator
SC8,2030,Region 12,-8.174790886425015,-8.174790886425015,pct,Health indicator
SC9,2024,Region 12,-0.16654165224273046,-0.16654165224273046,pct,Health indicator
SC9,2025,Region 12,-1.5787651899929434,-1.5787651899929434,pct,Health indicator
SC9,2026,Region 12,-3.200941018969441,-3.200941018969441,pct,Health indicator
SC9,2027,Region 12,-4.531605779550218,-4.531605779550218,pct,Health indicator
SC9,2028,Region 12,-5.154491976626783,-5.154491976626783,pct,Health indicator
SC9,2029,Region 12,-5.656225731612012,-5.656225731612012,pct,Health indicator
SC9,2030,Region 12,-6.152346213969216,-6.152346213969216,pct,Health indicator
SC0,2024,Tehran,0.0,0.0,pct,Health indicator
SC0,2025,Tehran,0.0,0.0,pct,Health indicator
SC0,2026,Tehran,0.0,0.0,pct,Health indicator
SC0,2027,Tehran,0.0,0.0,pct,Health indicator
SC0,2028,Tehran,0.0,0.0,pct,Health indicator
SC0,2029,Tehran,0.0,0.0,pct,Health indicator
SC0,2030,Tehran,0.0,0.0,pct,Health indicator
SC1,2024,Tehran,0.0,0.0,pct,Health indicator
SC1,2025,Tehran,0.0,0.0,pct,Health indicator
SC1,2026,Tehran,-0.9486674867771627,-0.9486674867771627,pct,Health indicator
SC1,2027,Tehran,-1.1045383919383889,-1.1045383919383889,pct,Health indicator
SC1,2028,Tehran,-2.067902767089185,-2.067902767089185,pct,Health indicator
SC1,2029,Tehran,-1.7650718717837448,-1.7650718717837448,pct,Health indicator
SC1,2030,Tehran,-2.116949206001527,-2.116949206001527,pct,Health indicator
SC10,2024,Tehran,0.021899687667167753,0.021899687667167753,pct,Health indicator
SC10,2025,Tehran,-1.3847195089316215,-1.3847195089316215,pct,Health indicator
SC10,2026,Tehran,-4.201159552308878,-4.201159552308878,pct,Health indicator
SC10,2027,Tehran,-4.899706699520384,-4.899706699520384,pct,Health indicator
SC10,2028,Tehran,-5.5502931437754714,-5.5502931437754714,pct,Health indicator
SC10,2029,Tehran,-5.762881903694991,-5.762881903694991,pct,Health indicator
SC10,2030,Tehran,-6.143729295669741,-6.143729295669741,pct,Health indicator
SC11,2024,Tehran,-0.017755943145833376,-0.017755943145833376,pct,Health indicator
SC11,2025,Tehran,-0.7559381159817665,-0.7559381159817665,pct,Health indicator
SC11,2026,Tehran,-3.955345376292965,-3.955345376292965,pct,Health indicator
SC11,2027,Tehran,-5.15395375146616,-5.15395375146616,pct,Health indicator
SC11,2028,Tehran,-5.967016042767638,-5.967016042767638,pct,Health indicator
SC11,2029,Tehran,-6.5463344148771405,-6.5463344148771405,pct,Health indicator
SC11,2030,Tehran,-7.148838155350797,-7.148838155350797,pct,Health indicator
SC2,2024,Tehran,0.0,0.0,pct,Health indicator
SC2,2025,Tehran,0.0,0.0,pct,Health indicator
SC2,2026,Tehran,0.1178288977640112,0.1178288977640112,pct,Health indicator
SC2,2027,Tehran,-0.3694595145854343,-0.3694595145854343,pct,Health indicator
SC2,2028,Tehran,-0.322750380374528,-0.322750380374528,pct,Health indicator
SC2,2029,Tehran,-0.5818118267362733,-0.5818118267362733,pct,Health indicator
SC2,2030,Tehran,-0.6684597009492689,-0.6684597009492689,pct,Health indicator
SC3,2024,Tehran,0.0,0.0,pct,Health indicator
SC3,2025,Tehran,0.0,0.0,pct,Health indicator
SC3,2026,Tehran,0.02129582544659124,0.02129582544659124,pct,Health indicator
SC3,2027,Tehran,-0.07038458138252868,-0.07038458138252868,pct,Health indicator
SC3,2028,Tehran,-0.0454549747593115,-0.0454549747593115,pct,Health indicator
SC3,2029,Tehran,-0.1492712579344549,-0.1492712579344549,pct,Health indicator
SC3,2030,Tehran,-0.12087718056739022,-0.12087718056739022,pct,Health indicator
SC4,2024,Tehran,0.049545530288541154,0.049545530288541154,pct,Health indicator
SC4,2025,Tehran,-0.48629647887538063,-0.48629647887538063,pct,Health indicator
SC4,2026,Tehran,-0.5153803882808997,-0.5153803882808997,pct,Health indicator
SC4,2027,Tehran,-0.49251889163646834,-0.49251889163646834,pct,Health indicator
SC4,2028,Tehran,-0.4864879742035787,-0.4864879742035787,pct,Health indicator
SC4,2029,Tehran,-0.41309646703259884,-0.41309646703259884,pct,Health indicator
SC4,2030,Tehran,-0.41301329498526707,-0.41301329498526707,pct,Health indicator
SC5,2024,Tehran,0.04102503135749855,0.04102503135749855,pct,Health indicator
SC5,2025,Tehran,-0.11094127017947278,-0.11094127017947278,pct,Health indicator
SC5,2026,Tehran,-2.6000634441670463,-2.6000634441670463,pct,Health indicator
SC5,2027,Tehran,-3.1234947482443243,-3.1234947482443243,pct,Health indicator
SC5,2028,Tehran,-3.134851467442911,-3.134851467442911,pct,Health indicator
SC5,2029,Tehran,-3.2303123288749584,-3.2303123288749584,pct,Health indicator
SC5,2030,Tehran,-3.215334138205461,-3.215334138205461,pct,Health indicator
SC6,2024,Tehran,0.021370205539731044,0.021370205539731044,pct,Health indicator
SC6,2025,Tehran,-0.522449540473052,-0.522449540473052,pct,Health indicator
SC6,2026,Tehran,-3.247102671370238,-3.247102671370238,pct,Health indicator
SC6,2027,Tehran,-3.8777603251000348,-3.8777603251000348,pct,Health indicator
SC6,2028,Tehran,-4.5758831191259794,-4.5758831191259794,pct,Health indicator
SC6,2029,Tehran,-4.792888086237477,-4.792888086237477,pct,Health indicator
SC6,2030,Tehran,-5.243193206608563,-5.243193206608563,pct,Health indicator
SC7,2024,Tehran,-0.13838373526921632,-0.13838373526921632,pct,Health indicator
SC7,2025,Tehran,-0.19845877306969703,-0.19845877306969703,pct,Health indicator
SC7,2026,Tehran,-0.3494118527742665,-0.3494118527742665,pct,Health indicator
SC7,2027,Tehran,-0.45645263259018926,-0.45645263259018926,pct,Health indicator
SC7,2028,Tehran,-0.7619295006717932,-0.7619295006717932,pct,Health indicator
SC7,2029,Tehran,-0.9758673040596922,-0.9758673040596922,pct,Health indicator
SC7,2030,Tehran,-1.1985855827621068,-1.1985855827621068,pct,Health indicator
SC8,2024,Tehran,0.07291567349604303,0.07291567349604303,pct,Health indicator
SC8,2025,Tehran,-0.7047881838989106,-0.7047881838989106,pct,Health indicator
SC8,2026,Tehran,-4.350646357674402,-4.350646357674402,pct,Health indicator
SC8,2027,Tehran,-5.177946872984602,-5.177946872984602,pct,Health indicator
SC8,2028,Tehran,-6.043915618798669,-6.043915618798669,pct,Health indicator
SC8,2029,Tehran,-6.303637357783975,-6.303637357783975,pct,Health indicator
SC8,2030,Tehran,-6.906180879682498,-6.906180879682498,pct,Health indicator
SC9,2024,Tehran,0.06680002787938927,0.06680002787938927,pct,Health indicator
SC9,2025,Tehran,-0.6072730201903114,-0.6072730201903114,pct,Health indicator
SC9,2026,Tehran,-3.10200047593325,-3.10200047593325,pct,Health indicator
SC9,2027,Tehran,-4.200376067666729,-4.200376067666729,pct,Health indicator
SC9,2028,Tehran,-4.387492962839598,-4.387492962839598,pct,Health indicator
SC9,2029,Tehran,-4.765505446053169,-4.765505446053169,pct,Health indicator
SC9,2030,Tehran,-4.9908792318327855,-4.9908792318327855,pct,Health indicator
SC0,2024,Region 12,0.0,0.0,pct,PT affordability ratio
SC0,2025,Region 12,0.0,0.0,pct,PT affordability ratio
SC0,2026,Region 12,0.0,0.0,pct,PT affordability ratio
SC0,2027,Region 12,0.0,0.0,pct,PT affordability ratio
SC0,2028,Region 12,0.0,0.0,pct,PT affordability ratio
SC0,2029,Region 12,0.0,0.0,pct,PT affordability ratio
SC0,2030,Region 12,0.0,0.0,pct,PT affordability ratio
SC1,2024,Region 12,0.0,0.0,pct,PT affordability ratio
SC1,2025,Region 12,0.0,0.0,pct,PT affordability ratio
SC1,2026,Region 12,-1.629706518481251,-1.629706518481251,pct,PT affordability ratio
SC1,2027,Region 12,-1.5206451682873778,-1.5206451682873778,pct,PT affordability ratio
SC1,2028,Region 12,-2.2507989707189924,-2.2507989707189924,pct,PT affordability ratio
SC1,2029,Region 12,-2.1641416130612026,-2.1641416130612026,pct,PT affordability ratio
SC1,2030,Region 12,-2.71334417989647,-2.71334417989647,pct,PT affordability ratio
SC10,2024,Region 12,2.422807857833564,2.422807857833564,pct,PT affordability ratio
SC10,2025,Region 12,-1.9563905298862254,-1.9563905298862254,pct,PT affordability ratio
SC10,2026,Region 12,-7.016213226672738,-7.016213226672738,pct,PT affordability ratio
SC10,2027,Region 12,-12.063657867276504,-12.063657867276504,pct,PT affordability ratio
SC10,2028,Region 12,-16.616613815913922,-16.616613815913922,pct,PT affordability ratio
SC10,2029,Region 12,-21.19859208940697,-21.19859208940697,pct,PT affordability ratio
SC10,2030,Region 12,-25.456023488765346,-25.456023488765346,pct,PT affordability ratio
SC11,2024,Region 12,3.9817850982458776,3.9817850982458776,pct,PT affordability ratio
SC11,2025,Region 12,3.4694775186206805,3.4694775186206805,pct,PT affordability ratio
SC11,2026,Region 12,2.3927210550995492,2.3927210550995492,pct,PT affordability ratio
SC11,2027,Region 12,1.8414169908521436,1.8414169908521436,pct,PT affordability ratio
SC11,2028,Region 12,1.141594882769484,1.141594882769484,pct,PT affordability ratio
SC11,2029,Region 12,0.15775867341736746,0.15775867341736746,pct,PT affordability ratio
SC11,2030,Region 12,-1.2804578030933034,-1.2804578030933034,pct,PT affordability ratio
SC2,2024,Region 12,0.0,0.0,pct,PT affordability ratio
SC2,2025,Region 12,0.0,0.0,pct,PT affordability ratio
SC2,2026,Region 12,0.8108370665287443,0.8108370665287443,pct,PT affordability ratio
SC2,2027,Region 12,1.059838347591132,1.059838347591132,pct,PT affordability ratio
SC2,2028,Region 12,1.6770118921724353,1.6770118921724353,pct,PT affordability ratio
SC2,2029,Region 12,2.1341915555099247,2.1341915555099247,pct,PT affordability ratio
SC2,2030,Region 12,2.93611158267172,2.93611158267172,pct,PT affordability ratio
SC3,2024,Region 12,0.0,0.0,pct,PT affordability ratio
SC3,2025,Region 12,0.0,0.0,pct,PT affordability ratio
SC3,2026,Region 12,0.4017895023204113,0.4017895023204113,pct,PT affordability ratio
SC3,2027,Region 12,0.5179218452985022,0.5179218452985022,pct,PT affordability ratio
SC3,2028,Region 12,1.0068445083600144,1.0068445083600144,pct,PT affordability ratio
SC3,2029,Region 12,1.1597604954103602,1.1597604954103602,pct,PT affordability ratio
SC3,2030,Region 12,1.719188994715622,1.719188994715622,pct,PT affordability ratio
SC4,2024,Region 12,-1.6357228210958124,-1.6357228210958124,pct,PT affordability ratio
SC4,2025,Region 12,-6.34952134728914,-6.34952134728914,pct,PT affordability ratio
SC4,2026,Region 12,-11.692281654359077,-11.692281654359077,pct,PT affordability ratio
SC4,2027,Region 12,-16.987320776403816,-16.987320776403816,pct,PT affordability ratio
SC4,2028,Region 12,-21.84688078538025,-21.84688078538025,pct,PT affordability ratio
SC4,2029,Region 12,-26.167186517922886,-26.167186517922886,pct,PT affordability ratio
SC4,2030,Region 12,-30.187909111440163,-30.187909111440163,pct,PT affordability ratio
SC5,2024,Region 12,4.211339643891763,4.211339643891763,pct,PT affordability ratio
SC5,2025,Region 12,4.555828215142363,4.555828215142363,pct,PT affordability ratio
SC5,2026,Region 12,4.960875111768093,4.960875111768093,pct,PT affordability ratio
SC5,2027,Region 12,5.485901601420115,5.485901601420115,pct,PT affordability ratio
SC5,2028,Region 12,6.101509478211172,6.101509478211172,pct,PT affordability ratio
SC5,2029,Region 12,6.262789325936763,6.262789325936763,pct,PT affordability ratio
SC5,2030,Region 12,6.285623328776152,6.285623328776152,pct,PT affordability ratio
SC6,2024,Region 12,1.5337750019302958,1.5337750019302958,pct,PT affordability ratio
SC6,2025,Region 12,2.135928330818888,2.135928330818888,pct,PT affordability ratio
SC6,2026,Region 12,2.48519024228418,2.48519024228418,pct,PT affordability ratio
SC6,2027,Region 12,2.7122201961513364,2.7122201961513364,pct,PT affordability ratio
SC6,2028,Region 12,2.9216853584946056,2.9216853584946056,pct,PT affordability ratio
SC6,2029,Region 12,3.08983025747552,3.08983025747552,pct,PT affordability ratio
SC6,2030,Region 12,3.2718086319564263,3.2718086319564263,pct,PT affordability ratio
SC7,2024,Region 12,0.0,0.0,pct,PT affordability ratio
SC7,2025,Region 12,0.0,0.0,pct,PT affordability ratio
SC7,2026,Region 12,0.0,0.0,pct,PT affordability ratio
SC7,2027,Region 12,0.0,0.0,pct,PT affordability ratio
SC7,2028,Region 12,0.0,0.0,pct,PT affordability ratio
SC7,2029,Region 12,0.0,0.0,pct,PT affordability ratio
SC7,2030,Region 12,0.0,0.0,pct,PT affordability ratio
SC8,2024,Region 12,-0.14027002861678306,-0.14027002861678306,pct,PT affordability ratio
SC8,2025,Region 12,-4.247440552604031,-4.247440552604031,pct,PT affordability ratio
SC8,2026,Region 12,-10.875924468440864,-10.875924468440864,pct,PT affordability ratio
SC8,2027,Region 12,-15.978894750732975,-15.978894750732975,pct,PT affordability ratio
SC8,2028,Region 12,-21.25351251329252,-21.25351251329252,pct,PT affordability ratio
SC8,2029,Region 12,-25.434677143366347,-25.434677143366347,pct,PT affordability ratio
SC8,2030,Region 12,-29.723628247439542,-29.723628247439542,pct,PT affordability ratio
SC9,2024,Region 12,3.037778501119269,3.037778501119269,pct,PT affordability ratio
SC9,2025,Region 12,0.7588153464239855,0.7588153464239855,pct,PT affordability ratio
SC9,2026,Region 12,-1.4362855308946036,-1.4362855308946036,pct,PT affordability ratio
SC9,2027,Region 12,-4.226074693444406,-4.226074693444406,pct,PT affordability ratio
SC9,2028,Region 12,-6.3284924561501015,-6.3284924561501015,pct,PT affordability ratio
SC9,2029,Region 12,-8.686702827213388,-8.686702827213388,pct,PT affordability ratio
SC9,2030,Region 12,-10.641391907505616,-10.641391907505616,pct,PT affordability ratio
SC0,2024,Tehran,0.0,0.0,pct,PT affordability ratio
SC0,2025,Tehran,0.0,0.0,pct,PT affordability ratio
SC0,2026,Tehran,0.0,0.0,pct,PT affordability ratio
SC0,2027,Tehran,0.0,0.0,pct,PT affordability ratio
SC0,2028,Tehran,0.0,0.0,pct,PT affordability ratio
SC0,2029,Tehran,0.0,0.0,pct,PT affordability ratio
SC0,2030,Tehran,0.0,0.0,pct,PT affordability ratio
SC1,2024,Tehran,0.0,0.0,pct,PT affordability ratio
SC1,2025,Tehran,0.0,0.0,pct,PT affordability ratio
SC1,2026,Tehran,-0.750585670691042,-0.750585670691042,pct,PT affordability ratio
SC1,2027,Tehran,4.805987295080298,4.805987295080298,pct,PT affordability ratio
SC1,2028,Tehran,-0.9322877444808194,-0.9322877444808194,pct,PT affordability ratio
SC1,2029,Tehran,-0.9352246430245279,-0.9352246430245279,pct,PT affordability ratio
SC1,2030,Tehran,-1.0871371476004204,-1.0871371476004204,pct,PT affordability ratio
SC10,2024,Tehran,11.850032331032242,11.850032331032242,pct,PT affordability ratio
SC10,2025,Tehran,29.0960765561058,29.0960765561058,pct,PT affordability ratio
SC10,2026,Tehran,29.447867978988217,29.447867978988217,pct,PT affordability ratio
SC10,2027,Tehran,23.55816387203044,23.55816387203044,pct,PT affordability ratio
SC10,2028,Tehran,17.36874921668662,17.36874921668662,pct,PT affordability ratio
SC10,2029,Tehran,11.33830376982375,11.33830376982375,pct,PT affordability ratio
SC10,2030,Tehran,5.906985388120474,5.906985388120474,pct,PT affordability ratio
SC11,2024,Tehran,9.27350631729867,9.27350631729867,pct,PT affordability ratio
SC11,2025,Tehran,33.29429937849862,33.29429937849862,pct,PT affordability ratio
SC11,2026,Tehran,42.29683226269519,42.29683226269519,pct,PT affordability ratio
SC11,2027,Tehran,44.03196835507776,44.03196835507776,pct,PT affordability ratio
SC11,2028,Tehran,43.93854142697972,43.93854142697972,pct,PT affordability ratio
SC11,2029,Tehran,42.67919463039367,42.67919463039367,pct,PT affordability ratio
SC11,2030,Tehran,41.87819506877273,41.87819506877273,pct,PT affordability ratio
SC2,2024,Tehran,0.0,0.0,pct,PT affordability ratio
SC2,2025,Tehran,0.0,0.0,pct,PT affordability ratio
SC2,2026,Tehran,2.6095063604666513,2.6095063604666513,pct,PT affordability ratio
SC2,2027,Tehran,3.616669965934996,3.616669965934996,pct,PT affordability ratio
SC2,2028,Tehran,4.387474983181314,4.387474983181314,pct,PT affordability ratio
SC2,2029,Tehran,5.275339365412573,5.275339365412573,pct,PT affordability ratio
SC2,2030,Tehran,5.561261975526347,5.561261975526347,pct,PT affordability ratio
SC3,2024,Tehran,0.0,0.0,pct,PT affordability ratio
SC3,2025,Tehran,0.0,0.0,pct,PT affordability ratio
SC3,2026,Tehran,0.3580370982538621,0.3580370982538621,pct,PT affordability ratio
SC3,2027,Tehran,0.35972959541605953,0.35972959541605953,pct,PT affordability ratio
SC3,2028,Tehran,0.7682069757069706,0.7682069757069706,pct,PT affordability ratio
SC3,2029,Tehran,0.7675630556363832,0.7675630556363832,pct,PT affordability ratio
SC3,2030,Tehran,1.2337225816637665,1.2337225816637665,pct,PT affordability ratio
SC4,2024,Tehran,2.93284754747588,2.93284754747588,pct,PT affordability ratio
SC4,2025,Tehran,-3.3782364018716744,-3.3782364018716744,pct,PT affordability ratio
SC4,2026,Tehran,-9.094695814394376,-9.094695814394376,pct,PT affordability ratio
SC4,2027,Tehran,-14.598688043880026,-14.598688043880026,pct,PT affordability ratio
SC4,2028,Tehran,-20.10603122536974,-20.10603122536974,pct,PT affordability ratio
SC4,2029,Tehran,-24.369051422952957,-24.369051422952957,pct,PT affordability ratio
SC4,2030,Tehran,-28.385322404454417,-28.385322404454417,pct,PT affordability ratio
SC5,2024,Tehran,8.786404385264504,8.786404385264504,pct,PT affordability ratio
SC5,2025,Tehran,34.29784751979693,34.29784751979693,pct,PT affordability ratio
SC5,2026,Tehran,43.357658906193016,43.357658906193016,pct,PT affordability ratio
SC5,2027,Tehran,45.852096879556555,45.852096879556555,pct,PT affordability ratio
SC5,2028,Tehran,48.07403683611414,48.07403683611414,pct,PT affordability ratio
SC5,2029,Tehran,48.55899847443329,48.55899847443329,pct,PT affordability ratio
SC5,2030,Tehran,49.32226210851407,49.32226210851407,pct,PT affordability ratio
SC6,2024,Tehran,2.8462300211075253,2.8462300211075253,pct,PT affordability ratio
SC6,2025,Tehran,28.345616902924277,28.345616902924277,pct,PT affordability ratio
SC6,2026,Tehran,36.07321640413657,36.07321640413657,pct,PT affordability ratio
SC6,2027,Tehran,37.84780893958149,37.84780893958149,pct,PT affordability ratio
SC6,2028,Tehran,39.47719349679915,39.47719349679915,pct,PT affordability ratio
SC6,2029,Tehran,40.26150892159825,40.26150892159825,pct,PT affordability ratio
SC6,2030,Tehran,41.22518022770835,41.22518022770835,pct,PT affordability ratio
SC7,2024,Tehran,0.0,0.0,pct,PT affordability ratio
SC7,2025,Tehran,0.0,0.0,pct,PT affordability ratio
SC7,2026,Tehran,0.0,0.0,pct,PT affordability ratio
SC7,2027,Tehran,0.0,0.0,pct,PT affordability ratio
SC7,2028,Tehran,0.0,0.0,pct,PT affordability ratio
SC7,2029,Tehran,0.0,0.0,pct,PT affordability ratio
SC7,2030,Tehran,0.0,0.0,pct,PT affordability ratio
SC8,2024,Tehran,5.824908422933628,5.824908422933628,pct,PT affordability ratio
SC8,2025,Tehran,23.399918311281205,23.399918311281205,pct,PT affordability ratio
SC8,2026,Tehran,21.761247703078233,21.761247703078233,pct,PT affordability ratio
SC8,2027,Tehran,15.625820976619034,15.625820976619034,pct,PT affordability ratio
SC8,2028,Tehran,9.123360020421693,9.123360020421693,pct,PT affordability ratio
SC8,2029,Tehran,3.6483139547240198,3.6483139547240198,pct,PT affordability ratio
SC8,2030,Tehran,-1.487629178762105,-1.487629178762105,pct,PT affordability ratio
SC9,2024,Tehran,9.99494841414213,9.99494841414213,pct,PT affordability ratio
SC9,2025,Tehran,30.96422591196201,30.96422591196201,pct,PT affordability ratio
SC9,2026,Tehran,37.945307668363476,37.945307668363476,pct,PT affordability ratio
SC9,2027,Tehran,36.58218094346199,36.58218094346199,pct,PT affordability ratio
SC9,2028,Tehran,34.04975124617803,34.04975124617803,pct,PT affordability ratio
SC9,2029,Tehran,31.468077880113288,31.468077880113288,pct,PT affordability ratio
SC9,2030,Tehran,28.752793368798073,28.752793368798073,pct,PT affordability ratio
SC0,2024,Region 12,0.0,0.0,pct,Noise exposure index
SC0,2025,Region 12,0.0,0.0,pct,Noise exposure index
SC0,2026,Region 12,0.0,0.0,pct,Noise exposure index
SC0,2027,Region 12,0.0,0.0,pct,Noise exposure index
SC0,2028,Region 12,0.0,0.0,pct,Noise exposure index
SC0,2029,Region 12,0.0,0.0,pct,Noise exposure index
SC0,2030,Region 12,0.0,0.0,pct,Noise exposure index
SC1,2024,Region 12,0.0,0.0,pct,Noise exposure index
SC1,2025,Region 12,0.0,0.0,pct,Noise exposure index
SC1,2026,Region 12,-0.681537693596762,-0.681537693596762,pct,Noise exposure index
SC1,2027,Region 12,-1.0677917794971519,-1.0677917794971519,pct,Noise exposure index
SC1,2028,Region 12,-1.2816638753546414,-1.2816638753546414,pct,Noise exposure index
SC1,2029,Region 12,-1.7661068698074753,-1.7661068698074753,pct,Noise exposure index
SC1,2030,Region 12,-1.9838997574340285,-1.9838997574340285,pct,Noise exposure index
SC10,2024,Region 12,-1.4509285193677284,-1.4509285193677284,pct,Noise exposure index
SC10,2025,Region 12,-2.447844168796418,-2.447844168796418,pct,Noise exposure index
SC10,2026,Region 12,-1.785366276094126,-1.785366276094126,pct,Noise exposure index
SC10,2027,Region 12,-2.3848941570995508,-2.3848941570995508,pct,Noise exposure index
SC10,2028,Region 12,-2.5949379812410656,-2.5949379812410656,pct,Noise exposure index
SC10,2029,Region 12,-2.61792167037044,-2.61792167037044,pct,Noise exposure index
SC10,2030,Region 12,-2.727428102224165,-2.727428102224165,pct,Noise exposure index
SC11,2024,Region 12,-0.792366409201992,-0.792366409201992,pct,Noise exposure index
SC11,2025,Region 12,-1.226865403766657,-1.226865403766657,pct,Noise exposure index
SC11,2026,Region 12,-0.7470735213334677,-0.7470735213334677,pct,Noise exposure index
SC11,2027,Region 12,-1.7646501921022726,-1.7646501921022726,pct,Noise exposure index
SC11,2028,Region 12,-2.502972661263069,-2.502972661263069,pct,Noise exposure index
SC11,2029,Region 12,-3.037819308254086,-3.037819308254086,pct,Noise exposure index
SC11,2030,Region 12,-3.5545425045394556,-3.5545425045394556,pct,Noise exposure index
SC2,2024,Region 12,0.0,0.0,pct,Noise exposure index
SC2,2025,Region 12,0.0,0.0,pct,Noise exposure index
SC2,2026,Region 12,0.04666646063092347,0.04666646063092347,pct,Noise exposure index
SC2,2027,Region 12,-0.22786364463668715,-0.22786364463668715,pct,Noise exposure index
SC2,2028,Region 12,-0.4321650773008616,-0.4321650773008616,pct,Noise exposure index
SC2,2029,Region 12,-0.6428371630515842,-0.6428371630515842,pct,Noise exposure index
SC2,2030,Region 12,-0.930914582156922,-0.930914582156922,pct,Noise exposure index
SC3,2024,Region 12,0.0,0.0,pct,Noise exposure index
SC3,2025,Region 12,0.0,0.0,pct,Noise exposure index
SC3,2026,Region 12,0.09589572482905298,0.09589572482905298,pct,Noise exposure index
SC3,2027,Region 12,-0.19739357632009447,-0.19739357632009447,pct,Noise exposure index
SC3,2028,Region 12,-0.2046003591122337,-0.2046003591122337,pct,Noise exposure index
SC3,2029,Region 12,-0.564498456432025,-0.564498456432025,pct,Noise exposure index
SC3,2030,Region 12,-0.586563462426093,-0.586563462426093,pct,Noise exposure index
SC4,2024,Region 12,-0.673064057130307,-0.673064057130307,pct,Noise exposure index
SC4,2025,Region 12,-1.193446961938903,-1.193446961938903,pct,Noise exposure index
SC4,2026,Region 12,-1.5069156078814891,-1.5069156078814891,pct,Noise exposure index
SC4,2027,Region 12,-1.5697121881401481,-1.5697121881401481,pct,Noise exposure index
SC4,2028,Region 12,-1.485218996394916,-1.485218996394916,pct,Noise exposure index
SC4,2029,Region 12,-1.4164264751403361,-1.4164264751403361,pct,Noise exposure index
SC4,2030,Region 12,-1.3728229652878432,-1.3728229652878432,pct,Noise exposure index
SC5,2024,Region 12,-0.7170530686838522,-0.7170530686838522,pct,Noise exposure index
SC5,2025,Region 12,-1.0755660831331848,-1.0755660831331848,pct,Noise exposure index
SC5,2026,Region 12,-0.16426768427838592,-0.16426768427838592,pct,Noise exposure index
SC5,2027,Region 12,-0.6008302873025217,-0.6008302873025217,pct,Noise exposure index
SC5,2028,Region 12,-0.8197434989692788,-0.8197434989692788,pct,Noise exposure index
SC5,2029,Region 12,-0.8374389819082306,-0.8374389819082306,pct,Noise exposure index
SC5,2030,Region 12,-0.9068194863568037,-0.9068194863568037,pct,Noise exposure index
SC6,2024,Region 12,-0.0719042031065156,-0.0719042031065156,pct,Noise exposure index
SC6,2025,Region 12,-0.35727402878851905,-0.35727402878851905,pct,Noise exposure index
SC6,2026,Region 12,0.4834936160817765,0.4834936160817765,pct,Noise exposure index
SC6,2027,Region 12,-0.004764855335167451,-0.004764855335167451,pct,Noise exposure index
SC6,2028,Region 12,-0.16784052556398166,-0.16784052556398166,pct,Noise exposure index
SC6,2029,Region 12,-0.16643659370892772,-0.16643659370892772,pct,Noise exposure index
SC6,2030,Region 12,-0.19093238450888675,-0.19093238450888675,pct,Noise exposure index
SC7,2024,Region 12,-0.0769710886818406,-0.0769710886818406,pct,Noise exposure index
SC7,2025,Region 12,-0.11242724264418481,-0.11242724264418481,pct,Noise exposure index
SC7,2026,Region 12,-0.22466900260443512,-0.22466900260443512,pct,Noise exposure index
SC7,2027,Region 12,-0.29518092751714575,-0.29518092751714575,pct,Noise exposure index
SC7,2028,Region 12,-0.5120284986689136,-0.5120284986689136,pct,Noise exposure index
SC7,2029,Region 12,-0.6594755608869972,-0.6594755608869972,pct,Noise exposure index
SC7,2030,Region 12,-0.8082211454523123,-0.8082211454523123,pct,Noise exposure index
SC8,2024,Region 12,-0.7451504879870161,-0.7451504879870161,pct,Noise exposure index
SC8,2025,Region 12,-1.608557759245763,-1.608557759245763,pct,Noise exposure index
SC8,2026,Region 12,-1.5941107758876556,-1.5941107758876556,pct,Noise exposure index
SC8,2027,Region 12,-2.6026564773033365,-2.6026564773033365,pct,Noise exposure index
SC8,2028,Region 12,-3.1394647631489745,-3.1394647631489745,pct,Noise exposure index
SC8,2029,Region 12,-3.381099172947949,-3.381099172947949,pct,Noise exposure index
SC8,2030,Region 12,-3.6986064720445038,-3.6986064720445038,pct,Noise exposure index
SC9,2024,Region 12,-1.0572137304054658,-1.0572137304054658,pct,Noise exposure index
SC9,2025,Region 12,-1.7393558214058067,-1.7393558214058067,pct,Noise exposure index
SC9,2026,Region 12,-0.7939038263149114,-0.7939038263149114,pct,Noise exposure index
SC9,2027,Region 12,-1.5836227517831147,-1.5836227517831147,pct,Noise exposure index
SC9,2028,Region 12,-1.9393074727663657,-1.9393074727663657,pct,Noise exposure index
SC9,2029,Region 12,-2.2212089853078836,-2.2212089853078836,pct,Noise exposure index
SC9,2030,Region 12,-2.5554474090972166,-2.5554474090972166,pct,Noise exposure index
SC0,2024,Tehran,0.0,0.0,pct,Noise exposure index
SC0,2025,Tehran,0.0,0.0,pct,Noise exposure index
SC0,2026,Tehran,0.0,0.0,pct,Noise exposure index
SC0,2027,Tehran,0.0,0.0,pct,Noise exposure index
SC0,2028,Tehran,0.0,0.0,pct,Noise exposure index
SC0,2029,Tehran,0.0,0.0,pct,Noise exposure index
SC0,2030,Tehran,0.0,0.0,pct,Noise exposure index
SC1,2024,Tehran,0.0,0.0,pct,Noise exposure index
SC1,2025,Tehran,0.0,0.0,pct,Noise exposure index
SC1,2026,Tehran,-0.3912160825467825,-0.3912160825467825,pct,Noise exposure index
SC1,2027,Tehran,-0.4158974373074459,-0.4158974373074459,pct,Noise exposure index
SC1,2028,Tehran,-0.8618901077240115,-0.8618901077240115,pct,Noise exposure index
SC1,2029,Tehran,-0.7436943351918447,-0.7436943351918447,pct,Noise exposure index
SC1,2030,Tehran,-0.8948502882248079,-0.8948502882248079,pct,Noise exposure index
SC10,2024,Tehran,-0.110959113679952,-0.110959113679952,pct,Noise exposure index
SC10,2025,Tehran,-0.4178694653368225,-0.4178694653368225,pct,Noise exposure index
SC10,2026,Tehran,-1.4541627882960486,-1.4541627882960486,pct,Noise exposure index
SC10,2027,Tehran,-1.7213374784046922,-1.7213374784046922,pct,Noise exposure index
SC10,2028,Tehran,-1.808393000539957,-1.808393000539957,pct,Noise exposure index
SC10,2029,Tehran,-1.8819819309795915,-1.8819819309795915,pct,Noise exposure index
SC10,2030,Tehran,-1.9329701001618464,-1.9329701001618464,pct,Noise exposure index
SC11,2024,Tehran,-0.07575779625181808,-0.07575779625181808,pct,Noise exposure index
SC11,2025,Tehran,-0.16582809162696083,-0.16582809162696083,pct,Noise exposure index
SC11,2026,Tehran,-1.384979142517292,-1.384979142517292,pct,Noise exposure index
SC11,2027,Tehran,-1.8612684847922834,-1.8612684847922834,pct,Noise exposure index
SC11,2028,Tehran,-2.08166085591223,-2.08166085591223,pct,Noise exposure index
SC11,2029,Tehran,-2.3125341565480166,-2.3125341565480166,pct,Noise exposure index
SC11,2030,Tehran,-2.480828338902569,-2.480828338902569,pct,Noise exposure index
SC2,2024,Tehran,0.0,0.0,pct,Noise exposure index
SC2,2025,Tehran,0.0,0.0,pct,Noise exposure index
SC2,2026,Tehran,0.03915352419524787,0.03915352419524787,pct,Noise exposure index
SC2,2027,Tehran,-0.15510300921350614,-0.15510300921350614,pct,Noise exposure index
SC2,2028,Tehran,-0.13814811530243376,-0.13814811530243376,pct,Noise exposure index
SC2,2029,Tehran,-0.24297450937019052,-0.24297450937019052,pct,Noise exposure index
SC2,2030,Tehran,-0.25614365226998403,-0.25614365226998403,pct,Noise exposure index
SC3,2024,Tehran,0.0,0.0,pct,Noise exposure index
SC3,2025,Tehran,0.0,0.0,pct,Noise exposure index
SC3,2026,Tehran,0.010191341315325635,0.010191341315325635,pct,Noise exposure index
SC3,2027,Tehran,-0.026913094578717073,-0.026913094578717073,pct,Noise exposure index
SC3,2028,Tehran,-0.014980214473243067,-0.014980214473243067,pct,Noise exposure index
SC3,2029,Tehran,-0.057713241754010575,-0.057713241754010575,pct,Noise exposure index
SC3,2030,Tehran,-0.04409513737168864,-0.04409513737168864,pct,Noise exposure index
SC4,2024,Tehran,-0.03316290564376017,-0.03316290564376017,pct,Noise exposure index
SC4,2025,Tehran,-0.2517977558049294,-0.2517977558049294,pct,Noise exposure index
SC4,2026,Tehran,-0.2625953907597804,-0.2625953907597804,pct,Noise exposure index
SC4,2027,Tehran,-0.25609941970002525,-0.25609941970002525,pct,Noise exposure index
SC4,2028,Tehran,-0.24878876619338391,-0.24878876619338391,pct,Noise exposure index
SC4,2029,Tehran,-0.22044916592229238,-0.22044916592229238,pct,Noise exposure index
SC4,2030,Tehran,-0.2222907861918316,-0.2222907861918316,pct,Noise exposure index
SC5,2024,Tehran,-0.03707003193435054,-0.03707003193435054,pct,Noise exposure index
SC5,2025,Tehran,-0.08752439760206333,-0.08752439760206333,pct,Noise exposure index
SC5,2026,Tehran,-1.0418963456213246,-1.0418963456213246,pct,Noise exposure index
SC5,2027,Tehran,-1.274238188011983,-1.274238188011983,pct,Noise exposure index
SC5,2028,Tehran,-1.298330590622641,-1.298330590622641,pct,Noise exposure index
SC5,2029,Tehran,-1.3470828197609515,-1.3470828197609515,pct,Noise exposure index
SC5,2030,Tehran,-1.3491522593523202,-1.3491522593523202,pct,Noise exposure index
SC6,2024,Tehran,-0.0010716571220817052,-0.0010716571220817052,pct,Noise exposure index
SC6,2025,Tehran,0.1729004089887663,0.1729004089887663,pct,Noise exposure index
SC6,2026,Tehran,-0.7806393671043328,-0.7806393671043328,pct,Noise exposure index
SC6,2027,Tehran,-0.9842344883919814,-0.9842344883919814,pct,Noise exposure index
SC6,2028,Tehran,-0.9885088951799145,-0.9885088951799145,pct,Noise exposure index
SC6,2029,Tehran,-1.0111106887601577,-1.0111106887601577,pct,Noise exposure index
SC6,2030,Tehran,-1.011389409061378,-1.011389409061378,pct,Noise exposure index
SC7,2024,Tehran,-0.07682647560949712,-0.07682647560949712,pct,Noise exposure index
SC7,2025,Tehran,-0.11212257327727768,-0.11212257327727768,pct,Noise exposure index
SC7,2026,Tehran,-0.22406855075498353,-0.22406855075498353,pct,Noise exposure index
SC7,2027,Tehran,-0.2942220929274869,-0.2942220929274869,pct,Noise exposure index
SC7,2028,Tehran,-0.5104242875123401,-0.5104242875123401,pct,Noise exposure index
SC7,2029,Tehran,-0.6571074258682684,-0.6571074258682684,pct,Noise exposure index
SC7,2030,Tehran,-0.8049238970667681,-0.8049238970667681,pct,Noise exposure index
SC8,2024,Tehran,-0.03424432018427107,-0.03424432018427107,pct,Noise exposure index
SC8,2025,Tehran,-0.08947049753720447,-0.08947049753720447,pct,Noise exposure index
SC8,2026,Tehran,-1.451056540519693,-1.451056540519693,pct,Noise exposure index
SC8,2027,Tehran,-1.761719885864595,-1.761719885864595,pct,Noise exposure index
SC8,2028,Tehran,-1.9437626556624374,-1.9437626556624374,pct,Noise exposure index
SC8,2029,Tehran,-2.013133493336081,-2.013133493336081,pct,Noise exposure index
SC8,2030,Tehran,-2.153313578696648,-2.153313578696648,pct,Noise exposure index
SC9,2024,Tehran,-0.05442376170560118,-0.05442376170560118,pct,Noise exposure index
SC9,2025,Tehran,-0.22260625350164454,-0.22260625350164454,pct,Noise exposure index
SC9,2026,Tehran,-1.1580889802242658,-1.1580889802242658,pct,Noise exposure index
SC9,2027,Tehran,-1.5955016588595974,-1.5955016588595974,pct,Noise exposure index
SC9,2028,Tehran,-1.5967979753360875,-1.5967979753360875,pct,Noise exposure index
SC9,2029,Tehran,-1.736957127284082,-1.736957127284082,pct,Noise exposure index
SC9,2030,Tehran,-1.75407858579014,-1.75407858579014,pct,Noise exposure index
SC0,2024,Region 12,0.0,0.0,pct,PT OPEX
SC0,2025,Region 12,0.0,0.0,pct,PT OPEX
SC0,2026,Region 12,0.0,0.0,pct,PT OPEX
SC0,2027,Region 12,0.0,0.0,pct,PT OPEX
SC0,2028,Region 12,0.0,0.0,pct,PT OPEX
SC0,2029,Region 12,0.0,0.0,pct,PT OPEX
SC0,2030,Region 12,0.0,0.0,pct,PT OPEX
SC1,2024,Region 12,0.0,0.0,pct,PT OPEX
SC1,2025,Region 12,0.0,0.0,pct,PT OPEX
SC1,2026,Region 12,0.40306664359971295,0.40306664359971295,pct,PT OPEX
SC1,2027,Region 12,1.6873946077033537,1.6873946077033537,pct,PT OPEX
SC1,2028,Region 12,0.6926982292592034,0.6926982292592034,pct,PT OPEX
SC1,2029,Region 12,0.7023998431053813,0.7023998431053813,pct,PT OPEX
SC1,2030,Region 12,0.9202981488676697,0.9202981488676697,pct,PT OPEX
SC10,2024,Region 12,15.649201325309258,15.649201325309258,pct,PT OPEX
SC10,2025,Region 12,20.55369372064181,20.55369372064181,pct,PT OPEX
SC10,2026,Region 12,23.115853583361034,23.115853583361034,pct,PT OPEX
SC10,2027,Region 12,25.26359070698565,25.26359070698565,pct,PT OPEX
SC10,2028,Region 12,26.332314828726304,26.332314828726304,pct,PT OPEX
SC10,2029,Region 12,27.34779691329663,27.34779691329663,pct,PT OPEX
SC10,2030,Region 12,29.1767793903958,29.1767793903958,pct,PT OPEX
SC11,2024,Region 12,10.583635966851084,10.583635966851084,pct,PT OPEX
SC11,2025,Region 12,14.867876962071891,14.867876962071891,pct,PT OPEX
SC11,2026,Region 12,19.19871196026977,19.19871196026977,pct,PT OPEX
SC11,2027,Region 12,21.663468237080703,21.663468237080703,pct,PT OPEX
SC11,2028,Region 12,24.67444558026718,24.67444558026718,pct,PT OPEX
SC11,2029,Region 12,26.301044089188846,26.301044089188846,pct,PT OPEX
SC11,2030,Region 12,29.261120391567776,29.261120391567776,pct,PT OPEX
SC2,2024,Region 12,0.0,0.0,pct,PT OPEX
SC2,2025,Region 12,0.0,0.0,pct,PT OPEX
SC2,2026,Region 12,1.328976329119042,1.328976329119042,pct,PT OPEX
SC2,2027,Region 12,1.6552688688732968,1.6552688688732968,pct,PT OPEX
SC2,2028,Region 12,2.2598289643043947,2.2598289643043947,pct,PT OPEX
SC2,2029,Region 12,2.728418545114323,2.728418545114323,pct,PT OPEX
SC2,2030,Region 12,3.9294064183079485,3.9294064183079485,pct,PT OPEX
SC3,2024,Region 12,0.0,0.0,pct,PT OPEX
SC3,2025,Region 12,0.0,0.0,pct,PT OPEX
SC3,2026,Region 12,0.5669105307097616,0.5669105307097616,pct,PT OPEX
SC3,2027,Region 12,0.564527070241253,0.564527070241253,pct,PT OPEX
SC3,2028,Region 12,1.2045695120805802,1.2045695120805802,pct,PT OPEX
SC3,2029,Region 12,1.220804445105838,1.220804445105838,pct,PT OPEX
SC3,2030,Region 12,1.943934951093158,1.943934951093158,pct,PT OPEX
SC4,2024,Region 12,7.404374693194541,7.404374693194541,pct,PT OPEX
SC4,2025,Region 12,7.450095453855321,7.450095453855321,pct,PT OPEX
SC4,2026,Region 12,7.454755747448612,7.454755747448612,pct,PT OPEX
SC4,2027,Region 12,7.500818269560762,7.500818269560762,pct,PT OPEX
SC4,2028,Region 12,6.69271082861707,6.69271082861707,pct,PT OPEX
SC4,2029,Region 12,6.707804840520517,6.707804840520517,pct,PT OPEX
SC4,2030,Region 12,6.707896968213843,6.707896968213843,pct,PT OPEX
SC5,2024,Region 12,5.174148844519814,5.174148844519814,pct,PT OPEX
SC5,2025,Region 12,8.858110386850974,8.858110386850974,pct,PT OPEX
SC5,2026,Region 12,10.264276470609447,10.264276470609447,pct,PT OPEX
SC5,2027,Region 12,11.32575523321297,11.32575523321297,pct,PT OPEX
SC5,2028,Region 12,11.941625743479852,11.941625743479852,pct,PT OPEX
SC5,2029,Region 12,12.069486140678361,12.069486140678361,pct,PT OPEX
SC5,2030,Region 12,12.309062685493522,12.309062685493522,pct,PT OPEX
SC6,2024,Region 12,4.586479716533825,4.586479716533825,pct,PT OPEX
SC6,2025,Region 12,10.094656123457495,10.094656123457495,pct,PT OPEX
SC6,2026,Region 12,11.894378685373127,11.894378685373127,pct,PT OPEX
SC6,2027,Region 12,12.30504113126016,12.30504113126016,pct,PT OPEX
SC6,2028,Region 12,12.962164302964524,12.962164302964524,pct,PT OPEX
SC6,2029,Region 12,13.319724645900022,13.319724645900022,pct,PT OPEX
SC6,2030,Region 12,13.837372961035014,13.837372961035014,pct,PT OPEX
SC7,2024,Region 12,5.314327116511172,5.314327116511172,pct,PT OPEX
SC7,2025,Region 12,6.478615127908323,6.478615127908323,pct,PT OPEX
SC7,2026,Region 12,8.780655307702096,8.780655307702096,pct,PT OPEX
SC7,2027,Region 12,11.082001599853124,11.082001599853124,pct,PT OPEX
SC7,2028,Region 12,14.392030736789268,14.392030736789268,pct,PT OPEX
SC7,2029,Region 12,17.676230406719444,17.676230406719444,pct,PT OPEX
SC7,2030,Region 12,22.025996070035518,22.025996070035518,pct,PT OPEX
SC8,2024,Region 12,12.292563380760066,12.292563380760066,pct,PT OPEX
SC8,2025,Region 12,18.596871219148195,18.596871219148195,pct,PT OPEX
SC8,2026,Region 12,20.915799450766908,20.915799450766908,pct,PT OPEX
SC8,2027,Region 12,21.3558779517406,21.3558779517406,pct,PT OPEX
SC8,2028,Region 12,21.598412560364075,21.598412560364075,pct,PT OPEX
SC8,2029,Region 12,21.93741042579716,21.93741042579716,pct,PT OPEX
SC8,2030,Region 12,22.81024444509405,22.81024444509405,pct,PT OPEX
SC9,2024,Region 12,8.918303985937778,8.918303985937778,pct,PT OPEX
SC9,2025,Region 12,13.058952772531967,13.058952772531967,pct,PT OPEX
SC9,2026,Region 12,15.969264772272027,15.969264772272027,pct,PT OPEX
SC9,2027,Region 12,17.25010344910295,17.25010344910295,pct,PT OPEX
SC9,2028,Region 12,18.115348188158908,18.115348188158908,pct,PT OPEX
SC9,2029,Region 12,18.805585153484184,18.805585153484184,pct,PT OPEX
SC9,2030,Region 12,20.56622302861243,20.56622302861243,pct,PT OPEX
SC0,2024,Tehran,0.0,0.0,pct,PT OPEX
SC0,2025,Tehran,0.0,0.0,pct,PT OPEX
SC0,2026,Tehran,0.0,0.0,pct,PT OPEX
SC0,2027,Tehran,0.0,0.0,pct,PT OPEX
SC0,2028,Tehran,0.0,0.0,pct,PT OPEX
SC0,2029,Tehran,0.0,0.0,pct,PT OPEX
SC0,2030,Tehran,0.0,0.0,pct,PT OPEX
SC1,2024,Tehran,0.0,0.0,pct,PT OPEX
SC1,2025,Tehran,0.0,0.0,pct,PT OPEX
SC1,2026,Tehran,-0.7811050587558194,-0.7811050587558194,pct,PT OPEX
SC1,2027,Tehran,8.766967322877683,8.766967322877683,pct,PT OPEX
SC1,2028,Tehran,-0.971737607916061,-0.971737607916061,pct,PT OPEX
SC1,2029,Tehran,-0.9678366603043694,-0.9678366603043694,pct,PT OPEX
SC1,2030,Tehran,-1.1265600460766712,-1.1265600460766712,pct,PT OPEX
SC10,2024,Tehran,20.5191606915897,20.5191606915897,pct,PT OPEX
SC10,2025,Tehran,60.31868235371663,60.31868235371663,pct,PT OPEX
SC10,2026,Tehran,79.12387139884271,79.12387139884271,pct,PT OPEX
SC10,2027,Tehran,83.33245995969948,83.33245995969948,pct,PT OPEX
SC10,2028,Tehran,85.74165735249623,85.74165735249623,pct,PT OPEX
SC10,2029,Tehran,87.33888818406015,87.33888818406015,pct,PT OPEX
SC10,2030,Tehran,90.38954417207144,90.38954417207144,pct,PT OPEX
SC11,2024,Tehran,13.01334838972665,13.01334838972665,pct,PT OPEX
SC11,2025,Tehran,51.0406177770205,51.0406177770205,pct,PT OPEX
SC11,2026,Tehran,71.4075469468088,71.4075469468088,pct,PT OPEX
SC11,2027,Tehran,79.18120189403767,79.18120189403767,pct,PT OPEX
SC11,2028,Tehran,81.89149426296535,81.89149426296535,pct,PT OPEX
SC11,2029,Tehran,84.40549104161396,84.40549104161396,pct,PT OPEX
SC11,2030,Tehran,88.81892551446884,88.81892551446884,pct,PT OPEX
SC2,2024,Tehran,0.0,0.0,pct,PT OPEX
SC2,2025,Tehran,0.0,0.0,pct,PT OPEX
SC2,2026,Tehran,2.6091595534387557,2.6091595534387557,pct,PT OPEX
SC2,2027,Tehran,4.688909093553222,4.688909093553222,pct,PT OPEX
SC2,2028,Tehran,4.389231749906263,4.389231749906263,pct,PT OPEX
SC2,2029,Tehran,5.278926058901131,5.278926058901131,pct,PT OPEX
SC2,2030,Tehran,5.593155345602093,5.593155345602093,pct,PT OPEX
SC3,2024,Tehran,0.0,0.0,pct,PT OPEX
SC3,2025,Tehran,0.0,0.0,pct,PT OPEX
SC3,2026,Tehran,0.3579757760259451,0.3579757760259451,pct,PT OPEX
SC3,2027,Tehran,0.35987286302295673,0.35987286302295673,pct,PT OPEX
SC3,2028,Tehran,0.768486165326319,0.768486165326319,pct,PT OPEX
SC3,2029,Tehran,0.7682864541054969,0.7682864541054969,pct,PT OPEX
SC3,2030,Tehran,1.2348170506283986,1.2348170506283986,pct,PT OPEX
SC4,2024,Tehran,9.842980156351722,9.842980156351722,pct,PT OPEX
SC4,2025,Tehran,9.784894568902116,9.784894568902116,pct,PT OPEX
SC4,2026,Tehran,9.827909797234499,9.827909797234499,pct,PT OPEX
SC4,2027,Tehran,9.864770215189143,9.864770215189143,pct,PT OPEX
SC4,2028,Tehran,8.675570433325335,8.675570433325335,pct,PT OPEX
SC4,2029,Tehran,8.67174643282035,8.67174643282035,pct,PT OPEX
SC4,2030,Tehran,8.650732891031973,8.650732891031973,pct,PT OPEX
SC5,2024,Tehran,7.329287652733911,7.329287652733911,pct,PT OPEX
SC5,2025,Tehran,42.543051622456865,42.543051622456865,pct,PT OPEX
SC5,2026,Tehran,58.20562261461058,58.20562261461058,pct,PT OPEX
SC5,2027,Tehran,60.880302550075115,60.880302550075115,pct,PT OPEX
SC5,2028,Tehran,63.034321392179194,63.034321392179194,pct,PT OPEX
SC5,2029,Tehran,63.00418103463162,63.00418103463162,pct,PT OPEX
SC5,2030,Tehran,63.69419326198486,63.69419326198486,pct,PT OPEX
SC6,2024,Tehran,5.37542918225467,5.37542918225467,pct,PT OPEX
SC6,2025,Tehran,44.953978807857524,44.953978807857524,pct,PT OPEX
SC6,2026,Tehran,59.30391884850689,59.30391884850689,pct,PT OPEX
SC6,2027,Tehran,60.75509537308007,60.75509537308007,pct,PT OPEX
SC6,2028,Tehran,61.83795921738987,61.83795921738987,pct,PT OPEX
SC6,2029,Tehran,62.032980005589266,62.032980005589266,pct,PT OPEX
SC6,2030,Tehran,62.87975390101869,62.87975390101869,pct,PT OPEX
SC7,2024,Tehran,4.747475452894968,4.747475452894968,pct,PT OPEX
SC7,2025,Tehran,5.847672267537264,5.847672267537264,pct,PT OPEX
SC7,2026,Tehran,7.546655313090893,7.546655313090893,pct,PT OPEX
SC7,2027,Tehran,9.50405202188188,9.50405202188188,pct,PT OPEX
SC7,2028,Tehran,12.453857682619777,12.453857682619777,pct,PT OPEX
SC7,2029,Tehran,15.310917139954105,15.310917139954105,pct,PT OPEX
SC7,2030,Tehran,18.99216039366142,18.99216039366142,pct,PT OPEX
SC8,2024,Tehran,15.730390153525715,15.730390153525715,pct,PT OPEX
SC8,2025,Tehran,58.741946864772075,58.741946864772075,pct,PT OPEX
SC8,2026,Tehran,72.9765178426474,72.9765178426474,pct,PT OPEX
SC8,2027,Tehran,74.54354983563437,74.54354983563437,pct,PT OPEX
SC8,2028,Tehran,73.56065721172612,73.56065721172612,pct,PT OPEX
SC8,2029,Tehran,73.69090675671657,73.69090675671657,pct,PT OPEX
SC8,2030,Tehran,74.35139095392009,74.35139095392009,pct,PT OPEX
SC9,2024,Tehran,12.441822659849237,12.441822659849237,pct,PT OPEX
SC9,2025,Tehran,49.11046407078643,49.11046407078643,pct,PT OPEX
SC9,2026,Tehran,68.83869158801208,68.83869158801208,pct,PT OPEX
SC9,2027,Tehran,74.63809920863747,74.63809920863747,pct,PT OPEX
SC9,2028,Tehran,74.66915909585707,74.66915909585707,pct,PT OPEX
SC9,2029,Tehran,76.00448219454982,76.00448219454982,pct,PT OPEX
SC9,2030,Tehran,77.37372394517611,77.37372394517611,pct,PT OPEX
SC0,2024,Region 12,0.0,0.0,pct,Net recurrent public burden
SC0,2025,Region 12,0.0,0.0,pct,Net recurrent public burden
SC0,2026,Region 12,0.0,0.0,pct,Net recurrent public burden
SC0,2027,Region 12,0.0,0.0,pct,Net recurrent public burden
SC0,2028,Region 12,0.0,0.0,pct,Net recurrent public burden
SC0,2029,Region 12,0.0,0.0,pct,Net recurrent public burden
SC0,2030,Region 12,0.0,0.0,pct,Net recurrent public burden
SC1,2024,Region 12,0.0,0.0,pct,Net recurrent public burden
SC1,2025,Region 12,0.0,0.0,pct,Net recurrent public burden
SC1,2026,Region 12,1.4665582878446766,1.4665582878446766,pct,Net recurrent public burden
SC1,2027,Region 12,0.11352176036224738,0.11352176036224738,pct,Net recurrent public burden
SC1,2028,Region 12,1.6841392759365776,1.6841392759365776,pct,Net recurrent public burden
SC1,2029,Region 12,1.5561132625467422,1.5561132625467422,pct,Net recurrent public burden
SC1,2030,Region 12,1.844001600171373,1.844001600171373,pct,Net recurrent public burden
SC10,2024,Region 12,42.08767122877909,42.08767122877909,pct,Net recurrent public burden
SC10,2025,Region 12,35.7274135536886,35.7274135536886,pct,Net recurrent public burden
SC10,2026,Region 12,32.751874581799925,32.751874581799925,pct,Net recurrent public burden
SC10,2027,Region 12,32.49442837543743,32.49442837543743,pct,Net recurrent public burden
SC10,2028,Region 12,32.173009367007666,32.173009367007666,pct,Net recurrent public burden
SC10,2029,Region 12,31.40990370910746,31.40990370910746,pct,Net recurrent public burden
SC10,2030,Region 12,31.52715396863656,31.52715396863656,pct,Net recurrent public burden
SC11,2024,Region 12,24.92748687429626,24.92748687429626,pct,Net recurrent public burden
SC11,2025,Region 12,19.45301501300633,19.45301501300633,pct,Net recurrent public burden
SC11,2026,Region 12,16.095871477598884,16.095871477598884,pct,Net recurrent public burden
SC11,2027,Region 12,17.301820042551547,17.301820042551547,pct,Net recurrent public burden
SC11,2028,Region 12,20.174349672113888,20.174349672113888,pct,Net recurrent public burden
SC11,2029,Region 12,21.02125941780014,21.02125941780014,pct,Net recurrent public burden
SC11,2030,Region 12,23.267634799613436,23.267634799613436,pct,Net recurrent public burden
SC2,2024,Region 12,0.0,0.0,pct,Net recurrent public burden
SC2,2025,Region 12,0.0,0.0,pct,Net recurrent public burden
SC2,2026,Region 12,-4.805621428983684,-4.805621428983684,pct,Net recurrent public burden
SC2,2027,Region 12,-2.923771808170133,-2.923771808170133,pct,Net recurrent public burden
SC2,2028,Region 12,-1.9265678999629745,-1.9265678999629745,pct,Net recurrent public burden
SC2,2029,Region 12,-0.38026848850739065,-0.38026848850739065,pct,Net recurrent public burden
SC2,2030,Region 12,1.985439751790214,1.985439751790214,pct,Net recurrent public burden
SC3,2024,Region 12,0.0,0.0,pct,Net recurrent public burden
SC3,2025,Region 12,0.0,0.0,pct,Net recurrent public burden
SC3,2026,Region 12,0.7906618149613422,0.7906618149613422,pct,Net recurrent public burden
SC3,2027,Region 12,0.6914472414199454,0.6914472414199454,pct,Net recurrent public burden
SC3,2028,Region 12,1.3671883716974123,1.3671883716974123,pct,Net recurrent public burden
SC3,2029,Region 12,1.2980332580275826,1.2980332580275826,pct,Net recurrent public burden
SC3,2030,Region 12,1.9858883294290075,1.9858883294290075,pct,Net recurrent public burden
SC4,2024,Region 12,21.942247117092982,21.942247117092982,pct,Net recurrent public burden
SC4,2025,Region 12,19.533643369808647,19.533643369808647,pct,Net recurrent public burden
SC4,2026,Region 12,18.356307195840056,18.356307195840056,pct,Net recurrent public burden
SC4,2027,Region 12,17.77732643626874,17.77732643626874,pct,Net recurrent public burden
SC4,2028,Region 12,16.198582651926767,16.198582651926767,pct,Net recurrent public burden
SC4,2029,Region 12,15.791776497352107,15.791776497352107,pct,Net recurrent public burden
SC4,2030,Region 12,15.425594850034042,15.425594850034042,pct,Net recurrent public burden
SC5,2024,Region 12,12.005543260329334,12.005543260329334,pct,Net recurrent public burden
SC5,2025,Region 12,8.362535809560846,8.362535809560846,pct,Net recurrent public burden
SC5,2026,Region 12,6.421873213733704,6.421873213733704,pct,Net recurrent public burden
SC5,2027,Region 12,6.356770160907756,6.356770160907756,pct,Net recurrent public burden
SC5,2028,Region 12,6.821235845936364,6.821235845936364,pct,Net recurrent public burden
SC5,2029,Region 12,6.259420440568514,6.259420440568514,pct,Net recurrent public burden
SC5,2030,Region 12,5.782937435306798,5.782937435306798,pct,Net recurrent public burden
SC6,2024,Region 12,8.425365771336715,8.425365771336715,pct,Net recurrent public burden
SC6,2025,Region 12,6.551676910829246,6.551676910829246,pct,Net recurrent public burden
SC6,2026,Region 12,4.039940025557073,4.039940025557073,pct,Net recurrent public burden
SC6,2027,Region 12,3.395132627125029,3.395132627125029,pct,Net recurrent public burden
SC6,2028,Region 12,3.346225663987438,3.346225663987438,pct,Net recurrent public burden
SC6,2029,Region 12,3.0076031093965456,3.0076031093965456,pct,Net recurrent public burden
SC6,2030,Region 12,2.7201530382553076,2.7201530382553076,pct,Net recurrent public burden
SC7,2024,Region 12,13.381966644344423,13.381966644344423,pct,Net recurrent public burden
SC7,2025,Region 12,11.761977053783761,11.761977053783761,pct,Net recurrent public burden
SC7,2026,Region 12,12.42562015950768,12.42562015950768,pct,Net recurrent public burden
SC7,2027,Region 12,13.572530585654569,13.572530585654569,pct,Net recurrent public burden
SC7,2028,Region 12,15.677107637541642,15.677107637541642,pct,Net recurrent public burden
SC7,2029,Region 12,17.665482548646406,17.665482548646406,pct,Net recurrent public burden
SC7,2030,Region 12,20.567166350313574,20.567166350313574,pct,Net recurrent public burden
SC8,2024,Region 12,31.08126142420609,31.08126142420609,pct,Net recurrent public burden
SC8,2025,Region 12,27.54476357001777,27.54476357001777,pct,Net recurrent public burden
SC8,2026,Region 12,25.03723366668678,25.03723366668678,pct,Net recurrent public burden
SC8,2027,Region 12,23.415405481865918,23.415405481865918,pct,Net recurrent public burden
SC8,2028,Region 12,22.34650907833395,22.34650907833395,pct,Net recurrent public burden
SC8,2029,Region 12,21.323048849260406,21.323048849260406,pct,Net recurrent public burden
SC8,2030,Region 12,21.002312055831197,21.002312055831197,pct,Net recurrent public burden
SC9,2024,Region 12,23.46055007918855,23.46055007918855,pct,Net recurrent public burden
SC9,2025,Region 12,19.30730186740873,19.30730186740873,pct,Net recurrent public burden
SC9,2026,Region 12,11.778651247192593,11.778651247192593,pct,Net recurrent public burden
SC9,2027,Region 12,13.284294321726486,13.284294321726486,pct,Net recurrent public burden
SC9,2028,Region 12,13.916796657338459,13.916796657338459,pct,Net recurrent public burden
SC9,2029,Region 12,14.840796883139124,14.840796883139124,pct,Net recurrent public burden
SC9,2030,Region 12,16.914254520514355,16.914254520514355,pct,Net recurrent public burden
SC0,2024,Tehran,0.0,0.0,pct,Net recurrent public burden
SC0,2025,Tehran,0.0,0.0,pct,Net recurrent public burden
SC0,2026,Tehran,0.0,0.0,pct,Net recurrent public burden
SC0,2027,Tehran,0.0,0.0,pct,Net recurrent public burden
SC0,2028,Tehran,0.0,0.0,pct,Net recurrent public burden
SC0,2029,Tehran,0.0,0.0,pct,Net recurrent public burden
SC0,2030,Tehran,0.0,0.0,pct,Net recurrent public burden
SC1,2024,Tehran,0.0,0.0,pct,Net recurrent public burden
SC1,2025,Tehran,0.0,0.0,pct,Net recurrent public burden
SC1,2026,Tehran,-0.8438251796429206,-0.8438251796429206,pct,Net recurrent public burden
SC1,2027,Tehran,7.269706339921606,7.269706339921606,pct,Net recurrent public burden
SC1,2028,Tehran,-1.0692475282320208,-1.0692475282320208,pct,Net recurrent public burden
SC1,2029,Tehran,-1.0441009689638705,-1.0441009689638705,pct,Net recurrent public burden
SC1,2030,Tehran,-1.2113330350836418,-1.2113330350836418,pct,Net recurrent public burden
SC10,2024,Tehran,23.01432934891198,23.01432934891198,pct,Net recurrent public burden
SC10,2025,Tehran,61.86882935904004,61.86882935904004,pct,Net recurrent public burden
SC10,2026,Tehran,78.56712800133013,78.56712800133013,pct,Net recurrent public burden
SC10,2027,Tehran,82.11390782155569,82.11390782155569,pct,Net recurrent public burden
SC10,2028,Tehran,83.70454820742923,83.70454820742923,pct,Net recurrent public burden
SC10,2029,Tehran,84.5854907258156,84.5854907258156,pct,Net recurrent public burden
SC10,2030,Tehran,86.60580543139037,86.60580543139037,pct,Net recurrent public burden
SC11,2024,Tehran,13.720730337171869,13.720730337171869,pct,Net recurrent public burden
SC11,2025,Tehran,49.73396413434343,49.73396413434343,pct,Net recurrent public burden
SC11,2026,Tehran,66.48657092843119,66.48657092843119,pct,Net recurrent public burden
SC11,2027,Tehran,72.48485523557005,72.48485523557005,pct,Net recurrent public burden
SC11,2028,Tehran,74.50457901178117,74.50457901178117,pct,Net recurrent public burden
SC11,2029,Tehran,76.09616340269014,76.09616340269014,pct,Net recurrent public burden
SC11,2030,Tehran,79.23468516373731,79.23468516373731,pct,Net recurrent public burden
SC2,2024,Tehran,0.0,0.0,pct,Net recurrent public burden
SC2,2025,Tehran,0.0,0.0,pct,Net recurrent public burden
SC2,2026,Tehran,1.9967052759095036,1.9967052759095036,pct,Net recurrent public burden
SC2,2027,Tehran,3.818493288605175,3.818493288605175,pct,Net recurrent public burden
SC2,2028,Tehran,3.7898277240790574,3.7898277240790574,pct,Net recurrent public burden
SC2,2029,Tehran,4.732103078888794,4.732103078888794,pct,Net recurrent public burden
SC2,2030,Tehran,5.172082708420666,5.172082708420666,pct,Net recurrent public burden
SC3,2024,Tehran,0.0,0.0,pct,Net recurrent public burden
SC3,2025,Tehran,0.0,0.0,pct,Net recurrent public burden
SC3,2026,Tehran,0.36261530178417734,0.36261530178417734,pct,Net recurrent public burden
SC3,2027,Tehran,0.3559402326507697,0.3559402326507697,pct,Net recurrent public burden
SC3,2028,Tehran,0.7574957496043496,0.7574957496043496,pct,Net recurrent public burden
SC3,2029,Tehran,0.7468891061913437,0.7468891061913437,pct,Net recurrent public burden
SC3,2030,Tehran,1.1985065884943689,1.1985065884943689,pct,Net recurrent public burden
SC4,2024,Tehran,11.43962924902295,11.43962924902295,pct,Net recurrent public burden
SC4,2025,Tehran,12.156201419095604,12.156201419095604,pct,Net recurrent public burden
SC4,2026,Tehran,12.94072635684974,12.94072635684974,pct,Net recurrent public burden
SC4,2027,Tehran,13.469532654007367,13.469532654007367,pct,Net recurrent public burden
SC4,2028,Tehran,12.512383469652672,12.512383469652672,pct,Net recurrent public burden
SC4,2029,Tehran,12.730412109329336,12.730412109329336,pct,Net recurrent public burden
SC4,2030,Tehran,12.875066220110423,12.875066220110423,pct,Net recurrent public burden
SC5,2024,Tehran,7.908272831666004,7.908272831666004,pct,Net recurrent public burden
SC5,2025,Tehran,40.93254730352036,40.93254730352036,pct,Net recurrent public burden
SC5,2026,Tehran,53.602346729302816,53.602346729302816,pct,Net recurrent public burden
SC5,2027,Tehran,55.0494384240275,55.0494384240275,pct,Net recurrent public burden
SC5,2028,Tehran,56.205631885011485,56.205631885011485,pct,Net recurrent public burden
SC5,2029,Tehran,55.45343422617659,55.45343422617659,pct,Net recurrent public burden
SC5,2030,Tehran,55.30652655453454,55.30652655453454,pct,Net recurrent public burden
SC6,2024,Tehran,4.93218253071977,4.93218253071977,pct,Net recurrent public burden
SC6,2025,Tehran,41.23185318120294,41.23185318120294,pct,Net recurrent public burden
SC6,2026,Tehran,52.26105617607757,52.26105617607757,pct,Net recurrent public burden
SC6,2027,Tehran,52.44352315922271,52.44352315922271,pct,Net recurrent public burden
SC6,2028,Tehran,52.51985627991387,52.51985627991387,pct,Net recurrent public burden
SC6,2029,Tehran,51.8066590963725,51.8066590963725,pct,Net recurrent public burden
SC6,2030,Tehran,51.59642455851785,51.59642455851785,pct,Net recurrent public burden
SC7,2024,Tehran,5.005081747249875,5.005081747249875,pct,Net recurrent public burden
SC7,2025,Tehran,5.985938915507752,5.985938915507752,pct,Net recurrent public burden
SC7,2026,Tehran,7.306324769355179,7.306324769355179,pct,Net recurrent public burden
SC7,2027,Tehran,8.956446316483472,8.956446316483472,pct,Net recurrent public burden
SC7,2028,Tehran,11.34724245546042,11.34724245546042,pct,Net recurrent public burden
SC7,2029,Tehran,13.614672563710867,13.614672563710867,pct,Net recurrent public burden
SC7,2030,Tehran,16.520160775929305,16.520160775929305,pct,Net recurrent public burden
SC8,2024,Tehran,16.882826652673455,16.882826652673455,pct,Net recurrent public burden
SC8,2025,Tehran,57.73598313887298,57.73598313887298,pct,Net recurrent public burden
SC8,2026,Tehran,69.6234388879505,69.6234388879505,pct,Net recurrent public burden
SC8,2027,Tehran,70.62138287947268,70.62138287947268,pct,Net recurrent public burden
SC8,2028,Tehran,69.09514477476448,69.09514477476448,pct,Net recurrent public burden
SC8,2029,Tehran,68.64484816922557,68.64484816922557,pct,Net recurrent public burden
SC8,2030,Tehran,68.4950792139799,68.4950792139799,pct,Net recurrent public burden
SC9,2024,Tehran,13.923732431248489,13.923732431248489,pct,Net recurrent public burden
SC9,2025,Tehran,49.10525957484635,49.10525957484635,pct,Net recurrent public burden
SC9,2026,Tehran,65.86898298105191,65.86898298105191,pct,Net recurrent public burden
SC9,2027,Tehran,70.44999861700339,70.44999861700339,pct,Net recurrent public burden
SC9,2028,Tehran,70.30048563777808,70.30048563777808,pct,Net recurrent public burden
SC9,2029,Tehran,71.1744464348945,71.1744464348945,pct,Net recurrent public burden
SC9,2030,Tehran,72.06824828485784,72.06824828485784,pct,Net recurrent public burden
SC0,2024,Region 12,0.0,0.0,pct,Energy cost
SC0,2025,Region 12,0.0,0.0,pct,Energy cost
SC0,2026,Region 12,0.0,0.0,pct,Energy cost
SC0,2027,Region 12,0.0,0.0,pct,Energy cost
SC0,2028,Region 12,0.0,0.0,pct,Energy cost
SC0,2029,Region 12,0.0,0.0,pct,Energy cost
SC0,2030,Region 12,0.0,0.0,pct,Energy cost
SC1,2024,Region 12,0.0,0.0,pct,Energy cost
SC1,2025,Region 12,0.0,0.0,pct,Energy cost
SC1,2026,Region 12,0.218188106743331,0.218188106743331,pct,Energy cost
SC1,2027,Region 12,-0.039499899044688744,-0.039499899044688744,pct,Energy cost
SC1,2028,Region 12,0.025091458842630032,0.025091458842630032,pct,Energy cost
SC1,2029,Region 12,-0.16719168189179207,-0.16719168189179207,pct,Energy cost
SC1,2030,Region 12,-0.11542127938140456,-0.11542127938140456,pct,Energy cost
SC10,2024,Region 12,5.628731805623665,5.628731805623665,pct,Energy cost
SC10,2025,Region 12,2.3577161750384446,2.3577161750384446,pct,Energy cost
SC10,2026,Region 12,2.6383452432860564,2.6383452432860564,pct,Energy cost
SC10,2027,Region 12,2.8324797583408867,2.8324797583408867,pct,Energy cost
SC10,2028,Region 12,3.0284425515441393,3.0284425515441393,pct,Energy cost
SC10,2029,Region 12,3.146467018662174,3.146467018662174,pct,Energy cost
SC10,2030,Region 12,3.3882869573378014,3.3882869573378014,pct,Energy cost
SC11,2024,Region 12,3.0221380383302,3.0221380383302,pct,Energy cost
SC11,2025,Region 12,0.8604470771080475,0.8604470771080475,pct,Energy cost
SC11,2026,Region 12,1.8841629587705429,1.8841629587705429,pct,Energy cost
SC11,2027,Region 12,1.2002745622129019,1.2002745622129019,pct,Energy cost
SC11,2028,Region 12,1.9196482999494235,1.9196482999494235,pct,Energy cost
SC11,2029,Region 12,1.3311548966706783,1.3311548966706783,pct,Energy cost
SC11,2030,Region 12,1.514220113199719,1.514220113199719,pct,Energy cost
SC2,2024,Region 12,0.0,0.0,pct,Energy cost
SC2,2025,Region 12,0.0,0.0,pct,Energy cost
SC2,2026,Region 12,0.5830504286690433,0.5830504286690433,pct,Energy cost
SC2,2027,Region 12,-0.22905849169096915,-0.22905849169096915,pct,Energy cost
SC2,2028,Region 12,-0.0700592585502443,-0.0700592585502443,pct,Energy cost
SC2,2029,Region 12,-0.48045369355973017,-0.48045369355973017,pct,Energy cost
SC2,2030,Region 12,-0.8268926706582768,-0.8268926706582768,pct,Energy cost
SC3,2024,Region 12,0.0,0.0,pct,Energy cost
SC3,2025,Region 12,0.0,0.0,pct,Energy cost
SC3,2026,Region 12,0.3049323982302329,0.3049323982302329,pct,Energy cost
SC3,2027,Region 12,-0.28111730317289435,-0.28111730317289435,pct,Energy cost
SC3,2028,Region 12,-0.10989822651440498,-0.10989822651440498,pct,Energy cost
SC3,2029,Region 12,-0.8235208035306376,-0.8235208035306376,pct,Energy cost
SC3,2030,Region 12,-0.6492281966120559,-0.6492281966120559,pct,Energy cost
SC4,2024,Region 12,2.2866472577814942,2.2866472577814942,pct,Energy cost
SC4,2025,Region 12,0.9635213249734835,0.9635213249734835,pct,Energy cost
SC4,2026,Region 12,0.6474074700296464,0.6474074700296464,pct,Energy cost
SC4,2027,Region 12,0.545103782135025,0.545103782135025,pct,Energy cost
SC4,2028,Region 12,0.1822823225281023,0.1822823225281023,pct,Energy cost
SC4,2029,Region 12,0.33738922463891813,0.33738922463891813,pct,Energy cost
SC4,2030,Region 12,0.38418140228573966,0.38418140228573966,pct,Energy cost
SC5,2024,Region 12,2.8908167806971545,2.8908167806971545,pct,Energy cost
SC5,2025,Region 12,0.7708698020030023,0.7708698020030023,pct,Energy cost
SC5,2026,Region 12,0.945572038794394,0.945572038794394,pct,Energy cost
SC5,2027,Region 12,1.1461945486458558,1.1461945486458558,pct,Energy cost
SC5,2028,Region 12,1.2504044741492333,1.2504044741492333,pct,Energy cost
SC5,2029,Region 12,1.1589586627357937,1.1589586627357937,pct,Energy cost
SC5,2030,Region 12,1.0806282378272776,1.0806282378272776,pct,Energy cost
SC6,2024,Region 12,-0.3941901064568408,-0.3941901064568408,pct,Energy cost
SC6,2025,Region 12,-0.6564862521797799,-0.6564862521797799,pct,Energy cost
SC6,2026,Region 12,-0.7671401448243181,-0.7671401448243181,pct,Energy cost
SC6,2027,Region 12,-0.8356464947894293,-0.8356464947894293,pct,Energy cost
SC6,2028,Region 12,-0.8781443765385533,-0.8781443765385533,pct,Energy cost
SC6,2029,Region 12,-0.8956700977930641,-0.8956700977930641,pct,Energy cost
SC6,2030,Region 12,-0.915841005134084,-0.915841005134084,pct,Energy cost
SC7,2024,Region 12,0.718177240807272,0.718177240807272,pct,Energy cost
SC7,2025,Region 12,1.0180159502219432,1.0180159502219432,pct,Energy cost
SC7,2026,Region 12,1.7894168116486,1.7894168116486,pct,Energy cost
SC7,2027,Region 12,2.392920588172892,2.392920588172892,pct,Energy cost
SC7,2028,Region 12,3.876377639107386,3.876377639107386,pct,Energy cost
SC7,2029,Region 12,4.912796629644892,4.912796629644892,pct,Energy cost
SC7,2030,Region 12,6.019059698534924,6.019059698534924,pct,Energy cost
SC8,2024,Region 12,1.844684752963926,1.844684752963926,pct,Energy cost
SC8,2025,Region 12,0.34849752682509083,0.34849752682509083,pct,Energy cost
SC8,2026,Region 12,0.24328444885840117,0.24328444885840117,pct,Energy cost
SC8,2027,Region 12,-0.4434327793531275,-0.4434327793531275,pct,Energy cost
SC8,2028,Region 12,-0.7398043927897483,-0.7398043927897483,pct,Energy cost
SC8,2029,Region 12,-1.05905358913685,-1.05905358913685,pct,Energy cost
SC8,2030,Region 12,-0.9258041990437461,-0.9258041990437461,pct,Energy cost
SC9,2024,Region 12,4.040047183215583,4.040047183215583,pct,Energy cost
SC9,2025,Region 12,1.3578673287448622,1.3578673287448622,pct,Energy cost
SC9,2026,Region 12,2.0095940368062193,2.0095940368062193,pct,Energy cost
SC9,2027,Region 12,1.110358155825748,1.110358155825748,pct,Energy cost
SC9,2028,Region 12,1.1728692055542076,1.1728692055542076,pct,Energy cost
SC9,2029,Region 12,0.5823475480741207,0.5823475480741207,pct,Energy cost
SC9,2030,Region 12,0.2389311544445668,0.2389311544445668,pct,Energy cost
SC0,2024,Tehran,0.0,0.0,pct,Energy cost
SC0,2025,Tehran,0.0,0.0,pct,Energy cost
SC0,2026,Tehran,0.0,0.0,pct,Energy cost
SC0,2027,Tehran,0.0,0.0,pct,Energy cost
SC0,2028,Tehran,0.0,0.0,pct,Energy cost
SC0,2029,Tehran,0.0,0.0,pct,Energy cost
SC0,2030,Tehran,0.0,0.0,pct,Energy cost
SC1,2024,Tehran,0.0,0.0,pct,Energy cost
SC1,2025,Tehran,0.0,0.0,pct,Energy cost
SC1,2026,Tehran,-1.8529460788155743,-1.8529460788155743,pct,Energy cost
SC1,2027,Tehran,-2.3007626172915745,-2.3007626172915745,pct,Energy cost
SC1,2028,Tehran,-4.061865326154638,-4.061865326154638,pct,Energy cost
SC1,2029,Tehran,-3.4582860379363387,-3.4582860379363387,pct,Energy cost
SC1,2030,Tehran,-4.124937071045285,-4.124937071045285,pct,Energy cost
SC10,2024,Tehran,2.1838875380446576,2.1838875380446576,pct,Energy cost
SC10,2025,Tehran,1.2740005471501263,1.2740005471501263,pct,Energy cost
SC10,2026,Tehran,-3.8734103774033906,-3.8734103774033906,pct,Energy cost
SC10,2027,Tehran,-4.925435102391649,-4.925435102391649,pct,Energy cost
SC10,2028,Tehran,-4.772996212033609,-4.772996212033609,pct,Energy cost
SC10,2029,Tehran,-4.606410801302369,-4.606410801302369,pct,Energy cost
SC10,2030,Tehran,-4.279936676536248,-4.279936676536248,pct,Energy cost
SC11,2024,Tehran,1.204350808484894,1.204350808484894,pct,Energy cost
SC11,2025,Tehran,1.2929700713094912,1.2929700713094912,pct,Energy cost
SC11,2026,Tehran,-4.609826310038719,-4.609826310038719,pct,Energy cost
SC11,2027,Tehran,-6.792670642809506,-6.792670642809506,pct,Energy cost
SC11,2028,Tehran,-6.891975123757319,-6.891975123757319,pct,Energy cost
SC11,2029,Tehran,-7.467195439391415,-7.467195439391415,pct,Energy cost
SC11,2030,Tehran,-7.684140724404085,-7.684140724404085,pct,Energy cost
SC2,2024,Tehran,0.0,0.0,pct,Energy cost
SC2,2025,Tehran,0.0,0.0,pct,Energy cost
SC2,2026,Tehran,0.32996071471608907,0.32996071471608907,pct,Energy cost
SC2,2027,Tehran,-0.7384682908637001,-0.7384682908637001,pct,Energy cost
SC2,2028,Tehran,-0.5263303567853834,-0.5263303567853834,pct,Energy cost
SC2,2029,Tehran,-1.0249888486628724,-1.0249888486628724,pct,Energy cost
SC2,2030,Tehran,-1.2801492034857256,-1.2801492034857256,pct,Energy cost
SC3,2024,Tehran,0.0,0.0,pct,Energy cost
SC3,2025,Tehran,0.0,0.0,pct,Energy cost
SC3,2026,Tehran,0.04823945957923502,0.04823945957923502,pct,Energy cost
SC3,2027,Tehran,-0.13965192259417036,-0.13965192259417036,pct,Energy cost
SC3,2028,Tehran,-0.08588536316378095,-0.08588536316378095,pct,Energy cost
SC3,2029,Tehran,-0.2969007251201423,-0.2969007251201423,pct,Energy cost
SC3,2030,Tehran,-0.23344695664554702,-0.23344695664554702,pct,Energy cost
SC4,2024,Tehran,0.8781609411471155,0.8781609411471155,pct,Energy cost
SC4,2025,Tehran,-0.2382834676154159,-0.2382834676154159,pct,Energy cost
SC4,2026,Tehran,-0.2813517626103186,-0.2813517626103186,pct,Energy cost
SC4,2027,Tehran,-0.26721476999949634,-0.26721476999949634,pct,Energy cost
SC4,2028,Tehran,-0.37815408745803714,-0.37815408745803714,pct,Energy cost
SC4,2029,Tehran,-0.22838070795903406,-0.22838070795903406,pct,Energy cost
SC4,2030,Tehran,-0.21501318632162927,-0.21501318632162927,pct,Energy cost
SC5,2024,Tehran,1.0267152432062376,1.0267152432062376,pct,Energy cost
SC5,2025,Tehran,1.1760588211649248,1.1760588211649248,pct,Energy cost
SC5,2026,Tehran,-3.9385677778196535,-3.9385677778196535,pct,Energy cost
SC5,2027,Tehran,-5.028511807051853,-5.028511807051853,pct,Energy cost
SC5,2028,Tehran,-5.051256550569408,-5.051256550569408,pct,Energy cost
SC5,2029,Tehran,-5.227566450889942,-5.227566450889942,pct,Energy cost
SC5,2030,Tehran,-5.1527611432541685,-5.1527611432541685,pct,Energy cost
SC6,2024,Tehran,-0.03370453710191875,-0.03370453710191875,pct,Energy cost
SC6,2025,Tehran,0.3218675113877209,0.3218675113877209,pct,Energy cost
SC6,2026,Tehran,-4.903984773327641,-4.903984773327641,pct,Energy cost
SC6,2027,Tehran,-5.878735147403394,-5.878735147403394,pct,Energy cost
SC6,2028,Tehran,-5.869506685452501,-5.869506685452501,pct,Energy cost
SC6,2029,Tehran,-5.96431847443967,-5.96431847443967,pct,Energy cost
SC6,2030,Tehran,-5.949864137360623,-5.949864137360623,pct,Energy cost
SC7,2024,Tehran,0.39233710230852387,0.39233710230852387,pct,Energy cost
SC7,2025,Tehran,0.5629518232467078,0.5629518232467078,pct,Energy cost
SC7,2026,Tehran,1.0396833571223996,1.0396833571223996,pct,Energy cost
SC7,2027,Tehran,1.3620216164127468,1.3620216164127468,pct,Energy cost
SC7,2028,Tehran,2.3047200817096916,2.3047200817096916,pct,Energy cost
SC7,2029,Tehran,2.951814194135375,2.951814194135375,pct,Energy cost
SC7,2030,Tehran,3.6066789029408977,3.6066789029408977,pct,Energy cost
SC8,2024,Tehran,0.8384655308061157,0.8384655308061157,pct,Energy cost
SC8,2025,Tehran,0.06480225163793789,0.06480225163793789,pct,Energy cost
SC8,2026,Tehran,-7.080525281920486,-7.080525281920486,pct,Energy cost
SC8,2027,Tehran,-8.57926845856445,-8.57926845856445,pct,Energy cost
SC8,2028,Tehran,-9.498918214537392,-9.498918214537392,pct,Energy cost
SC8,2029,Tehran,-9.79787225295356,-9.79787225295356,pct,Energy cost
SC8,2030,Tehran,-10.36634345513678,-10.36634345513678,pct,Energy cost
SC9,2024,Tehran,1.4867144077321894,1.4867144077321894,pct,Energy cost
SC9,2025,Tehran,1.0824900653687868,1.0824900653687868,pct,Energy cost
SC9,2026,Tehran,-3.773960255437382,-3.773960255437382,pct,Energy cost
SC9,2027,Tehran,-6.077949792121856,-6.077949792121856,pct,Energy cost
SC9,2028,Tehran,-5.900931564503234,-5.900931564503234,pct,Energy cost
SC9,2029,Tehran,-6.483195905415798,-6.483195905415798,pct,Energy cost
SC9,2030,Tehran,-6.613194915089545,-6.613194915089545,pct,Energy cost
