scenario,year,geo,group,kpi,unit,value,Scenario,Geo
SC0,2024,Region12,main,CO₂ emissions,t/year,223577.78125949905,SC0,Region 12
SC0,2025,Region12,main,CO₂ emissions,t/year,230467.4348119958,SC0,Region 12
SC0,2026,Region12,main,CO₂ emissions,t/year,228952.45635331096,SC0,Region 12
SC0,2027,Region12,main,CO₂ emissions,t/year,228304.78461409613,SC0,Region 12
SC0,2028,Region12,main,CO₂ emissions,t/year,229492.5427880285,SC0,Region 12
SC0,2029,Region12,main,CO₂ emissions,t/year,231496.72496759627,SC0,Region 12
SC0,2030,Region12,main,CO₂ emissions,t/year,233634.40034884523,SC0,Region 12
SC0,2024,Tehran,main,CO₂ emissions,t/year,16046079.35145826,SC0,Tehran
SC0,2025,Tehran,main,CO₂ emissions,t/year,16678433.769860094,SC0,Tehran
SC0,2026,Tehran,main,CO₂ emissions,t/year,16617519.616698448,SC0,Tehran
SC0,2027,Tehran,main,CO₂ emissions,t/year,16994368.174083486,SC0,Tehran
SC0,2028,Tehran,main,CO₂ emissions,t/year,17256844.83696775,SC0,Tehran
SC0,2029,Tehran,main,CO₂ emissions,t/year,17423581.447206598,SC0,Tehran
SC0,2030,Tehran,main,CO₂ emissions,t/year,17612792.73894355,SC0,Tehran
SC0,2024,Region12,main,Climate cost,IRR/year,3353666718892.4854,SC0,Region 12
SC0,2025,Region12,main,Climate cost,IRR/year,3457011522179.937,SC0,Region 12
SC0,2026,Region12,main,Climate cost,IRR/year,3434286845299.665,SC0,Region 12
SC0,2027,Region12,main,Climate cost,IRR/year,3424571769211.442,SC0,Region 12
SC0,2028,Region12,main,Climate cost,IRR/year,3442388141820.428,SC0,Region 12
SC0,2029,Region12,main,Climate cost,IRR/year,3472450874513.944,SC0,Region 12
SC0,2030,Region12,main,Climate cost,IRR/year,3504516005232.678,SC0,Region 12
SC0,2024,Tehran,main,Climate cost,IRR/year,240691190271873.9,SC0,Tehran
SC0,2025,Tehran,main,Climate cost,IRR/year,250176506547901.4,SC0,Tehran
SC0,2026,Tehran,main,Climate cost,IRR/year,249262794250476.72,SC0,Tehran
SC0,2027,Tehran,main,Climate cost,IRR/year,254915522611252.28,SC0,Tehran
SC0,2028,Tehran,main,Climate cost,IRR/year,258852672554516.28,SC0,Tehran
SC0,2029,Tehran,main,Climate cost,IRR/year,261353721708098.97,SC0,Tehran
SC0,2030,Tehran,main,Climate cost,IRR/year,264191891084153.25,SC0,Tehran
SC0,2024,Region12,main,Congestion index,–,1.156845834718303,SC0,Region 12
SC0,2025,Region12,main,Congestion index,–,1.2083326335898308,SC0,Region 12
SC0,2026,Region12,main,Congestion index,–,1.2025694914915406,SC0,Region 12
SC0,2027,Region12,main,Congestion index,–,1.2277042168067431,SC0,Region 12
SC0,2028,Region12,main,Congestion index,–,1.241729554401016,SC0,Region 12
SC0,2029,Region12,main,Congestion index,–,1.246499042541463,SC0,Region 12
SC0,2030,Region12,main,Congestion index,–,1.249766674209992,SC0,Region 12
SC0,2024,Tehran,main,Congestion index,–,0.3794403606699812,SC0,Tehran
SC0,2025,Tehran,main,Congestion index,–,0.3963278049147127,SC0,Tehran
SC0,2026,Tehran,main,Congestion index,–,0.3944375195795885,SC0,Tehran
SC0,2027,Tehran,main,Congestion index,–,0.4026815992596296,SC0,Tehran
SC0,2028,Tehran,main,Congestion index,–,0.407281848485219,SC0,Tehran
SC0,2029,Tehran,main,Congestion index,–,0.4088462196796427,SC0,Tehran
SC0,2030,Tehran,main,Congestion index,–,0.4099179885373706,SC0,Tehran
SC0,2024,Region12,main,Electricity use,kWh/year,72597412.63742895,SC0,Region 12
SC0,2025,Region12,main,Electricity use,kWh/year,71455473.2155822,SC0,Region 12
SC0,2026,Region12,main,Electricity use,kWh/year,72019472.50658223,SC0,Region 12
SC0,2027,Region12,main,Electricity use,kWh/year,71488639.83048509,SC0,Region 12
SC0,2028,Region12,main,Electricity use,kWh/year,71589317.53479415,SC0,Region 12
SC0,2029,Region12,main,Electricity use,kWh/year,72453621.71335204,SC0,Region 12
SC0,2030,Region12,main,Electricity use,kWh/year,73590342.86835201,SC0,Region 12
SC0,2024,Tehran,main,Electricity use,kWh/year,1010486335.4725728,SC0,Tehran
SC0,2025,Tehran,main,Electricity use,kWh/year,1114912910.2782955,SC0,Tehran
SC0,2026,Tehran,main,Electricity use,kWh/year,1196333088.3135796,SC0,Tehran
SC0,2027,Tehran,main,Electricity use,kWh/year,1217813694.4035158,SC0,Tehran
SC0,2028,Tehran,main,Electricity use,kWh/year,1265569041.9231095,SC0,Tehran
SC0,2029,Tehran,main,Electricity use,kWh/year,1323384492.7933748,SC0,Tehran
SC0,2030,Tehran,main,Electricity use,kWh/year,1401781954.77345,SC0,Tehran
SC0,2024,Region12,secondary,Energy: CNG,MJ/year,456027744.5131171,SC0,Region 12
SC0,2025,Region12,secondary,Energy: CNG,MJ/year,480218734.1004609,SC0,Region 12
SC0,2026,Region12,secondary,Energy: CNG,MJ/year,485447737.2452574,SC0,Region 12
SC0,2027,Region12,secondary,Energy: CNG,MJ/year,489741911.4604266,SC0,Region 12
SC0,2028,Region12,secondary,Energy: CNG,MJ/year,494474697.92785597,SC0,Region 12
SC0,2029,Region12,secondary,Energy: CNG,MJ/year,497513116.823275,SC0,Region 12
SC0,2030,Region12,secondary,Energy: CNG,MJ/year,501503188.2790847,SC0,Region 12
SC0,2024,Tehran,secondary,Energy: CNG,MJ/year,28465315896.16287,SC0,Tehran
SC0,2025,Tehran,secondary,Energy: CNG,MJ/year,29344896082.638653,SC0,Tehran
SC0,2026,Tehran,secondary,Energy: CNG,MJ/year,29476015331.491196,SC0,Tehran
SC0,2027,Tehran,secondary,Energy: CNG,MJ/year,30034079970.55358,SC0,Tehran
SC0,2028,Tehran,secondary,Energy: CNG,MJ/year,30479342368.555832,SC0,Tehran
SC0,2029,Tehran,secondary,Energy: CNG,MJ/year,30823030697.314487,SC0,Tehran
SC0,2030,Tehran,secondary,Energy: CNG,MJ/year,31187928883.34365,SC0,Tehran
SC0,2024,Region12,secondary,Energy: diesel,MJ/year,71763352.29105754,SC0,Region 12
SC0,2025,Region12,secondary,Energy: diesel,MJ/year,76611070.83002092,SC0,Region 12
SC0,2026,Region12,secondary,Energy: diesel,MJ/year,77864132.86034374,SC0,Region 12
SC0,2027,Region12,secondary,Energy: diesel,MJ/year,80024273.83033277,SC0,Region 12
SC0,2028,Region12,secondary,Energy: diesel,MJ/year,81102344.06408298,SC0,Region 12
SC0,2029,Region12,secondary,Energy: diesel,MJ/year,82031819.41073708,SC0,Region 12
SC0,2030,Region12,secondary,Energy: diesel,MJ/year,82789709.53694084,SC0,Region 12
SC0,2024,Tehran,secondary,Energy: diesel,MJ/year,1041250850.3839899,SC0,Tehran
SC0,2025,Tehran,secondary,Energy: diesel,MJ/year,1195864688.9890962,SC0,Tehran
SC0,2026,Tehran,secondary,Energy: diesel,MJ/year,1057300287.9834043,SC0,Tehran
SC0,2027,Tehran,secondary,Energy: diesel,MJ/year,1068455865.4845569,SC0,Tehran
SC0,2028,Tehran,secondary,Energy: diesel,MJ/year,1110104492.8761432,SC0,Tehran
SC0,2029,Tehran,secondary,Energy: diesel,MJ/year,1123411217.5717862,SC0,Tehran
SC0,2030,Tehran,secondary,Energy: diesel,MJ/year,1127488799.702378,SC0,Tehran
SC0,2024,Region12,secondary,Energy: gasoline,MJ/year,2273857992.283237,SC0,Region 12
SC0,2025,Region12,secondary,Energy: gasoline,MJ/year,2360477834.386785,SC0,Region 12
SC0,2026,Region12,secondary,Energy: gasoline,MJ/year,2327909760.6223173,SC0,Region 12
SC0,2027,Region12,secondary,Energy: gasoline,MJ/year,2316926200.421282,SC0,Region 12
SC0,2028,Region12,secondary,Energy: gasoline,MJ/year,2328729371.1729593,SC0,Region 12
SC0,2029,Region12,secondary,Energy: gasoline,MJ/year,2347934200.855093,SC0,Region 12
SC0,2030,Region12,secondary,Energy: gasoline,MJ/year,2366298630.599586,SC0,Region 12
SC0,2024,Tehran,secondary,Energy: gasoline,MJ/year,205087856455.4507,SC0,Tehran
SC0,2025,Tehran,secondary,Energy: gasoline,MJ/year,212724495046.38416,SC0,Tehran
SC0,2026,Tehran,secondary,Energy: gasoline,MJ/year,211195321606.14597,SC0,Tehran
SC0,2027,Tehran,secondary,Energy: gasoline,MJ/year,216133833238.3808,SC0,Tehran
SC0,2028,Tehran,secondary,Energy: gasoline,MJ/year,219225603898.00015,SC0,Tehran
SC0,2029,Tehran,secondary,Energy: gasoline,MJ/year,220929850119.51266,SC0,Tehran
SC0,2030,Tehran,secondary,Energy: gasoline,MJ/year,222791457989.28656,SC0,Tehran
SC0,2024,Region12,main,Final energy,MJ/year,3062999774.582156,SC0,Region 12
SC0,2025,Region12,main,Final energy,MJ/year,3174547342.893363,SC0,Region 12
SC0,2026,Region12,main,Final energy,MJ/year,3150491731.7516146,SC0,Region 12
SC0,2027,Region12,main,Final energy,MJ/year,3144051489.101788,SC0,Region 12
SC0,2028,Region12,main,Final energy,MJ/year,3162027956.2901573,SC0,Region 12
SC0,2029,Region12,main,Final energy,MJ/year,3188312175.2571726,SC0,Region 12
SC0,2030,Region12,main,Final energy,MJ/year,3215516762.741679,SC0,Region 12
SC0,2024,Tehran,main,Final energy,MJ/year,238232174009.69888,SC0,Tehran
SC0,2025,Tehran,main,Final energy,MJ/year,247278942295.01376,SC0,Tehran
SC0,2026,Tehran,main,Final energy,MJ/year,246035436343.5495,SC0,Tehran
SC0,2027,Tehran,main,Final energy,MJ/year,251620498374.2716,SC0,Tehran
SC0,2028,Tehran,main,Final energy,MJ/year,255371099310.3553,SC0,Tehran
SC0,2029,Tehran,main,Final energy,MJ/year,257640476208.45508,SC0,Tehran
SC0,2030,Tehran,main,Final energy,MJ/year,260153290709.51697,SC0,Tehran
SC0,2024,Region12,main,Health indicator,IRR/year,380061863845420.94,SC0,Region 12
SC0,2025,Region12,main,Health indicator,IRR/year,381750587331497.5,SC0,Region 12
SC0,2026,Region12,main,Health indicator,IRR/year,382572394827076.2,SC0,Region 12
SC0,2027,Region12,main,Health indicator,IRR/year,385999917222133.7,SC0,Region 12
SC0,2028,Region12,main,Health indicator,IRR/year,389777971305302.4,SC0,Region 12
SC0,2029,Region12,main,Health indicator,IRR/year,392786571097946.94,SC0,Region 12
SC0,2030,Region12,main,Health indicator,IRR/year,395695739484167.6,SC0,Region 12
SC0,2024,Tehran,main,Health indicator,IRR/year,1.1365277897353194e+16,SC0,Tehran
SC0,2025,Tehran,main,Health indicator,IRR/year,1.1703453912054086e+16,SC0,Tehran
SC0,2026,Tehran,main,Health indicator,IRR/year,1.1807090236347122e+16,SC0,Tehran
SC0,2027,Tehran,main,Health indicator,IRR/year,1.2073804503850402e+16,SC0,Tehran
SC0,2028,Tehran,main,Health indicator,IRR/year,1.230581744375987e+16,SC0,Tehran
SC0,2029,Tehran,main,Health indicator,IRR/year,1.2507291143074522e+16,SC0,Tehran
SC0,2030,Tehran,main,Health indicator,IRR/year,1.2719895394156746e+16,SC0,Tehran
SC0,2024,Region12,main,Modal share: car,–,0.2198585795004265,SC0,Region 12
SC0,2025,Region12,main,Modal share: car,–,0.2143111837534519,SC0,Region 12
SC0,2026,Region12,main,Modal share: car,–,0.2109647446747155,SC0,Region 12
SC0,2027,Region12,main,Modal share: car,–,0.2103329456253022,SC0,Region 12
SC0,2028,Region12,main,Modal share: car,–,0.2107092778203136,SC0,Region 12
SC0,2029,Region12,main,Modal share: car,–,0.2110516976266978,SC0,Region 12
SC0,2030,Region12,main,Modal share: car,–,0.2108869508831757,SC0,Region 12
SC0,2024,Tehran,main,Modal share: car,–,0.572152462291515,SC0,Tehran
SC0,2025,Tehran,main,Modal share: car,–,0.5639602141508211,SC0,Tehran
SC0,2026,Tehran,main,Modal share: car,–,0.5721371702567187,SC0,Tehran
SC0,2027,Tehran,main,Modal share: car,–,0.5750198300788467,SC0,Tehran
SC0,2028,Tehran,main,Modal share: car,–,0.5741062444355752,SC0,Tehran
SC0,2029,Tehran,main,Modal share: car,–,0.5735841863344904,SC0,Tehran
SC0,2030,Tehran,main,Modal share: car,–,0.5719353527432628,SC0,Tehran
SC0,2024,Region12,main,Modal share: public transport,–,0.3536342603080409,SC0,Region 12
SC0,2025,Region12,main,Modal share: public transport,–,0.35052703165707333,SC0,Region 12
SC0,2026,Region12,main,Modal share: public transport,–,0.34856846637731187,SC0,Region 12
SC0,2027,Region12,main,Modal share: public transport,–,0.3460299464206772,SC0,Region 12
SC0,2028,Region12,main,Modal share: public transport,–,0.3437267456792301,SC0,Region 12
SC0,2029,Region12,main,Modal share: public transport,–,0.3430605993059677,SC0,Region 12
SC0,2030,Region12,main,Modal share: public transport,–,0.34329626366188504,SC0,Region 12
SC0,2024,Tehran,main,Modal share: public transport,–,0.1213753025839129,SC0,Tehran
SC0,2025,Tehran,main,Modal share: public transport,–,0.1278269790185728,SC0,Tehran
SC0,2026,Tehran,main,Modal share: public transport,–,0.1225617995551276,SC0,Tehran
SC0,2027,Tehran,main,Modal share: public transport,–,0.1199689036509356,SC0,Tehran
SC0,2028,Tehran,main,Modal share: public transport,–,0.1204981232776376,SC0,Tehran
SC0,2029,Tehran,main,Modal share: public transport,–,0.12091727119563739,SC0,Tehran
SC0,2030,Tehran,main,Modal share: public transport,–,0.122537237362431,SC0,Tehran
SC0,2024,Region12,secondary,Municipal budget,IRR/year,11929000000000.002,SC0,Region 12
SC0,2025,Region12,secondary,Municipal budget,IRR/year,14881887352068.6,SC0,Region 12
SC0,2026,Region12,secondary,Municipal budget,IRR/year,18565728154888.03,SC0,Region 12
SC0,2027,Region12,secondary,Municipal budget,IRR/year,23161461565107.89,SC0,Region 12
SC0,2028,Region12,secondary,Municipal budget,IRR/year,28894816155687.996,SC0,Region 12
SC0,2029,Region12,secondary,Municipal budget,IRR/year,36047397023026.29,SC0,Region 12
SC0,2030,Region12,secondary,Municipal budget,IRR/year,44970517380498.805,SC0,Region 12
SC0,2024,Tehran,secondary,Municipal budget,IRR/year,1510000000000000.0,SC0,Tehran
SC0,2025,Tehran,secondary,Municipal budget,IRR/year,1883783209122607.2,SC0,Tehran
SC0,2026,Tehran,secondary,Municipal budget,IRR/year,2350092171504814.0,SC0,Tehran
SC0,2027,Tehran,secondary,Municipal budget,IRR/year,2931830577861758.0,SC0,Tehran
SC0,2028,Tehran,secondary,Municipal budget,IRR/year,3657571665276961.0,SC0,Tehran
SC0,2029,Tehran,secondary,Municipal budget,IRR/year,4562961648484340.0,SC0,Tehran
SC0,2030,Tehran,secondary,Municipal budget,IRR/year,5692470554493519.0,SC0,Tehran
SC0,2024,Region12,main,NOₓ emissions,t/year,858.4094271856591,SC0,Region 12
SC0,2025,Region12,main,NOₓ emissions,t/year,891.1790134888704,SC0,Region 12
SC0,2026,Region12,main,NOₓ emissions,t/year,886.9498940358325,SC0,Region 12
SC0,2027,Region12,main,NOₓ emissions,t/year,887.3863931850486,SC0,Region 12
SC0,2028,Region12,main,NOₓ emissions,t/year,893.3946805109657,SC0,Region 12
SC0,2029,Region12,main,NOₓ emissions,t/year,901.1040451316503,SC0,Region 12
SC0,2030,Region12,main,NOₓ emissions,t/year,908.7387510586456,SC0,Region 12
SC0,2024,Tehran,main,NOₓ emissions,t/year,61066.839186799996,SC0,Tehran
SC0,2025,Tehran,main,NOₓ emissions,t/year,63358.68804269867,SC0,Tehran
SC0,2026,Tehran,main,NOₓ emissions,t/year,62981.36302888688,SC0,Tehran
SC0,2027,Tehran,main,NOₓ emissions,t/year,64393.57711426793,SC0,Tehran
SC0,2028,Tehran,main,NOₓ emissions,t/year,65353.77949267267,SC0,Tehran
SC0,2029,Tehran,main,NOₓ emissions,t/year,65926.19262282569,SC0,Tehran
SC0,2030,Tehran,main,NOₓ emissions,t/year,66552.92108043148,SC0,Tehran
SC0,2024,Region12,secondary,Non-public transport trips,trips/year,194894285.66704953,SC0,Region 12
SC0,2025,Region12,secondary,Non-public transport trips,trips/year,197526727.04014224,SC0,Region 12
SC0,2026,Region12,secondary,Non-public transport trips,trips/year,199837770.48076415,SC0,Region 12
SC0,2027,Region12,secondary,Non-public transport trips,trips/year,202353476.765719,SC0,Region 12
SC0,2028,Region12,secondary,Non-public transport trips,trips/year,204824321.61317682,SC0,Region 12
SC0,2029,Region12,secondary,Non-public transport trips,trips/year,206807431.28152147,SC0,Region 12
SC0,2030,Region12,secondary,Non-public transport trips,trips/year,208523174.7076124,SC0,Region 12
SC0,2024,Tehran,secondary,Non-public transport trips,trips/year,6486618675.382879,SC0,Tehran
SC0,2025,Tehran,secondary,Non-public transport trips,trips/year,6516368900.815335,SC0,Tehran
SC0,2026,Tehran,secondary,Non-public transport trips,trips/year,6634504007.8949175,SC0,Tehran
SC0,2027,Tehran,secondary,Non-public transport trips,trips/year,6733847779.261035,SC0,Tehran
SC0,2028,Tehran,secondary,Non-public transport trips,trips/year,6810270108.167002,SC0,Tehran
SC0,2029,Tehran,secondary,Non-public transport trips,trips/year,6888308040.876718,SC0,Tehran
SC0,2030,Tehran,secondary,Non-public transport trips,trips/year,6957601067.428314,SC0,Tehran
SC0,2024,Region12,main,PCE-weighted VKT,PCE-km/year,958763335.00298,SC0,Region 12
SC0,2025,Region12,main,PCE-weighted VKT,PCE-km/year,997126672.2993344,SC0,Region 12
SC0,2026,Region12,main,PCE-weighted VKT,PCE-km/year,995034860.7016156,SC0,Region 12
SC0,2027,Region12,main,PCE-weighted VKT,PCE-km/year,997804087.7568754,SC0,Region 12
SC0,2028,Region12,main,PCE-weighted VKT,PCE-km/year,1006194065.1177684,SC0,Region 12
SC0,2029,Region12,main,PCE-weighted VKT,PCE-km/year,1015481812.2064414,SC0,Region 12
SC0,2030,Region12,main,PCE-weighted VKT,PCE-km/year,1024877151.3236004,SC0,Region 12
SC0,2024,Tehran,main,PCE-weighted VKT,PCE-km/year,67451154411.74255,SC0,Tehran
SC0,2025,Tehran,main,PCE-weighted VKT,PCE-km/year,70314250177.63245,SC0,Tehran
SC0,2026,Tehran,main,PCE-weighted VKT,PCE-km/year,70027133144.50792,SC0,Tehran
SC0,2027,Tehran,main,PCE-weighted VKT,PCE-km/year,71707570501.25262,SC0,Tehran
SC0,2028,Tehran,main,PCE-weighted VKT,PCE-km/year,72895216795.29848,SC0,Tehran
SC0,2029,Tehran,main,PCE-weighted VKT,PCE-km/year,73676897964.34944,SC0,Tehran
SC0,2030,Tehran,main,PCE-weighted VKT,PCE-km/year,74489401386.75516,SC0,Tehran
SC0,2024,Region12,main,PM₂.₅ emissions,t/year,27.7266996861683,SC0,Region 12
SC0,2025,Region12,main,PM₂.₅ emissions,t/year,28.66813417946224,SC0,Region 12
SC0,2026,Region12,main,PM₂.₅ emissions,t/year,28.898798243659016,SC0,Region 12
SC0,2027,Region12,main,PM₂.₅ emissions,t/year,29.101591942377397,SC0,Region 12
SC0,2028,Region12,main,PM₂.₅ emissions,t/year,29.376350881788593,SC0,Region 12
SC0,2029,Region12,main,PM₂.₅ emissions,t/year,29.66479536973506,SC0,Region 12
SC0,2030,Region12,main,PM₂.₅ emissions,t/year,29.94198201622716,SC0,Region 12
SC0,2024,Tehran,main,PM₂.₅ emissions,t/year,1096.392198765381,SC0,Tehran
SC0,2025,Tehran,main,PM₂.₅ emissions,t/year,1133.119925181753,SC0,Tehran
SC0,2026,Tehran,main,PM₂.₅ emissions,t/year,1131.2419348446676,SC0,Tehran
SC0,2027,Tehran,main,PM₂.₅ emissions,t/year,1153.5730016725508,SC0,Tehran
SC0,2028,Tehran,main,PM₂.₅ emissions,t/year,1171.9287787798041,SC0,Tehran
SC0,2029,Tehran,main,PM₂.₅ emissions,t/year,1184.6881690174428,SC0,Tehran
SC0,2030,Tehran,main,PM₂.₅ emissions,t/year,1199.0403294278283,SC0,Tehran
SC0,2024,Region12,secondary,Population,persons,245721.85714285728,SC0,Region 12
SC0,2025,Region12,secondary,Population,persons,246411.88095238103,SC0,Region 12
SC0,2026,Region12,secondary,Population,persons,247101.90476190465,SC0,Region 12
SC0,2027,Region12,secondary,Population,persons,247791.9285714284,SC0,Region 12
SC0,2028,Region12,secondary,Population,persons,248481.9523809522,SC0,Region 12
SC0,2029,Region12,secondary,Population,persons,249171.976190476,SC0,Region 12
SC0,2030,Region12,secondary,Population,persons,249861.9999999996,SC0,Region 12
SC0,2024,Tehran,secondary,Population,persons,9866616.219206296,SC0,Tehran
SC0,2025,Tehran,secondary,Population,persons,9985188.971210005,SC0,Tehran
SC0,2026,Tehran,secondary,Population,persons,10105206.603410408,SC0,Tehran
SC0,2027,Tehran,secondary,Population,persons,10226300.512262443,SC0,Tehran
SC0,2028,Tehran,secondary,Population,persons,10348581.902161589,SC0,Tehran
SC0,2029,Tehran,secondary,Population,persons,10472155.614222366,SC0,Tehran
SC0,2030,Tehran,secondary,Population,persons,10597028.517119344,SC0,Tehran
SC0,2024,Region12,secondary,Public transport trips,trips/year,106628944.4471131,SC0,Region 12
SC0,2025,Region12,secondary,Public transport trips,trips/year,106607142.52507518,SC0,Region 12
SC0,2026,Region12,secondary,Public transport trips,trips/year,106929341.89625354,SC0,Region 12
SC0,2027,Region12,secondary,Public transport trips,trips/year,107069677.48758917,SC0,Region 12
SC0,2028,Region12,secondary,Public transport trips,trips/year,107277870.97909333,SC0,Region 12
SC0,2029,Region12,secondary,Public transport trips,trips/year,107996995.21967033,SC0,Region 12
SC0,2030,Region12,secondary,Public transport trips,trips/year,109006882.10365377,SC0,Region 12
SC0,2024,Tehran,secondary,Public transport trips,trips/year,896076910.6382303,SC0,Tehran
SC0,2025,Tehran,secondary,Public transport trips,trips/year,955048746.8925503,SC0,Tehran
SC0,2026,Tehran,secondary,Public transport trips,trips/year,926716833.1069206,SC0,Tehran
SC0,2027,Tehran,secondary,Public transport trips,trips/year,917981579.0393379,SC0,Tehran
SC0,2028,Tehran,secondary,Public transport trips,trips/year,933056300.1254053,SC0,Tehran
SC0,2029,Tehran,secondary,Public transport trips,trips/year,947482397.4651681,SC0,Tehran
SC0,2030,Tehran,secondary,Public transport trips,trips/year,971625520.5062345,SC0,Tehran
SC0,2024,Region12,main,Time loss (car),hours/year,58853375.8676891,SC0,Region 12
SC0,2025,Region12,main,Time loss (car),hours/year,61883263.84009905,SC0,Region 12
SC0,2026,Region12,main,Time loss (car),hours/year,60991747.5848294,SC0,Region 12
SC0,2027,Region12,main,Time loss (car),hours/year,63332113.42027035,SC0,Region 12
SC0,2028,Region12,main,Time loss (car),hours/year,65133333.70073381,SC0,Region 12
SC0,2029,Region12,main,Time loss (car),hours/year,66197328.13234212,SC0,Region 12
SC0,2030,Region12,main,Time loss (car),hours/year,66990552.73804738,SC0,Region 12
SC0,2024,Tehran,main,Time loss (car),hours/year,799441386.5936664,SC0,Tehran
SC0,2025,Tehran,main,Time loss (car),hours/year,882659924.4617256,SC0,Tehran
SC0,2026,Tehran,main,Time loss (car),hours/year,875093309.8708357,SC0,Tehran
SC0,2027,Tehran,main,Time loss (car),hours/year,922620329.9304692,SC0,Tehran
SC0,2028,Tehran,main,Time loss (car),hours/year,952189142.993574,SC0,Tehran
SC0,2029,Tehran,main,Time loss (car),hours/year,966797138.1569576,SC0,Tehran
SC0,2030,Tehran,main,Time loss (car),hours/year,980743688.4032822,SC0,Tehran
SC0,2024,Region12,secondary,Trips total (effective),trips/year,301523230.1141626,SC0,Region 12
SC0,2025,Region12,secondary,Trips total (effective),trips/year,304133869.56521744,SC0,Region 12
SC0,2026,Region12,secondary,Trips total (effective),trips/year,306767112.3770177,SC0,Region 12
SC0,2027,Region12,secondary,Trips total (effective),trips/year,309423154.2533082,SC0,Region 12
SC0,2028,Region12,secondary,Trips total (effective),trips/year,312102192.59227014,SC0,Region 12
SC0,2029,Region12,secondary,Trips total (effective),trips/year,314804426.5011918,SC0,Region 12
SC0,2030,Region12,secondary,Trips total (effective),trips/year,317530056.8112662,SC0,Region 12
SC0,2024,Tehran,secondary,Trips total (effective),trips/year,7382695586.02111,SC0,Tehran
SC0,2025,Tehran,secondary,Trips total (effective),trips/year,7471417647.707886,SC0,Tehran
SC0,2026,Tehran,secondary,Trips total (effective),trips/year,7561220841.001838,SC0,Tehran
SC0,2027,Tehran,secondary,Trips total (effective),trips/year,7651829358.300373,SC0,Tehran
SC0,2028,Tehran,secondary,Trips total (effective),trips/year,7743326408.292407,SC0,Tehran
SC0,2029,Tehran,secondary,Trips total (effective),trips/year,7835790438.341886,SC0,Tehran
SC0,2030,Tehran,secondary,Trips total (effective),trips/year,7929226587.934548,SC0,Tehran
SC1,2024,Region12,main,CO₂ emissions,t/year,223577.78125949905,SC1,Region 12
SC1,2025,Region12,main,CO₂ emissions,t/year,230467.4348119958,SC1,Region 12
SC1,2026,Region12,main,CO₂ emissions,t/year,229146.3929779344,SC1,Region 12
SC1,2027,Region12,main,CO₂ emissions,t/year,227767.7483170369,SC1,Region 12
SC1,2028,Region12,main,CO₂ emissions,t/year,228861.15328989105,SC1,Region 12
SC1,2029,Region12,main,CO₂ emissions,t/year,230315.8970918024,SC1,Region 12
SC1,2030,Region12,main,CO₂ emissions,t/year,232380.97681562035,SC1,Region 12
SC1,2024,Tehran,main,CO₂ emissions,t/year,16046079.35145826,SC1,Tehran
SC1,2025,Tehran,main,CO₂ emissions,t/year,16678433.769860094,SC1,Tehran
SC1,2026,Tehran,main,CO₂ emissions,t/year,16299289.136617633,SC1,Tehran
SC1,2027,Tehran,main,CO₂ emissions,t/year,16600648.111326585,SC1,Tehran
SC1,2028,Tehran,main,CO₂ emissions,t/year,16534750.811342334,SC1,Tehran
SC1,2029,Tehran,main,CO₂ emissions,t/year,16801735.28746432,SC1,Tehran
SC1,2030,Tehran,main,CO₂ emissions,t/year,16861120.786593575,SC1,Tehran
SC1,2024,Region12,main,Climate cost,IRR/year,3353666718892.4854,SC1,Region 12
SC1,2025,Region12,main,Climate cost,IRR/year,3457011522179.937,SC1,Region 12
SC1,2026,Region12,main,Climate cost,IRR/year,3437195894669.016,SC1,Region 12
SC1,2027,Region12,main,Climate cost,IRR/year,3416516224755.553,SC1,Region 12
SC1,2028,Region12,main,Climate cost,IRR/year,3432917299348.3657,SC1,Region 12
SC1,2029,Region12,main,Climate cost,IRR/year,3454738456377.036,SC1,Region 12
SC1,2030,Region12,main,Climate cost,IRR/year,3485714652234.305,SC1,Region 12
SC1,2024,Tehran,main,Climate cost,IRR/year,240691190271873.9,SC1,Tehran
SC1,2025,Tehran,main,Climate cost,IRR/year,250176506547901.4,SC1,Tehran
SC1,2026,Tehran,main,Climate cost,IRR/year,244489337049264.5,SC1,Tehran
SC1,2027,Tehran,main,Climate cost,IRR/year,249009721669898.75,SC1,Tehran
SC1,2028,Tehran,main,Climate cost,IRR/year,248021262170135.0,SC1,Tehran
SC1,2029,Tehran,main,Climate cost,IRR/year,252026029311964.8,SC1,Tehran
SC1,2030,Tehran,main,Climate cost,IRR/year,252916811798903.6,SC1,Tehran
SC1,2024,Region12,main,Congestion index,–,1.156845834718303,SC1,Region 12
SC1,2025,Region12,main,Congestion index,–,1.2083326335898308,SC1,Region 12
SC1,2026,Region12,main,Congestion index,–,1.179728314790358,SC1,Region 12
SC1,2027,Region12,main,Congestion index,–,1.2033440916363798,SC1,Region 12
SC1,2028,Region12,main,Congestion index,–,1.1911794905803754,SC1,Region 12
SC1,2029,Region12,main,Congestion index,–,1.2029315747269975,SC1,Region 12
SC1,2030,Region12,main,Congestion index,–,1.1974027315356868,SC1,Region 12
SC1,2024,Tehran,main,Congestion index,–,0.3794403606699812,SC1,Tehran
SC1,2025,Tehran,main,Congestion index,–,0.3963278049147127,SC1,Tehran
SC1,2026,Tehran,main,Congestion index,–,0.386945713787044,SC1,Tehran
SC1,2027,Tehran,main,Congestion index,–,0.3946915850302407,SC1,Tehran
SC1,2028,Tehran,main,Congestion index,–,0.3907016492293129,SC1,Tehran
SC1,2029,Tehran,main,Congestion index,–,0.3945562812929742,SC1,Tehran
SC1,2030,Tehran,main,Congestion index,–,0.3927428449718679,SC1,Tehran
SC1,2024,Region12,main,Electricity use,kWh/year,72597412.63742895,SC1,Region 12
SC1,2025,Region12,main,Electricity use,kWh/year,71455473.2155822,SC1,Region 12
SC1,2026,Region12,main,Electricity use,kWh/year,72436714.4338324,SC1,Region 12
SC1,2027,Region12,main,Electricity use,kWh/year,71893744.36234458,SC1,Region 12
SC1,2028,Region12,main,Electricity use,kWh/year,72263249.1803474,SC1,Region 12
SC1,2029,Region12,main,Electricity use,kWh/year,73118437.04515928,SC1,Region 12
SC1,2030,Region12,main,Electricity use,kWh/year,74465647.61321531,SC1,Region 12
SC1,2024,Tehran,main,Electricity use,kWh/year,1010486335.4725728,SC1,Tehran
SC1,2025,Tehran,main,Electricity use,kWh/year,1114912910.2782955,SC1,Tehran
SC1,2026,Tehran,main,Electricity use,kWh/year,1186066117.8705628,SC1,Tehran
SC1,2027,Tehran,main,Electricity use,kWh/year,1204144967.038733,SC1,Tehran
SC1,2028,Tehran,main,Electricity use,kWh/year,1246738989.8278294,SC1,Tehran
SC1,2029,Tehran,main,Electricity use,kWh/year,1304484416.782503,SC1,Tehran
SC1,2030,Tehran,main,Electricity use,kWh/year,1377426630.9330883,SC1,Tehran
SC1,2024,Region12,secondary,Energy: CNG,MJ/year,456027744.5131171,SC1,Region 12
SC1,2025,Region12,secondary,Energy: CNG,MJ/year,480218734.1004609,SC1,Region 12
SC1,2026,Region12,secondary,Energy: CNG,MJ/year,485378830.54558074,SC1,Region 12
SC1,2027,Region12,secondary,Energy: CNG,MJ/year,489021400.719028,SC1,Region 12
SC1,2028,Region12,secondary,Energy: CNG,MJ/year,493506194.8938607,SC1,Region 12
SC1,2029,Region12,secondary,Energy: CNG,MJ/year,496032229.4155374,SC1,Region 12
SC1,2030,Region12,secondary,Energy: CNG,MJ/year,499821620.8955707,SC1,Region 12
SC1,2024,Tehran,secondary,Energy: CNG,MJ/year,28465315896.16287,SC1,Tehran
SC1,2025,Tehran,secondary,Energy: CNG,MJ/year,29344896082.638653,SC1,Tehran
SC1,2026,Tehran,secondary,Energy: CNG,MJ/year,28962020931.4026,SC1,Tehran
SC1,2027,Tehran,secondary,Energy: CNG,MJ/year,29414214736.412872,SC1,Tehran
SC1,2028,Tehran,secondary,Energy: CNG,MJ/year,29488378923.06158,SC1,Tehran
SC1,2029,Tehran,secondary,Energy: CNG,MJ/year,29918663662.98413,SC1,Tehran
SC1,2030,Tehran,secondary,Energy: CNG,MJ/year,30078186444.66097,SC1,Tehran
SC1,2024,Region12,secondary,Energy: diesel,MJ/year,71763352.29105754,SC1,Region 12
SC1,2025,Region12,secondary,Energy: diesel,MJ/year,76611070.83002092,SC1,Region 12
SC1,2026,Region12,secondary,Energy: diesel,MJ/year,78261567.59597611,SC1,Region 12
SC1,2027,Region12,secondary,Energy: diesel,MJ/year,80434812.6234741,SC1,Region 12
SC1,2028,Region12,secondary,Energy: diesel,MJ/year,81795581.93087792,SC1,Region 12
SC1,2029,Region12,secondary,Energy: diesel,MJ/year,82753636.53909913,SC1,Region 12
SC1,2030,Region12,secondary,Energy: diesel,MJ/year,83734563.40168478,SC1,Region 12
SC1,2024,Tehran,secondary,Energy: diesel,MJ/year,1041250850.3839899,SC1,Tehran
SC1,2025,Tehran,secondary,Energy: diesel,MJ/year,1195864688.9890962,SC1,Tehran
SC1,2026,Tehran,secondary,Energy: diesel,MJ/year,1048754650.0579255,SC1,Tehran
SC1,2027,Tehran,secondary,Energy: diesel,MJ/year,1197133689.2145095,SC1,Tehran
SC1,2028,Tehran,secondary,Energy: diesel,MJ/year,1098837779.3016078,SC1,Tehran
SC1,2029,Tehran,secondary,Energy: diesel,MJ/year,1112051430.5790446,SC1,Tehran
SC1,2030,Tehran,secondary,Energy: diesel,MJ/year,1114137601.2632046,SC1,Tehran
SC1,2024,Region12,secondary,Energy: gasoline,MJ/year,2273857992.283237,SC1,Region 12
SC1,2025,Region12,secondary,Energy: gasoline,MJ/year,2360477834.386785,SC1,Region 12
SC1,2026,Region12,secondary,Energy: gasoline,MJ/year,2327031065.186823,SC1,Region 12
SC1,2027,Region12,secondary,Energy: gasoline,MJ/year,2305841263.428138,SC1,Region 12
SC1,2028,Region12,secondary,Energy: gasoline,MJ/year,2313969838.8851776,SC1,Region 12
SC1,2029,Region12,secondary,Energy: gasoline,MJ/year,2325502209.1188316,SC1,Region 12
SC1,2030,Region12,secondary,Energy: gasoline,MJ/year,2341012006.493942,SC1,Region 12
SC1,2024,Tehran,secondary,Energy: gasoline,MJ/year,205087856455.4507,SC1,Tehran
SC1,2025,Tehran,secondary,Energy: gasoline,MJ/year,212724495046.38416,SC1,Tehran
SC1,2026,Tehran,secondary,Energy: gasoline,MJ/year,206994782405.06668,SC1,Tehran
SC1,2027,Tehran,secondary,Energy: gasoline,MJ/year,210788509700.86157,SC1,Tehran
SC1,2028,Tehran,secondary,Energy: gasoline,MJ/year,209506700323.73416,SC1,Tehran
SC1,2029,Tehran,secondary,Energy: gasoline,MJ/year,212625287375.20822,SC1,Tehran
SC1,2030,Tehran,secondary,Energy: gasoline,MJ/year,212778501678.76254,SC1,Tehran
SC1,2024,Region12,main,Final energy,MJ/year,3062999774.582156,SC1,Region 12
SC1,2025,Region12,main,Final energy,MJ/year,3174547342.893363,SC1,Region 12
SC1,2026,Region12,main,Final energy,MJ/year,3151443635.2901764,SC1,Region 12
SC1,2027,Region12,main,Final energy,MJ/year,3134114956.4750805,SC1,Region 12
SC1,2028,Region12,main,Final energy,MJ/year,3149419312.7591667,SC1,Region 12
SC1,2029,Region12,main,Final energy,MJ/year,3167514448.436042,SC1,Region 12
SC1,2030,Region12,main,Final energy,MJ/year,3192644522.1987724,SC1,Region 12
SC1,2024,Tehran,main,Final energy,MJ/year,238232174009.69888,SC1,Tehran
SC1,2025,Tehran,main,Final energy,MJ/year,247278942295.01376,SC1,Tehran
SC1,2026,Tehran,main,Final energy,MJ/year,241275396010.86124,SC1,Tehran
SC1,2027,Tehran,main,Final energy,MJ/year,245734780007.8284,SC1,Tehran
SC1,2028,Tehran,main,Final energy,MJ/year,244582177389.4776,SC1,Tehran
SC1,2029,Tehran,main,Final energy,MJ/year,248352146369.18845,SC1,Tehran
SC1,2030,Tehran,main,Final energy,MJ/year,248929561596.0459,SC1,Tehran
SC1,2024,Region12,main,Health indicator,IRR/year,380061863845420.94,SC1,Region 12
SC1,2025,Region12,main,Health indicator,IRR/year,381750587331497.5,SC1,Region 12
SC1,2026,Region12,main,Health indicator,IRR/year,380280580264817.1,SC1,Region 12
SC1,2027,Region12,main,Health indicator,IRR/year,382584110771950.6,SC1,Region 12
SC1,2028,Region12,main,Health indicator,IRR/year,383792964389224.3,SC1,Region 12
SC1,2029,Region12,main,Health indicator,IRR/year,386761547076607.1,SC1,Region 12
SC1,2030,Region12,main,Health indicator,IRR/year,388838688012858.5,SC1,Region 12
SC1,2024,Tehran,main,Health indicator,IRR/year,1.1365277897353194e+16,SC1,Tehran
SC1,2025,Tehran,main,Health indicator,IRR/year,1.1703453912054086e+16,SC1,Tehran
SC1,2026,Tehran,main,Health indicator,IRR/year,1.1695080210140456e+16,SC1,Tehran
SC1,2027,Tehran,main,Health indicator,IRR/year,1.1940444697737788e+16,SC1,Tehran
SC1,2028,Tehran,main,Health indicator,IRR/year,1.2051345104327416e+16,SC1,Tehran
SC1,2029,Tehran,main,Health indicator,IRR/year,1.2286528465186014e+16,SC1,Tehran
SC1,2030,Tehran,main,Health indicator,IRR/year,1.245062166960592e+16,SC1,Tehran
SC1,2024,Region12,main,Modal share: car,–,0.2198585795004265,SC1,Region 12
SC1,2025,Region12,main,Modal share: car,–,0.2143111837534519,SC1,Region 12
SC1,2026,Region12,main,Modal share: car,–,0.2097996057839973,SC1,Region 12
SC1,2027,Region12,main,Modal share: car,–,0.20882734871581,SC1,Region 12
SC1,2028,Region12,main,Modal share: car,–,0.2083505112506139,SC1,Region 12
SC1,2029,Region12,main,Modal share: car,–,0.2084405871244322,SC1,Region 12
SC1,2030,Region12,main,Modal share: car,–,0.2076248763224611,SC1,Region 12
SC1,2024,Tehran,main,Modal share: car,–,0.572152462291515,SC1,Tehran
SC1,2025,Tehran,main,Modal share: car,–,0.5639602141508211,SC1,Tehran
SC1,2026,Tehran,main,Modal share: car,–,0.5692318208075331,SC1,Tehran
SC1,2027,Tehran,main,Modal share: car,–,0.5660832807299752,SC1,Tehran
SC1,2028,Tehran,main,Modal share: car,–,0.5692768316342175,SC1,Tehran
SC1,2029,Tehran,main,Modal share: car,–,0.5687506162796434,SC1,Tehran
SC1,2030,Tehran,main,Modal share: car,–,0.5656283374336135,SC1,Tehran
SC1,2024,Region12,main,Modal share: public transport,–,0.3536342603080409,SC1,Region 12
SC1,2025,Region12,main,Modal share: public transport,–,0.35052703165707333,SC1,Region 12
SC1,2026,Region12,main,Modal share: public transport,–,0.3499144498441601,SC1,Region 12
SC1,2027,Region12,main,Modal share: public transport,–,0.3477636918282271,SC1,Region 12
SC1,2028,Region12,main,Modal share: public transport,–,0.3464513188749916,SC1,Region 12
SC1,2029,Region12,main,Modal share: public transport,–,0.3460889306058167,SC1,Region 12
SC1,2030,Region12,main,Modal share: public transport,–,0.3470870836134009,SC1,Region 12
SC1,2024,Tehran,main,Modal share: public transport,–,0.1213753025839129,SC1,Tehran
SC1,2025,Tehran,main,Modal share: public transport,–,0.1278269790185728,SC1,Tehran
SC1,2026,Tehran,main,Modal share: public transport,–,0.1241162429335679,SC1,Tehran
SC1,2027,Tehran,main,Modal share: public transport,–,0.1259199724867177,SC1,Tehran
SC1,2028,Tehran,main,Modal share: public transport,–,0.123057332796353,SC1,Tehran
SC1,2029,Tehran,main,Modal share: public transport,–,0.1234839263606965,SC1,Tehran
SC1,2030,Tehran,main,Modal share: public transport,–,0.1259212424722416,SC1,Tehran
SC1,2024,Region12,secondary,Municipal budget,IRR/year,11929000000000.002,SC1,Region 12
SC1,2025,Region12,secondary,Municipal budget,IRR/year,14881887352068.6,SC1,Region 12
SC1,2026,Region12,secondary,Municipal budget,IRR/year,18565728154888.03,SC1,Region 12
SC1,2027,Region12,secondary,Municipal budget,IRR/year,23161461565107.89,SC1,Region 12
SC1,2028,Region12,secondary,Municipal budget,IRR/year,28894816155687.996,SC1,Region 12
SC1,2029,Region12,secondary,Municipal budget,IRR/year,36047397023026.29,SC1,Region 12
SC1,2030,Region12,secondary,Municipal budget,IRR/year,44970517380498.805,SC1,Region 12
SC1,2024,Tehran,secondary,Municipal budget,IRR/year,1510000000000000.0,SC1,Tehran
SC1,2025,Tehran,secondary,Municipal budget,IRR/year,1883783209122607.2,SC1,Tehran
SC1,2026,Tehran,secondary,Municipal budget,IRR/year,2350092171504814.0,SC1,Tehran
SC1,2027,Tehran,secondary,Municipal budget,IRR/year,2931830577861758.0,SC1,Tehran
SC1,2028,Tehran,secondary,Municipal budget,IRR/year,3657571665276961.0,SC1,Tehran
SC1,2029,Tehran,secondary,Municipal budget,IRR/year,4562961648484340.0,SC1,Tehran
SC1,2030,Tehran,secondary,Municipal budget,IRR/year,5692470554493519.0,SC1,Tehran
SC1,2024,Region12,main,NOₓ emissions,t/year,858.4094271856591,SC1,Region 12
SC1,2025,Region12,main,NOₓ emissions,t/year,891.1790134888704,SC1,Region 12
SC1,2026,Region12,main,NOₓ emissions,t/year,887.0528269328715,SC1,Region 12
SC1,2027,Region12,main,NOₓ emissions,t/year,884.7364690120562,SC1,Region 12
SC1,2028,Region12,main,NOₓ emissions,t/year,889.9776036100159,SC1,Region 12
SC1,2029,Region12,main,NOₓ emissions,t/year,895.6177078138385,SC1,Region 12
SC1,2030,Region12,main,NOₓ emissions,t/year,902.6573037431376,SC1,Region 12
SC1,2024,Tehran,main,NOₓ emissions,t/year,61066.839186799996,SC1,Tehran
SC1,2025,Tehran,main,NOₓ emissions,t/year,63358.68804269867,SC1,Tehran
SC1,2026,Tehran,main,NOₓ emissions,t/year,61763.22244599066,SC1,Tehran
SC1,2027,Tehran,main,NOₓ emissions,t/year,62936.509110825435,SC1,Tehran
SC1,2028,Tehran,main,NOₓ emissions,t/year,62603.065512164816,SC1,Tehran
SC1,2029,Tehran,main,NOₓ emissions,t/year,63555.55171689087,SC1,Tehran
SC1,2030,Tehran,main,NOₓ emissions,t/year,63687.751679625544,SC1,Tehran
SC1,2024,Region12,secondary,Non-public transport trips,trips/year,194894285.66704953,SC1,Region 12
SC1,2025,Region12,secondary,Non-public transport trips,trips/year,197526727.04014224,SC1,Region 12
SC1,2026,Region12,secondary,Non-public transport trips,trips/year,195436369.67894524,SC1,Region 12
SC1,2027,Region12,secondary,Non-public transport trips,trips/year,197780675.4771819,SC1,Region 12
SC1,2028,Region12,secondary,Non-public transport trips,trips/year,197854757.05455446,SC1,Region 12
SC1,2029,Region12,secondary,Non-public transport trips,trips/year,199678476.20791438,SC1,Region 12
SC1,2030,Region12,secondary,Non-public transport trips,trips/year,199544995.10430706,SC1,Region 12
SC1,2024,Tehran,secondary,Non-public transport trips,trips/year,6486618675.382879,SC1,Tehran
SC1,2025,Tehran,secondary,Non-public transport trips,trips/year,6516368900.815335,SC1,Tehran
SC1,2026,Tehran,secondary,Non-public transport trips,trips/year,6490472330.140671,SC1,Tehran
SC1,2027,Tehran,secondary,Non-public transport trips,trips/year,6554935189.227731,SC1,Tehran
SC1,2028,Tehran,secondary,Non-public transport trips,trips/year,6587533234.57724,SC1,Tehran
SC1,2029,Tehran,secondary,Non-public transport trips,trips/year,6663304939.325165,SC1,Tehran
SC1,2030,Tehran,secondary,Non-public transport trips,trips/year,6672447035.683495,SC1,Tehran
SC1,2024,Region12,main,PCE-weighted VKT,PCE-km/year,958763335.00298,SC1,Region 12
SC1,2025,Region12,main,PCE-weighted VKT,PCE-km/year,997126672.2993344,SC1,Region 12
SC1,2026,Region12,main,PCE-weighted VKT,PCE-km/year,975354455.7615736,SC1,Region 12
SC1,2027,Region12,main,PCE-weighted VKT,PCE-km/year,975256106.3093524,SC1,Region 12
SC1,2028,Region12,main,PCE-weighted VKT,PCE-km/year,972744433.5007894,SC1,Region 12
SC1,2029,Region12,main,PCE-weighted VKT,PCE-km/year,979633110.5840012,SC1,Region 12
SC1,2030,Region12,main,PCE-weighted VKT,PCE-km/year,980546287.0199088,SC1,Region 12
SC1,2024,Tehran,main,PCE-weighted VKT,PCE-km/year,67451154411.74255,SC1,Tehran
SC1,2025,Tehran,main,PCE-weighted VKT,PCE-km/year,70314250177.63245,SC1,Tehran
SC1,2026,Tehran,main,PCE-weighted VKT,PCE-km/year,68697062713.36211,SC1,Tehran
SC1,2027,Tehran,main,PCE-weighted VKT,PCE-km/year,70284747830.15631,SC1,Tehran
SC1,2028,Tehran,main,PCE-weighted VKT,PCE-km/year,69927696333.08376,SC1,Tehran
SC1,2029,Tehran,main,PCE-weighted VKT,PCE-km/year,71101752881.05533,SC1,Tehran
SC1,2030,Tehran,main,PCE-weighted VKT,PCE-km/year,71368371818.15587,SC1,Tehran
SC1,2024,Region12,main,PM₂.₅ emissions,t/year,27.7266996861683,SC1,Region 12
SC1,2025,Region12,main,PM₂.₅ emissions,t/year,28.66813417946224,SC1,Region 12
SC1,2026,Region12,main,PM₂.₅ emissions,t/year,28.896097625440085,SC1,Region 12
SC1,2027,Region12,main,PM₂.₅ emissions,t/year,29.059151079592905,SC1,Region 12
SC1,2028,Region12,main,PM₂.₅ emissions,t/year,29.319173340101365,SC1,Region 12
SC1,2029,Region12,main,PM₂.₅ emissions,t/year,29.57709707380736,SC1,Region 12
SC1,2030,Region12,main,PM₂.₅ emissions,t/year,29.84286187265158,SC1,Region 12
SC1,2024,Tehran,main,PM₂.₅ emissions,t/year,1096.392198765381,SC1,Tehran
SC1,2025,Tehran,main,PM₂.₅ emissions,t/year,1133.119925181753,SC1,Tehran
SC1,2026,Tehran,main,PM₂.₅ emissions,t/year,1110.27639236915,SC1,Tehran
SC1,2027,Tehran,main,PM₂.₅ emissions,t/year,1130.112893562904,SC1,Tehran
SC1,2028,Tehran,main,PM₂.₅ emissions,t/year,1127.1534759692386,SC1,Tehran
SC1,2029,Tehran,main,PM₂.₅ emissions,t/year,1145.2894993234354,SC1,Tehran
SC1,2030,Tehran,main,PM₂.₅ emissions,t/year,1151.1163116026892,SC1,Tehran
SC1,2024,Region12,secondary,Population,persons,245721.85714285728,SC1,Region 12
SC1,2025,Region12,secondary,Population,persons,246411.88095238103,SC1,Region 12
SC1,2026,Region12,secondary,Population,persons,247101.90476190465,SC1,Region 12
SC1,2027,Region12,secondary,Population,persons,247791.9285714284,SC1,Region 12
SC1,2028,Region12,secondary,Population,persons,248481.9523809522,SC1,Region 12
SC1,2029,Region12,secondary,Population,persons,249171.976190476,SC1,Region 12
SC1,2030,Region12,secondary,Population,persons,249861.9999999996,SC1,Region 12
SC1,2024,Tehran,secondary,Population,persons,9866616.219206296,SC1,Tehran
SC1,2025,Tehran,secondary,Population,persons,9985188.971210005,SC1,Tehran
SC1,2026,Tehran,secondary,Population,persons,10105481.910700211,SC1,Tehran
SC1,2027,Tehran,secondary,Population,persons,10226909.292442504,SC1,Tehran
SC1,2028,Tehran,secondary,Population,persons,10349828.62085604,SC1,Tehran
SC1,2029,Tehran,secondary,Population,persons,10473970.451136896,SC1,Tehran
SC1,2030,Tehran,secondary,Population,persons,10599542.135608234,SC1,Tehran
SC1,2024,Region12,secondary,Public transport trips,trips/year,106628944.4471131,SC1,Region 12
SC1,2025,Region12,secondary,Public transport trips,trips/year,106607142.52507518,SC1,Region 12
SC1,2026,Region12,secondary,Public transport trips,trips/year,105195400.45053206,SC1,Region 12
SC1,2027,Region12,secondary,Public transport trips,trips/year,105454015.69106014,SC1,Region 12
SC1,2028,Region12,secondary,Public transport trips,trips/year,104884369.75994755,SC1,Region 12
SC1,2029,Region12,secondary,Public transport trips,trips/year,105681817.49824163,SC1,Region 12
SC1,2030,Region12,secondary,Public transport trips,trips/year,106077684.57653664,SC1,Region 12
SC1,2024,Tehran,secondary,Public transport trips,trips/year,896076910.6382303,SC1,Tehran
SC1,2025,Tehran,secondary,Public transport trips,trips/year,955048746.8925503,SC1,Tehran
SC1,2026,Tehran,secondary,Public transport trips,trips/year,919725972.7471355,SC1,Tehran
SC1,2027,Tehran,secondary,Public transport trips,trips/year,944303991.2809713,SC1,Tehran
SC1,2028,Tehran,secondary,Public transport trips,trips/year,924398253.0116262,SC1,Tehran
SC1,2029,Tehran,secondary,Public transport trips,trips/year,938728999.0361205,SC1,Tehran
SC1,2030,Tehran,secondary,Public transport trips,trips/year,961243839.6740334,SC1,Tehran
SC1,2024,Region12,main,Time loss (car),hours/year,58853375.8676891,SC1,Region 12
SC1,2025,Region12,main,Time loss (car),hours/year,61883263.84009905,SC1,Region 12
SC1,2026,Region12,main,Time loss (car),hours/year,58885779.49811449,SC1,Region 12
SC1,2027,Region12,main,Time loss (car),hours/year,60957189.10899734,SC1,Region 12
SC1,2028,Region12,main,Time loss (car),hours/year,60389181.74726068,SC1,Region 12
SC1,2029,Region12,main,Time loss (car),hours/year,61869647.80851168,SC1,Region 12
SC1,2030,Region12,main,Time loss (car),hours/year,61720114.89504485,SC1,Region 12
SC1,2024,Tehran,main,Time loss (car),hours/year,799441386.5936664,SC1,Tehran
SC1,2025,Tehran,main,Time loss (car),hours/year,882659924.4617256,SC1,Tehran
SC1,2026,Tehran,main,Time loss (car),hours/year,836805441.2728319,SC1,Tehran
SC1,2027,Tehran,main,Time loss (car),hours/year,876756749.9460888,SC1,Tehran
SC1,2028,Tehran,main,Time loss (car),hours/year,862080568.456812,SC1,Tehran
SC1,2029,Tehran,main,Time loss (car),hours/year,888454142.6403426,SC1,Tehran
SC1,2030,Tehran,main,Time loss (car),hours/year,886078834.4057889,SC1,Tehran
SC1,2024,Region12,secondary,Trips total (effective),trips/year,301523230.1141626,SC1,Region 12
SC1,2025,Region12,secondary,Trips total (effective),trips/year,304133869.56521744,SC1,Region 12
SC1,2026,Region12,secondary,Trips total (effective),trips/year,300631770.1294773,SC1,Region 12
SC1,2027,Region12,secondary,Trips total (effective),trips/year,303234691.16824204,SC1,Region 12
SC1,2028,Region12,secondary,Trips total (effective),trips/year,302739126.814502,SC1,Region 12
SC1,2029,Region12,secondary,Trips total (effective),trips/year,305360293.706156,SC1,Region 12
SC1,2030,Region12,secondary,Trips total (effective),trips/year,305622679.6808437,SC1,Region 12
SC1,2024,Tehran,secondary,Trips total (effective),trips/year,7382695586.02111,SC1,Tehran
SC1,2025,Tehran,secondary,Trips total (effective),trips/year,7471417647.707886,SC1,Tehran
SC1,2026,Tehran,secondary,Trips total (effective),trips/year,7410198302.887806,SC1,Tehran
SC1,2027,Tehran,secondary,Trips total (effective),trips/year,7499239180.508702,SC1,Tehran
SC1,2028,Tehran,secondary,Trips total (effective),trips/year,7511931487.588866,SC1,Tehran
SC1,2029,Tehran,secondary,Trips total (effective),trips/year,7602033938.361285,SC1,Tehran
SC1,2030,Tehran,secondary,Trips total (effective),trips/year,7633690875.357528,SC1,Tehran
SC10,2024,Region12,main,CO₂ emissions,t/year,226154.0573587481,SC10,Region 12
SC10,2025,Region12,main,CO₂ emissions,t/year,224604.2218856084,SC10,Region 12
SC10,2026,Region12,main,CO₂ emissions,t/year,222834.63224800577,SC10,Region 12
SC10,2027,Region12,main,CO₂ emissions,t/year,221849.4462909805,SC10,Region 12
SC10,2028,Region12,main,CO₂ emissions,t/year,222361.56569463905,SC10,Region 12
SC10,2029,Region12,main,CO₂ emissions,t/year,223885.98200820785,SC10,Region 12
SC10,2030,Region12,main,CO₂ emissions,t/year,225423.9336308596,SC10,Region 12
SC10,2024,Tehran,main,CO₂ emissions,t/year,16126633.820511384,SC10,Tehran
SC10,2025,Tehran,main,CO₂ emissions,t/year,16503605.144651636,SC10,Tehran
SC10,2026,Tehran,main,CO₂ emissions,t/year,15527675.263491357,SC10,Tehran
SC10,2027,Tehran,main,CO₂ emissions,t/year,15683163.32441714,SC10,Tehran
SC10,2028,Tehran,main,CO₂ emissions,t/year,15898377.060586285,SC10,Tehran
SC10,2029,Tehran,main,CO₂ emissions,t/year,16028498.942456856,SC10,Tehran
SC10,2030,Tehran,main,CO₂ emissions,t/year,16197982.596573336,SC10,Tehran
SC10,2024,Region12,main,Climate cost,IRR/year,3392310860381.2217,SC10,Region 12
SC10,2025,Region12,main,Climate cost,IRR/year,3369063328284.125,SC10,Region 12
SC10,2026,Region12,main,Climate cost,IRR/year,3342519483720.0864,SC10,Region 12
SC10,2027,Region12,main,Climate cost,IRR/year,3327741694364.7075,SC10,Region 12
SC10,2028,Region12,main,Climate cost,IRR/year,3335423485419.585,SC10,Region 12
SC10,2029,Region12,main,Climate cost,IRR/year,3358289730123.117,SC10,Region 12
SC10,2030,Region12,main,Climate cost,IRR/year,3381359004462.893,SC10,Region 12
SC10,2024,Tehran,main,Climate cost,IRR/year,241899507307670.75,SC10,Tehran
SC10,2025,Tehran,main,Climate cost,IRR/year,247554077169774.56,SC10,Tehran
SC10,2026,Tehran,main,Climate cost,IRR/year,232915128952370.3,SC10,Tehran
SC10,2027,Tehran,main,Climate cost,IRR/year,235247449866257.1,SC10,Tehran
SC10,2028,Tehran,main,Climate cost,IRR/year,238475655908794.28,SC10,Tehran
SC10,2029,Tehran,main,Climate cost,IRR/year,240427484136852.84,SC10,Tehran
SC10,2030,Tehran,main,Climate cost,IRR/year,242969738948600.03,SC10,Tehran
SC10,2024,Region12,main,Congestion index,–,1.1525932667247938,SC10,Region 12
SC10,2025,Region12,main,Congestion index,–,1.1868854769736323,SC10,Region 12
SC10,2026,Region12,main,Congestion index,–,1.1228772972874188,SC10,Region 12
SC10,2027,Region12,main,Congestion index,–,1.1335114429932205,SC10,Region 12
SC10,2028,Region12,main,Congestion index,–,1.146556677198039,SC10,Region 12
SC10,2029,Region12,main,Congestion index,–,1.1499447948337085,SC10,Region 12
SC10,2030,Region12,main,Congestion index,–,1.1532140239416826,SC10,Region 12
SC10,2024,Tehran,main,Congestion index,–,0.3780455370169024,SC10,Tehran
SC10,2025,Tehran,main,Congestion index,–,0.389293231596845,SC10,Tehran
SC10,2026,Tehran,main,Congestion index,–,0.3682988293549249,SC10,Tehran
SC10,2027,Tehran,main,Congestion index,–,0.371786782512494,SC10,Tehran
SC10,2028,Tehran,main,Congestion index,–,0.3760655621243912,SC10,Tehran
SC10,2029,Tehran,main,Congestion index,–,0.3771768498509739,SC10,Tehran
SC10,2030,Tehran,main,Congestion index,–,0.3782491426618345,SC10,Tehran
SC10,2024,Region12,main,Electricity use,kWh/year,83936556.53026347,SC10,Region 12
SC10,2025,Region12,main,Electricity use,kWh/year,81810971.15443228,SC10,Region 12
SC10,2026,Region12,main,Electricity use,kWh/year,82985991.76219404,SC10,Region 12
SC10,2027,Region12,main,Electricity use,kWh/year,83005839.52946636,SC10,Region 12
SC10,2028,Region12,main,Electricity use,kWh/year,83713851.51313783,SC10,Region 12
SC10,2029,Region12,main,Electricity use,kWh/year,85129162.87983245,SC10,Region 12
SC10,2030,Region12,main,Electricity use,kWh/year,87116696.02099542,SC10,Region 12
SC10,2024,Tehran,main,Electricity use,kWh/year,1241297213.2479286,SC10,Tehran
SC10,2025,Tehran,main,Electricity use,kWh/year,1494362435.6563394,SC10,Tehran
SC10,2026,Tehran,main,Electricity use,kWh/year,1598405193.626525,SC10,Tehran
SC10,2027,Tehran,main,Electricity use,kWh/year,1631044695.266918,SC10,Tehran
SC10,2028,Tehran,main,Electricity use,kWh/year,1709331215.882898,SC10,Tehran
SC10,2029,Tehran,main,Electricity use,kWh/year,1799893602.9523387,SC10,Tehran
SC10,2030,Tehran,main,Electricity use,kWh/year,1920972553.0112927,SC10,Tehran
SC10,2024,Region12,secondary,Energy: CNG,MJ/year,424693941.9343905,SC10,Region 12
SC10,2025,Region12,secondary,Energy: CNG,MJ/year,436246520.0302002,SC10,Region 12
SC10,2026,Region12,secondary,Energy: CNG,MJ/year,432881322.79086995,SC10,Region 12
SC10,2027,Region12,secondary,Energy: CNG,MJ/year,431250491.1495609,SC10,Region 12
SC10,2028,Region12,secondary,Energy: CNG,MJ/year,423489392.5355578,SC10,Region 12
SC10,2029,Region12,secondary,Energy: CNG,MJ/year,421703336.22607905,SC10,Region 12
SC10,2030,Region12,secondary,Energy: CNG,MJ/year,417208233.6411075,SC10,Region 12
SC10,2024,Tehran,secondary,Energy: CNG,MJ/year,27738373676.67225,SC10,Tehran
SC10,2025,Tehran,secondary,Energy: CNG,MJ/year,28678869909.38649,SC10,Tehran
SC10,2026,Tehran,secondary,Energy: CNG,MJ/year,27660364951.418625,SC10,Tehran
SC10,2027,Tehran,secondary,Energy: CNG,MJ/year,27790781035.093742,SC10,Tehran
SC10,2028,Tehran,secondary,Energy: CNG,MJ/year,27601587569.622528,SC10,Tehran
SC10,2029,Tehran,secondary,Energy: CNG,MJ/year,27489291385.61669,SC10,Tehran
SC10,2030,Tehran,secondary,Energy: CNG,MJ/year,27409946178.021492,SC10,Tehran
SC10,2024,Region12,secondary,Energy: diesel,MJ/year,75747542.43735462,SC10,Region 12
SC10,2025,Region12,secondary,Energy: diesel,MJ/year,80227528.30147433,SC10,Region 12
SC10,2026,Region12,secondary,Energy: diesel,MJ/year,81495451.50046022,SC10,Region 12
SC10,2027,Region12,secondary,Energy: diesel,MJ/year,83557553.4162174,SC10,Region 12
SC10,2028,Region12,secondary,Energy: diesel,MJ/year,83346285.98381115,SC10,Region 12
SC10,2029,Region12,secondary,Energy: diesel,MJ/year,82401582.10686934,SC10,Region 12
SC10,2030,Region12,secondary,Energy: diesel,MJ/year,80951687.07146773,SC10,Region 12
SC10,2024,Tehran,secondary,Energy: diesel,MJ/year,1155457427.922936,SC10,Tehran
SC10,2025,Tehran,secondary,Energy: diesel,MJ/year,1837948148.289239,SC10,Tehran
SC10,2026,Tehran,secondary,Energy: diesel,MJ/year,1840189563.831635,SC10,Tehran
SC10,2027,Tehran,secondary,Energy: diesel,MJ/year,1868189333.264706,SC10,Tehran
SC10,2028,Tehran,secondary,Energy: diesel,MJ/year,1910449785.7333078,SC10,Tehran
SC10,2029,Tehran,secondary,Energy: diesel,MJ/year,1894392067.3145475,SC10,Tehran
SC10,2030,Tehran,secondary,Energy: diesel,MJ/year,1864166744.6307118,SC10,Tehran
SC10,2024,Region12,secondary,Energy: gasoline,MJ/year,2241086450.35817,SC10,Region 12
SC10,2025,Region12,secondary,Energy: gasoline,MJ/year,2221436981.564617,SC10,Region 12
SC10,2026,Region12,secondary,Energy: gasoline,MJ/year,2187106738.8281903,SC10,Region 12
SC10,2027,Region12,secondary,Energy: gasoline,MJ/year,2171567527.1654115,SC10,Region 12
SC10,2028,Region12,secondary,Energy: gasoline,MJ/year,2179921233.1591015,SC10,Region 12
SC10,2029,Region12,secondary,Energy: gasoline,MJ/year,2193391280.6624413,SC10,Region 12
SC10,2030,Region12,secondary,Energy: gasoline,MJ/year,2205127437.416519,SC10,Region 12
SC10,2024,Tehran,secondary,Energy: gasoline,MJ/year,204875563875.1659,SC10,Tehran
SC10,2025,Tehran,secondary,Energy: gasoline,MJ/year,206928641588.80963,SC10,Tehran
SC10,2026,Tehran,secondary,Energy: gasoline,MJ/year,192459654296.2603,SC10,Tehran
SC10,2027,Tehran,secondary,Energy: gasoline,MJ/year,194360928899.84454,SC10,Tehran
SC10,2028,Tehran,secondary,Energy: gasoline,MJ/year,197020351176.8635,SC10,Tehran
SC10,2029,Tehran,secondary,Energy: gasoline,MJ/year,198317341721.66803,SC10,Tehran
SC10,2030,Tehran,secondary,Energy: gasoline,MJ/year,199936330691.0559,SC10,Tehran
SC10,2024,Region12,main,Final energy,MJ/year,3043699538.2388635,SC10,Region 12
SC10,2025,Region12,main,Final energy,MJ/year,3032430526.052248,SC10,Region 12
SC10,2026,Region12,main,Final energy,MJ/year,3000233083.463419,SC10,Region 12
SC10,2027,Region12,main,Final energy,MJ/year,2985196594.037269,SC10,Region 12
SC10,2028,Region12,main,Final energy,MJ/year,2988126777.1257668,SC10,Region 12
SC10,2029,Region12,main,Final energy,MJ/year,3003961185.3627863,SC10,Region 12
SC10,2030,Region12,main,Final energy,MJ/year,3016907463.804678,SC10,Region 12
SC10,2024,Tehran,main,Final energy,MJ/year,238238064947.45364,SC10,Tehran
SC10,2025,Tehran,main,Final energy,MJ/year,242825164414.84827,SC10,Tehran
SC10,2026,Tehran,main,Final energy,MJ/year,227714467508.56607,SC10,Tehran
SC10,2027,Tehran,main,Final energy,MJ/year,229891660171.1639,SC10,Tehran
SC10,2028,Tehran,main,Final energy,MJ/year,232685980909.39777,SC10,Tehran
SC10,2029,Tehran,main,Final energy,MJ/year,234180642145.2277,SC10,Tehran
SC10,2030,Tehran,main,Final energy,MJ/year,236125944804.5488,SC10,Tehran
SC10,2024,Region12,main,Health indicator,IRR/year,378729370408725.9,SC10,Region 12
SC10,2025,Region12,main,Health indicator,IRR/year,370445058173488.94,SC10,Region 12
SC10,2026,Region12,main,Health indicator,IRR/year,363194383355374.1,SC10,Region 12
SC10,2027,Region12,main,Health indicator,IRR/year,362820995613955.9,SC10,Region 12
SC10,2028,Region12,main,Health indicator,IRR/year,360745070389902.8,SC10,Region 12
SC10,2029,Region12,main,Health indicator,IRR/year,362360568950330.8,SC10,Region 12
SC10,2030,Region12,main,Health indicator,IRR/year,361785795037627.8,SC10,Region 12
SC10,2024,Tehran,main,Health indicator,IRR/year,1.136776685771522e+16,SC10,Tehran
SC10,2025,Tehran,main,Health indicator,IRR/year,1.1541393902515052e+16,SC10,Tehran
SC10,2026,Tehran,main,Health indicator,IRR/year,1.1311055537033096e+16,SC10,Tehran
SC10,2027,Tehran,main,Health indicator,IRR/year,1.148222349568825e+16,SC10,Tehran
SC10,2028,Tehran,main,Health indicator,IRR/year,1.162280850189334e+16,SC10,Tehran
SC10,2029,Tehran,main,Health indicator,IRR/year,1.1786510725147834e+16,SC10,Tehran
SC10,2030,Tehran,main,Health indicator,IRR/year,1.1938419454447392e+16,SC10,Tehran
SC10,2024,Region12,main,Modal share: car,–,0.2084858324523686,SC10,Region 12
SC10,2025,Region12,main,Modal share: car,–,0.203230453315175,SC10,Region 12
SC10,2026,Region12,main,Modal share: car,–,0.1997289440438287,SC10,Region 12
SC10,2027,Region12,main,Modal share: car,–,0.1987958991565825,SC10,Region 12
SC10,2028,Region12,main,Modal share: car,–,0.1987940283289548,SC10,Region 12
SC10,2029,Region12,main,Modal share: car,–,0.1985530913044863,SC10,Region 12
SC10,2030,Region12,main,Modal share: car,–,0.1975703005607799,SC10,Region 12
SC10,2024,Tehran,main,Modal share: car,–,0.5570206758892716,SC10,Tehran
SC10,2025,Tehran,main,Modal share: car,–,0.5132233787715095,SC10,Tehran
SC10,2026,Tehran,main,Modal share: car,–,0.5135491944543663,SC10,Tehran
SC10,2027,Tehran,main,Modal share: car,–,0.5158598817561153,SC10,Tehran
SC10,2028,Tehran,main,Modal share: car,–,0.5144222265787959,SC10,Tehran
SC10,2029,Tehran,main,Modal share: car,–,0.5137950237793705,SC10,Tehran
SC10,2030,Tehran,main,Modal share: car,–,0.5107255866807752,SC10,Tehran
SC10,2024,Region12,main,Modal share: public transport,–,0.38640703244603547,SC10,Region 12
SC10,2025,Region12,main,Modal share: public transport,–,0.3903047479911389,SC10,Region 12
SC10,2026,Region12,main,Modal share: public transport,–,0.3916861911905237,SC10,Region 12
SC10,2027,Region12,main,Modal share: public transport,–,0.3914717496730725,SC10,Region 12
SC10,2028,Region12,main,Modal share: public transport,–,0.3894097510390858,SC10,Region 12
SC10,2029,Region12,main,Modal share: public transport,–,0.38818080226346463,SC10,Region 12
SC10,2030,Region12,main,Modal share: public transport,–,0.38844902338716597,SC10,Region 12
SC10,2024,Tehran,main,Modal share: public transport,–,0.14454749874895528,SC10,Tehran
SC10,2025,Tehran,main,Modal share: public transport,–,0.181486526953232,SC10,Tehran
SC10,2026,Tehran,main,Modal share: public transport,–,0.1821666095357245,SC10,Tehran
SC10,2027,Tehran,main,Modal share: public transport,–,0.1804994567287943,SC10,Tehran
SC10,2028,Tehran,main,Modal share: public transport,–,0.1812971781259139,SC10,Tehran
SC10,2029,Tehran,main,Modal share: public transport,–,0.1819810375008868,SC10,Tehran
SC10,2030,Tehran,main,Modal share: public transport,–,0.1847374885392131,SC10,Tehran
SC10,2024,Region12,secondary,Municipal budget,IRR/year,11929000000000.002,SC10,Region 12
SC10,2025,Region12,secondary,Municipal budget,IRR/year,14881887352068.6,SC10,Region 12
SC10,2026,Region12,secondary,Municipal budget,IRR/year,18565728154888.03,SC10,Region 12
SC10,2027,Region12,secondary,Municipal budget,IRR/year,23161461565107.89,SC10,Region 12
SC10,2028,Region12,secondary,Municipal budget,IRR/year,28894816155687.996,SC10,Region 12
SC10,2029,Region12,secondary,Municipal budget,IRR/year,36047397023026.29,SC10,Region 12
SC10,2030,Region12,secondary,Municipal budget,IRR/year,44970517380498.805,SC10,Region 12
SC10,2024,Tehran,secondary,Municipal budget,IRR/year,1510000000000000.0,SC10,Tehran
SC10,2025,Tehran,secondary,Municipal budget,IRR/year,1883783209122607.2,SC10,Tehran
SC10,2026,Tehran,secondary,Municipal budget,IRR/year,2350092171504814.0,SC10,Tehran
SC10,2027,Tehran,secondary,Municipal budget,IRR/year,2931830577861758.0,SC10,Tehran
SC10,2028,Tehran,secondary,Municipal budget,IRR/year,3657571665276961.0,SC10,Tehran
SC10,2029,Tehran,secondary,Municipal budget,IRR/year,4562961648484340.0,SC10,Tehran
SC10,2030,Tehran,secondary,Municipal budget,IRR/year,5692470554493519.0,SC10,Tehran
SC10,2024,Region12,main,NOₓ emissions,t/year,847.2840035504457,SC10,Region 12
SC10,2025,Region12,main,NOₓ emissions,t/year,814.6240105496438,SC10,Region 12
SC10,2026,Region12,main,NOₓ emissions,t/year,802.4921331359499,SC10,Region 12
SC10,2027,Region12,main,NOₓ emissions,t/year,795.7200370425064,SC10,Region 12
SC10,2028,Region12,main,NOₓ emissions,t/year,763.6105927852966,SC10,Region 12
SC10,2029,Region12,main,NOₓ emissions,t/year,763.8419896511402,SC10,Region 12
SC10,2030,Region12,main,NOₓ emissions,t/year,748.2002787418152,SC10,Region 12
SC10,2024,Tehran,main,NOₓ emissions,t/year,61055.44622019733,SC10,Tehran
SC10,2025,Tehran,main,NOₓ emissions,t/year,61744.00258064746,SC10,Tehran
SC10,2026,Tehran,main,NOₓ emissions,t/year,57713.116082223954,SC10,Tehran
SC10,2027,Tehran,main,NOₓ emissions,t/year,58115.08995241003,SC10,Tehran
SC10,2028,Tehran,main,NOₓ emissions,t/year,58305.76682282344,SC10,Tehran
SC10,2029,Tehran,main,NOₓ emissions,t/year,58540.02921628717,SC10,Tehran
SC10,2030,Tehran,main,NOₓ emissions,t/year,58680.68496594988,SC10,Tehran
SC10,2024,Region12,secondary,Non-public transport trips,trips/year,185012533.55220598,SC10,Region 12
SC10,2025,Region12,secondary,Non-public transport trips,trips/year,185428976.24899533,SC10,Region 12
SC10,2026,Region12,secondary,Non-public transport trips,trips/year,186610670.54754823,SC10,Region 12
SC10,2027,Region12,secondary,Non-public transport trips,trips/year,188292730.6684046,SC10,Region 12
SC10,2028,Region12,secondary,Non-public transport trips,trips/year,190566555.47616142,SC10,Region 12
SC10,2029,Region12,secondary,Non-public transport trips,trips/year,192603391.6658693,SC10,Region 12
SC10,2030,Region12,secondary,Non-public transport trips,trips/year,194185816.3468585,SC10,Region 12
SC10,2024,Tehran,secondary,Non-public transport trips,trips/year,6315541510.696173,SC10,Tehran
SC10,2025,Tehran,secondary,Non-public transport trips,trips/year,6115696083.479125,SC10,Tehran
SC10,2026,Tehran,secondary,Non-public transport trips,trips/year,6184809515.708248,SC10,Tehran
SC10,2027,Tehran,secondary,Non-public transport trips,trips/year,6272582692.960614,SC10,Tehran
SC10,2028,Tehran,secondary,Non-public transport trips,trips/year,6342452578.51394,SC10,Tehran
SC10,2029,Tehran,secondary,Non-public transport trips,trips/year,6413936474.901602,SC10,Tehran
SC10,2030,Tehran,secondary,Non-public transport trips,trips/year,6469752914.14236,SC10,Tehran
SC10,2024,Region12,main,PCE-weighted VKT,PCE-km/year,930677388.0702292,SC10,Region 12
SC10,2025,Region12,main,PCE-weighted VKT,PCE-km/year,945249182.2664216,SC10,Region 12
SC10,2026,Region12,main,PCE-weighted VKT,PCE-km/year,943991008.3589008,SC10,Region 12
SC10,2027,Region12,main,PCE-weighted VKT,PCE-km/year,944864889.3810884,SC10,Region 12
SC10,2028,Region12,main,PCE-weighted VKT,PCE-km/year,953352571.928153,SC10,Region 12
SC10,2029,Region12,main,PCE-weighted VKT,PCE-km/year,962546425.1720347,SC10,Region 12
SC10,2030,Region12,main,PCE-weighted VKT,PCE-km/year,970681495.4366394,SC10,Region 12
SC10,2024,Tehran,main,PCE-weighted VKT,PCE-km/year,67203203810.40207,SC10,Tehran
SC10,2025,Tehran,main,PCE-weighted VKT,PCE-km/year,69066215742.42067,SC10,Tehran
SC10,2026,Tehran,main,PCE-weighted VKT,PCE-km/year,65386556501.25015,SC10,Tehran
SC10,2027,Tehran,main,PCE-weighted VKT,PCE-km/year,66205972578.49745,SC10,Tehran
SC10,2028,Tehran,main,PCE-weighted VKT,PCE-km/year,67308132641.462814,SC10,Tehran
SC10,2029,Tehran,main,PCE-weighted VKT,PCE-km/year,67969859921.3161,SC10,Tehran
SC10,2030,Tehran,main,PCE-weighted VKT,PCE-km/year,68734607896.73236,SC10,Tehran
SC10,2024,Region12,main,PM₂.₅ emissions,t/year,27.178511726875197,SC10,Region 12
SC10,2025,Region12,main,PM₂.₅ emissions,t/year,24.036579789528624,SC10,Region 12
SC10,2026,Region12,main,PM₂.₅ emissions,t/year,23.998383729213707,SC10,Region 12
SC10,2027,Region12,main,PM₂.₅ emissions,t/year,23.965976665662147,SC10,Region 12
SC10,2028,Region12,main,PM₂.₅ emissions,t/year,21.801272094237937,SC10,Region 12
SC10,2029,Region12,main,PM₂.₅ emissions,t/year,21.83374646097782,SC10,Region 12
SC10,2030,Region12,main,PM₂.₅ emissions,t/year,20.735358992106192,SC10,Region 12
SC10,2024,Tehran,main,PM₂.₅ emissions,t/year,1101.6964382492752,SC10,Tehran
SC10,2025,Tehran,main,PM₂.₅ emissions,t/year,1081.6550822011498,SC10,Tehran
SC10,2026,Tehran,main,PM₂.₅ emissions,t/year,1028.3865884502754,SC10,Tehran
SC10,2027,Tehran,main,PM₂.₅ emissions,t/year,1035.0141471997156,SC10,Tehran
SC10,2028,Tehran,main,PM₂.₅ emissions,t/year,1017.2039216843316,SC10,Tehran
SC10,2029,Tehran,main,PM₂.₅ emissions,t/year,1022.6962916119662,SC10,Tehran
SC10,2030,Tehran,main,PM₂.₅ emissions,t/year,1015.6283843284539,SC10,Tehran
SC10,2024,Region12,secondary,Population,persons,245721.85714285728,SC10,Region 12
SC10,2025,Region12,secondary,Population,persons,246411.88095238103,SC10,Region 12
SC10,2026,Region12,secondary,Population,persons,247101.90476190465,SC10,Region 12
SC10,2027,Region12,secondary,Population,persons,247791.9285714284,SC10,Region 12
SC10,2028,Region12,secondary,Population,persons,248481.9523809522,SC10,Region 12
SC10,2029,Region12,secondary,Population,persons,249171.976190476,SC10,Region 12
SC10,2030,Region12,secondary,Population,persons,249861.9999999996,SC10,Region 12
SC10,2024,Tehran,secondary,Population,persons,9866610.135176811,SC10,Tehran
SC10,2025,Tehran,secondary,Population,persons,9985580.96240932,SC10,Tehran
SC10,2026,Tehran,secondary,Population,persons,10106825.44358309,SC10,Tehran
SC10,2027,Tehran,secondary,Population,persons,10229406.193755876,SC10,Tehran
SC10,2028,Tehran,secondary,Population,persons,10353429.150876906,SC10,Tehran
SC10,2029,Tehran,secondary,Population,persons,10478872.533757376,SC10,Tehran
SC10,2030,Tehran,secondary,Population,persons,10605801.558319507,SC10,Tehran
SC10,2024,Region12,secondary,Public transport trips,trips/year,116510696.56195666,SC10,Region 12
SC10,2025,Region12,secondary,Public transport trips,trips/year,118704893.3162221,SC10,Region 12
SC10,2026,Region12,secondary,Public transport trips,trips/year,120156441.82946943,SC10,Region 12
SC10,2027,Region12,secondary,Public transport trips,trips/year,121130423.58490357,SC10,Region 12
SC10,2028,Region12,secondary,Public transport trips,trips/year,121535637.11610873,SC10,Region 12
SC10,2029,Region12,secondary,Public transport trips,trips/year,122201034.83532251,SC10,Region 12
SC10,2030,Region12,secondary,Public transport trips,trips/year,123344240.46440768,SC10,Region 12
SC10,2024,Tehran,secondary,Public transport trips,trips/year,1067149522.9498756,SC10,Tehran
SC10,2025,Tehran,secondary,Public transport trips,trips/year,1356014871.643648,SC10,Tehran
SC10,2026,Tehran,secondary,Public transport trips,trips/year,1377622622.4527974,SC10,Tehran
SC10,2027,Tehran,secondary,Public transport trips,trips/year,1381570491.5172198,SC10,Tehran
SC10,2028,Tehran,secondary,Public transport trips,trips/year,1404500783.6297035,SC10,Tehran
SC10,2029,Tehran,secondary,Public transport trips,trips/year,1426879898.4823527,SC10,Tehran
SC10,2030,Tehran,secondary,Public transport trips,trips/year,1466038101.8702128,SC10,Tehran
SC10,2024,Region12,main,Time loss (car),hours/year,55494248.43154592,SC10,Region 12
SC10,2025,Region12,main,Time loss (car),hours/year,57082242.091379866,SC10,Region 12
SC10,2026,Region12,main,Time loss (car),hours/year,51966036.192458406,SC10,Region 12
SC10,2027,Region12,main,Time loss (car),hours/year,52929002.46461034,SC10,Region 12
SC10,2028,Region12,main,Time loss (car),hours/year,54331367.38169418,SC10,Region 12
SC10,2029,Region12,main,Time loss (car),hours/year,54983752.64075271,SC10,Region 12
SC10,2030,Region12,main,Time loss (car),hours/year,55426341.06649263,SC10,Region 12
SC10,2024,Tehran,main,Time loss (car),hours/year,795696762.4333465,SC10,Tehran
SC10,2025,Tehran,main,Time loss (car),hours/year,839844431.4813004,SC10,Tehran
SC10,2026,Tehran,main,Time loss (car),hours/year,729769840.7663532,SC10,Tehran
SC10,2027,Tehran,main,Time loss (car),hours/year,747991146.4482569,SC10,Tehran
SC10,2028,Tehran,main,Time loss (car),hours/year,771617524.3778557,SC10,Tehran
SC10,2029,Tehran,main,Time loss (car),hours/year,781722200.7860439,SC10,Tehran
SC10,2030,Tehran,main,Time loss (car),hours/year,793090038.2957267,SC10,Tehran
SC10,2024,Region12,secondary,Trips total (effective),trips/year,301523230.1141626,SC10,Region 12
SC10,2025,Region12,secondary,Trips total (effective),trips/year,304133869.56521744,SC10,Region 12
SC10,2026,Region12,secondary,Trips total (effective),trips/year,306767112.3770177,SC10,Region 12
SC10,2027,Region12,secondary,Trips total (effective),trips/year,309423154.2533082,SC10,Region 12
SC10,2028,Region12,secondary,Trips total (effective),trips/year,312102192.59227014,SC10,Region 12
SC10,2029,Region12,secondary,Trips total (effective),trips/year,314804426.5011918,SC10,Region 12
SC10,2030,Region12,secondary,Trips total (effective),trips/year,317530056.8112662,SC10,Region 12
SC10,2024,Tehran,secondary,Trips total (effective),trips/year,7382691033.646049,SC10,Tehran
SC10,2025,Tehran,secondary,Trips total (effective),trips/year,7471710955.122773,SC10,Tehran
SC10,2026,Tehran,secondary,Trips total (effective),trips/year,7562432138.161046,SC10,Tehran
SC10,2027,Tehran,secondary,Trips total (effective),trips/year,7654153184.477834,SC10,Tehran
SC10,2028,Tehran,secondary,Trips total (effective),trips/year,7746953362.143643,SC10,Tehran
SC10,2029,Tehran,secondary,Trips total (effective),trips/year,7840816373.383955,SC10,Tehran
SC10,2030,Tehran,secondary,Trips total (effective),trips/year,7935791016.012572,SC10,Tehran
SC11,2024,Region12,main,CO₂ emissions,t/year,224716.4790796649,SC11,Region 12
SC11,2025,Region12,main,CO₂ emissions,t/year,226548.6228992688,SC11,Region 12
SC11,2026,Region12,main,CO₂ emissions,t/year,225929.81131838425,SC11,Region 12
SC11,2027,Region12,main,CO₂ emissions,t/year,222435.4060921263,SC11,Region 12
SC11,2028,Region12,main,CO₂ emissions,t/year,222861.7899968417,SC11,Region 12
SC11,2029,Region12,main,CO₂ emissions,t/year,221803.8345105102,SC11,Region 12
SC11,2030,Region12,main,CO₂ emissions,t/year,222591.52441135832,SC11,Region 12
SC11,2024,Tehran,main,CO₂ emissions,t/year,16082348.940895423,SC11,Tehran
SC11,2025,Tehran,main,CO₂ emissions,t/year,16635017.526901564,SC11,Tehran
SC11,2026,Tehran,main,CO₂ emissions,t/year,15511103.903411329,SC11,Tehran
SC11,2027,Tehran,main,CO₂ emissions,t/year,15478040.640308416,SC11,Tehran
SC11,2028,Tehran,main,CO₂ emissions,t/year,15599382.466403056,SC11,Tehran
SC11,2029,Tehran,main,CO₂ emissions,t/year,15588300.181024814,SC11,Tehran
SC11,2030,Tehran,main,CO₂ emissions,t/year,15648144.664680926,SC11,Tehran
SC11,2024,Region12,main,Climate cost,IRR/year,3370747186194.973,SC11,Region 12
SC11,2025,Region12,main,Climate cost,IRR/year,3398229343489.032,SC11,Region 12
SC11,2026,Region12,main,Climate cost,IRR/year,3388947169775.763,SC11,Region 12
SC11,2027,Region12,main,Climate cost,IRR/year,3336531091381.8945,SC11,Region 12
SC11,2028,Region12,main,Climate cost,IRR/year,3342926849952.626,SC11,Region 12
SC11,2029,Region12,main,Climate cost,IRR/year,3327057517657.6533,SC11,Region 12
SC11,2030,Region12,main,Climate cost,IRR/year,3338872866170.375,SC11,Region 12
SC11,2024,Tehran,main,Climate cost,IRR/year,241235234113431.3,SC11,Tehran
SC11,2025,Tehran,main,Climate cost,IRR/year,249525262903523.47,SC11,Tehran
SC11,2026,Tehran,main,Climate cost,IRR/year,232666558551170.0,SC11,Tehran
SC11,2027,Tehran,main,Climate cost,IRR/year,232170609604626.25,SC11,Tehran
SC11,2028,Tehran,main,Climate cost,IRR/year,233990736996045.84,SC11,Tehran
SC11,2029,Tehran,main,Climate cost,IRR/year,233824502715372.25,SC11,Tehran
SC11,2030,Tehran,main,Climate cost,IRR/year,234722169970213.9,SC11,Tehran
SC11,2024,Region12,main,Congestion index,–,1.1546583564839386,SC11,Region 12
SC11,2025,Region12,main,Congestion index,–,1.2016392084946872,SC11,Region 12
SC11,2026,Region12,main,Congestion index,–,1.1268830786513198,SC11,Region 12
SC11,2027,Region12,main,Congestion index,–,1.125313638965066,SC11,Region 12
SC11,2028,Region12,main,Congestion index,–,1.130562395663557,SC11,Region 12
SC11,2029,Region12,main,Congestion index,–,1.124830303880093,SC11,Region 12
SC11,2030,Region12,main,Congestion index,–,1.121325732385647,SC11,Region 12
SC11,2024,Tehran,main,Congestion index,–,0.378722877401861,SC11,Tehran
SC11,2025,Tehran,main,Congestion index,–,0.3941323908361919,SC11,Tehran
SC11,2026,Tehran,main,Congestion index,–,0.3696127080757259,SC11,Tehran
SC11,2027,Tehran,main,Congestion index,–,0.3690979387411007,SC11,Tehran
SC11,2028,Tehran,main,Congestion index,–,0.3708195079208258,SC11,Tehran
SC11,2029,Tehran,main,Congestion index,–,0.3689394069527996,SC11,Tehran
SC11,2030,Tehran,main,Congestion index,–,0.3677899228712233,SC11,Tehran
SC11,2024,Region12,main,Electricity use,kWh/year,78741608.47253583,SC11,Region 12
SC11,2025,Region12,main,Electricity use,kWh/year,76479657.47681934,SC11,Region 12
SC11,2026,Region12,main,Electricity use,kWh/year,78563659.58308227,SC11,Region 12
SC11,2027,Region12,main,Electricity use,kWh/year,78566892.57127719,SC11,Region 12
SC11,2028,Region12,main,Electricity use,kWh/year,80649265.33492601,SC11,Region 12
SC11,2029,Region12,main,Electricity use,kWh/year,82346841.0028507,SC11,Region 12
SC11,2030,Region12,main,Electricity use,kWh/year,84777986.61686432,SC11,Region 12
SC11,2024,Tehran,main,Electricity use,kWh/year,1139269201.0246496,SC11,Tehran
SC11,2025,Tehran,main,Electricity use,kWh/year,1382408509.3374631,SC11,Tehran
SC11,2026,Tehran,main,Electricity use,kWh/year,1498521807.9965525,SC11,Tehran
SC11,2027,Tehran,main,Electricity use,kWh/year,1520786399.841759,SC11,Tehran
SC11,2028,Tehran,main,Electricity use,kWh/year,1634698028.1517017,SC11,Tehran
SC11,2029,Tehran,main,Electricity use,kWh/year,1727810887.7888174,SC11,Tehran
SC11,2030,Tehran,main,Electricity use,kWh/year,1849807509.198424,SC11,Tehran
SC11,2024,Region12,secondary,Energy: CNG,MJ/year,435802991.42231673,SC11,Region 12
SC11,2025,Region12,secondary,Energy: CNG,MJ/year,453931571.8167874,SC11,Region 12
SC11,2026,Region12,secondary,Energy: CNG,MJ/year,448995809.2644438,SC11,Region 12
SC11,2027,Region12,secondary,Energy: CNG,MJ/year,445077999.71575344,SC11,Region 12
SC11,2028,Region12,secondary,Energy: CNG,MJ/year,432918572.12230647,SC11,Region 12
SC11,2029,Region12,secondary,Energy: CNG,MJ/year,424159249.5097896,SC11,Region 12
SC11,2030,Region12,secondary,Energy: CNG,MJ/year,417035783.1772656,SC11,Region 12
SC11,2024,Tehran,secondary,Energy: CNG,MJ/year,27928922139.16726,SC11,Tehran
SC11,2025,Tehran,secondary,Energy: CNG,MJ/year,29086579483.531525,SC11,Tehran
SC11,2026,Tehran,secondary,Energy: CNG,MJ/year,27782393556.78755,SC11,Tehran
SC11,2027,Tehran,secondary,Energy: CNG,MJ/year,27719147328.068565,SC11,Tehran
SC11,2028,Tehran,secondary,Energy: CNG,MJ/year,27353152682.97417,SC11,Tehran
SC11,2029,Tehran,secondary,Energy: CNG,MJ/year,27111287298.224735,SC11,Tehran
SC11,2030,Tehran,secondary,Energy: CNG,MJ/year,26884375033.59557,SC11,Tehran
SC11,2024,Region12,secondary,Energy: diesel,MJ/year,73246294.35783969,SC11,Region 12
SC11,2025,Region12,secondary,Energy: diesel,MJ/year,77225075.70400697,SC11,Region 12
SC11,2026,Region12,secondary,Energy: diesel,MJ/year,79806494.44287123,SC11,Region 12
SC11,2027,Region12,secondary,Energy: diesel,MJ/year,81700725.02692294,SC11,Region 12
SC11,2028,Region12,secondary,Energy: diesel,MJ/year,83109713.13093768,SC11,Region 12
SC11,2029,Region12,secondary,Energy: diesel,MJ/year,82566275.93014354,SC11,Region 12
SC11,2030,Region12,secondary,Energy: diesel,MJ/year,81913310.80789731,SC11,Region 12
SC11,2024,Tehran,secondary,Energy: diesel,MJ/year,1091938099.5001044,SC11,Tehran
SC11,2025,Tehran,secondary,Energy: diesel,MJ/year,1741907126.3165863,SC11,Tehran
SC11,2026,Tehran,secondary,Energy: diesel,MJ/year,1773179410.4792197,SC11,Tehran
SC11,2027,Tehran,secondary,Energy: diesel,MJ/year,1849488800.7968256,SC11,Tehran
SC11,2028,Tehran,secondary,Energy: diesel,MJ/year,1883190941.9415514,SC11,Tehran
SC11,2029,Tehran,secondary,Energy: diesel,MJ/year,1876989840.725641,SC11,Tehran
SC11,2030,Tehran,secondary,Energy: diesel,MJ/year,1862128777.7341921,SC11,Tehran
SC11,2024,Region12,secondary,Energy: gasoline,MJ/year,2255629700.028725,SC11,Region 12
SC11,2025,Region12,secondary,Energy: gasoline,MJ/year,2282321955.4002557,SC11,Region 12
SC11,2026,Region12,secondary,Energy: gasoline,MJ/year,2257556212.8970647,SC11,Region 12
SC11,2027,Region12,secondary,Energy: gasoline,MJ/year,2207037625.5686173,SC11,Region 12
SC11,2028,Region12,secondary,Energy: gasoline,MJ/year,2204846771.8701935,SC11,Region 12
SC11,2029,Region12,secondary,Energy: gasoline,MJ/year,2183051622.8419824,SC11,Region 12
SC11,2030,Region12,secondary,Energy: gasoline,MJ/year,2181388790.174675,SC11,Region 12
SC11,2024,Tehran,secondary,Energy: gasoline,MJ/year,204960849376.5142,SC11,Tehran
SC11,2025,Tehran,secondary,Energy: gasoline,MJ/year,209552583264.63034,SC11,Tehran
SC11,2026,Tehran,secondary,Energy: gasoline,MJ/year,192997163513.6645,SC11,Tehran
SC11,2027,Tehran,secondary,Energy: gasoline,MJ/year,192299418208.51517,SC11,Tehran
SC11,2028,Tehran,secondary,Energy: gasoline,MJ/year,193431722388.28458,SC11,Tehran
SC11,2029,Tehran,secondary,Energy: gasoline,MJ/year,192712764077.47763,SC11,Tehran
SC11,2030,Tehran,secondary,Energy: gasoline,MJ/year,192805419736.2072,SC11,Tehran
SC11,2024,Region12,main,Final energy,MJ/year,3048148776.310011,SC11,Region 12
SC11,2025,Region12,main,Final energy,MJ/year,3088805369.8376,SC11,Region 12
SC11,2026,Region12,main,Final energy,MJ/year,3069187691.103476,SC11,Region 12
SC11,2027,Region12,main,Final energy,MJ/year,3016657163.567892,SC11,Region 12
SC11,2028,Region12,main,Final energy,MJ/year,3011212412.329172,SC11,Region 12
SC11,2029,Region12,main,Final energy,MJ/year,2986225775.8921776,SC11,Region 12
SC11,2030,Region12,main,Final energy,MJ/year,2985538635.9805493,SC11,Region 12
SC11,2024,Tehran,main,Final energy,MJ/year,238083078738.8703,SC11,Tehran
SC11,2025,Tehran,main,Final energy,MJ/year,245357740508.0933,SC11,Tehran
SC11,2026,Tehran,main,Final energy,MJ/year,227947414989.71887,SC11,Tehran
SC11,2027,Tehran,main,Final energy,MJ/year,227342885376.81088,SC11,Tehran
SC11,2028,Tehran,main,Final energy,MJ/year,228552978914.54645,SC11,Tehran
SC11,2029,Tehran,main,Final energy,MJ/year,227921160412.4677,SC11,Tehran
SC11,2030,Tehran,main,Final energy,MJ/year,228211230580.6513,SC11,Tehran
SC11,2024,Region12,main,Health indicator,IRR/year,379149271315949.8,SC11,Region 12
SC11,2025,Region12,main,Health indicator,IRR/year,374662167680948.5,SC11,Region 12
SC11,2026,Region12,main,Health indicator,IRR/year,367284406014814.94,SC11,Region 12
SC11,2027,Region12,main,Health indicator,IRR/year,364537912927862.0,SC11,Region 12
SC11,2028,Region12,main,Health indicator,IRR/year,362390143614525.4,SC11,Region 12
SC11,2029,Region12,main,Health indicator,IRR/year,361889696044492.44,SC11,Region 12
SC11,2030,Region12,main,Health indicator,IRR/year,360652197492442.2,SC11,Region 12
SC11,2024,Tehran,main,Health indicator,IRR/year,1.1363259885071374e+16,SC11,Tehran
SC11,2025,Tehran,main,Health indicator,IRR/year,1.161498304304651e+16,SC11,Tehran
SC11,2026,Tehran,main,Health indicator,IRR/year,1.1340079038609028e+16,SC11,Tehran
SC11,2027,Tehran,main,Health indicator,IRR/year,1.1451526203679514e+16,SC11,Tehran
SC11,2028,Tehran,main,Health indicator,IRR/year,1.157152734269702e+16,SC11,Tehran
SC11,2029,Tehran,main,Health indicator,IRR/year,1.1688522038606554e+16,SC11,Tehran
SC11,2030,Tehran,main,Health indicator,IRR/year,1.181057065889856e+16,SC11,Tehran
SC11,2024,Region12,main,Modal share: car,–,0.2136297441076421,SC11,Region 12
SC11,2025,Region12,main,Modal share: car,–,0.2090558996642127,SC11,Region 12
SC11,2026,Region12,main,Modal share: car,–,0.2014964287129022,SC11,Region 12
SC11,2027,Region12,main,Modal share: car,–,0.199351450985057,SC11,Region 12
SC11,2028,Region12,main,Modal share: car,–,0.1951683389156803,SC11,Region 12
SC11,2029,Region12,main,Modal share: car,–,0.1932501558534178,SC11,Region 12
SC11,2030,Region12,main,Modal share: car,–,0.1896421745102328,SC11,Region 12
SC11,2024,Tehran,main,Modal share: car,–,0.5640414704967733,SC11,Tehran
SC11,2025,Tehran,main,Modal share: car,–,0.5211928638280529,SC11,Tehran
SC11,2026,Tehran,main,Modal share: car,–,0.5143318984285639,SC11,Tehran
SC11,2027,Tehran,main,Modal share: car,–,0.5158828406093564,SC11,Tehran
SC11,2028,Tehran,main,Modal share: car,–,0.5088994195093905,SC11,Tehran
SC11,2029,Tehran,main,Modal share: car,–,0.5067565955563581,SC11,Tehran
SC11,2030,Tehran,main,Modal share: car,–,0.5003693447583978,SC11,Tehran
SC11,2024,Region12,main,Modal share: public transport,–,0.3715838552607974,SC11,Region 12
SC11,2025,Region12,main,Modal share: public transport,–,0.37037307313167045,SC11,Region 12
SC11,2026,Region12,main,Modal share: public transport,–,0.3737152148944072,SC11,Region 12
SC11,2027,Region12,main,Modal share: public transport,–,0.373982742033737,SC11,Region 12
SC11,2028,Region12,main,Modal share: public transport,–,0.3769103348351206,SC11,Region 12
SC11,2029,Region12,main,Modal share: public transport,–,0.37839562046493125,SC11,Region 12
SC11,2030,Region12,main,Modal share: public transport,–,0.3814106730699902,SC11,Region 12
SC11,2024,Tehran,main,Modal share: public transport,–,0.1337961422630231,SC11,Tehran
SC11,2025,Tehran,main,Modal share: public transport,–,0.1688136038425888,SC11,Tehran
SC11,2026,Tehran,main,Modal share: public transport,–,0.1739019957615899,SC11,Tehran
SC11,2027,Tehran,main,Modal share: public transport,–,0.17336102326783348,SC11,Tehran
SC11,2028,Tehran,main,Modal share: public transport,–,0.1781741472187668,SC11,Tehran
SC11,2029,Tehran,main,Modal share: public transport,–,0.17974335479493408,SC11,Tehran
SC11,2030,Tehran,main,Modal share: public transport,–,0.1844309638252407,SC11,Tehran
SC11,2024,Region12,secondary,Municipal budget,IRR/year,11929000000000.002,SC11,Region 12
SC11,2025,Region12,secondary,Municipal budget,IRR/year,14881887352068.6,SC11,Region 12
SC11,2026,Region12,secondary,Municipal budget,IRR/year,18565728154888.03,SC11,Region 12
SC11,2027,Region12,secondary,Municipal budget,IRR/year,23161461565107.89,SC11,Region 12
SC11,2028,Region12,secondary,Municipal budget,IRR/year,28894816155687.996,SC11,Region 12
SC11,2029,Region12,secondary,Municipal budget,IRR/year,36047397023026.29,SC11,Region 12
SC11,2030,Region12,secondary,Municipal budget,IRR/year,44970517380498.805,SC11,Region 12
SC11,2024,Tehran,secondary,Municipal budget,IRR/year,1510000000000000.0,SC11,Tehran
SC11,2025,Tehran,secondary,Municipal budget,IRR/year,1883783209122607.2,SC11,Tehran
SC11,2026,Tehran,secondary,Municipal budget,IRR/year,2350092171504814.0,SC11,Tehran
SC11,2027,Tehran,secondary,Municipal budget,IRR/year,2931830577861758.0,SC11,Tehran
SC11,2028,Tehran,secondary,Municipal budget,IRR/year,3657571665276961.0,SC11,Tehran
SC11,2029,Tehran,secondary,Municipal budget,IRR/year,4562961648484340.0,SC11,Tehran
SC11,2030,Tehran,secondary,Municipal budget,IRR/year,5692470554493519.0,SC11,Tehran
SC11,2024,Region12,main,NOₓ emissions,t/year,851.1295455131627,SC11,Region 12
SC11,2025,Region12,main,NOₓ emissions,t/year,839.0163174324484,SC11,Region 12
SC11,2026,Region12,main,NOₓ emissions,t/year,832.2610714770043,SC11,Region 12
SC11,2027,Region12,main,NOₓ emissions,t/year,817.111549496117,SC11,Region 12
SC11,2028,Region12,main,NOₓ emissions,t/year,790.8199341617969,SC11,Region 12
SC11,2029,Region12,main,NOₓ emissions,t/year,782.2392032703833,SC11,Region 12
SC11,2030,Region12,main,NOₓ emissions,t/year,767.6419138874949,SC11,Region 12
SC11,2024,Tehran,main,NOₓ emissions,t/year,61023.30321917071,SC11,Tehran
SC11,2025,Tehran,main,NOₓ emissions,t/year,62520.50086990648,SC11,Tehran
SC11,2026,Tehran,main,NOₓ emissions,t/year,57973.35080728085,SC11,Tehran
SC11,2027,Tehran,main,NOₓ emissions,t/year,57727.39772039866,SC11,Tehran
SC11,2028,Tehran,main,NOₓ emissions,t/year,57645.02783154952,SC11,Tehran
SC11,2029,Tehran,main,NOₓ emissions,t/year,57380.866180945915,SC11,Tehran
SC11,2030,Tehran,main,NOₓ emissions,t/year,57190.93337236566,SC11,Tehran
SC11,2024,Region12,secondary,Non-public transport trips,trips/year,189482065.8176535,SC11,Region 12
SC11,2025,Region12,secondary,Non-public transport trips,trips/year,191490873.65092123,SC11,Region 12
SC11,2026,Region12,secondary,Non-public transport trips,trips/year,189625968.5768212,SC11,Region 12
SC11,2027,Region12,secondary,Non-public transport trips,trips/year,191186079.52742797,SC11,Region 12
SC11,2028,Region12,secondary,Non-public transport trips,trips/year,190675531.49129122,SC11,Region 12
SC11,2029,Region12,secondary,Non-public transport trips,trips/year,191867975.91106823,SC11,Region 12
SC11,2030,Region12,secondary,Non-public transport trips,trips/year,191632949.45993257,SC11,Region 12
SC11,2024,Tehran,secondary,Non-public transport trips,trips/year,6394922623.7437725,SC11,Tehran
SC11,2025,Tehran,secondary,Non-public transport trips,trips/year,6210279045.880209,SC11,Tehran
SC11,2026,Tehran,secondary,Non-public transport trips,trips/year,6165946027.28183,SC11,Tehran
SC11,2027,Tehran,secondary,Non-public transport trips,trips/year,6244861359.056915,SC11,Tehran
SC11,2028,Tehran,secondary,Non-public transport trips,trips/year,6242466043.333624,SC11,Tehran
SC11,2029,Tehran,secondary,Non-public transport trips,trips/year,6306181328.807037,SC11,Tehran
SC11,2030,Tehran,secondary,Non-public transport trips,trips/year,6314727614.914923,SC11,Tehran
SC11,2024,Region12,main,PCE-weighted VKT,PCE-km/year,943740573.272616,SC11,Region 12
SC11,2025,Region12,main,PCE-weighted VKT,PCE-km/year,972538633.3850204,SC11,Region 12
SC11,2026,Region12,main,PCE-weighted VKT,PCE-km/year,962375868.3329104,SC11,Region 12
SC11,2027,Region12,main,PCE-weighted VKT,PCE-km/year,953802173.0793232,SC11,Region 12
SC11,2028,Region12,main,PCE-weighted VKT,PCE-km/year,952569611.6167485,SC11,Region 12
SC11,2029,Region12,main,PCE-weighted VKT,PCE-km/year,950727246.5765728,SC11,Region 12
SC11,2030,Region12,main,PCE-weighted VKT,PCE-km/year,950736719.7679805,SC11,Region 12
SC11,2024,Tehran,main,PCE-weighted VKT,PCE-km/year,67323611114.50247,SC11,Tehran
SC11,2025,Tehran,main,PCE-weighted VKT,PCE-km/year,69924752158.95613,SC11,Tehran
SC11,2026,Tehran,main,PCE-weighted VKT,PCE-km/year,65637583511.12366,SC11,Tehran
SC11,2027,Tehran,main,PCE-weighted VKT,PCE-km/year,65739847270.62503,SC11,Tehran
SC11,2028,Tehran,main,PCE-weighted VKT,PCE-km/year,66383671295.13239,SC11,Tehran
SC11,2029,Tehran,main,PCE-weighted VKT,PCE-km/year,66496270919.29555,SC11,Tehran
SC11,2030,Tehran,main,PCE-weighted VKT,PCE-km/year,66840717786.67574,SC11,Tehran
SC11,2024,Region12,main,PM₂.₅ emissions,t/year,27.3965932574287,SC11,Region 12
SC11,2025,Region12,main,PM₂.₅ emissions,t/year,25.223589676733738,SC11,Region 12
SC11,2026,Region12,main,PM₂.₅ emissions,t/year,25.41413238931549,SC11,Region 12
SC11,2027,Region12,main,PM₂.₅ emissions,t/year,25.288298611663564,SC11,Region 12
SC11,2028,Region12,main,PM₂.₅ emissions,t/year,23.695215856444303,SC11,Region 12
SC11,2029,Region12,main,PM₂.₅ emissions,t/year,23.681404457397655,SC11,Region 12
SC11,2030,Region12,main,PM₂.₅ emissions,t/year,22.87819619489653,SC11,Region 12
SC11,2024,Tehran,main,PM₂.₅ emissions,t/year,1098.6422683028245,SC11,Tehran
SC11,2025,Tehran,main,PM₂.₅ emissions,t/year,1099.4758316417592,SC11,Tehran
SC11,2026,Tehran,main,PM₂.₅ emissions,t/year,1040.2418258561672,SC11,Tehran
SC11,2027,Tehran,main,PM₂.₅ emissions,t/year,1037.8443039862816,SC11,Tehran
SC11,2028,Tehran,main,PM₂.₅ emissions,t/year,1023.9932541551938,SC11,Tehran
SC11,2029,Tehran,main,PM₂.₅ emissions,t/year,1023.846663169169,SC11,Tehran
SC11,2030,Tehran,main,PM₂.₅ emissions,t/year,1015.9665042919838,SC11,Tehran
SC11,2024,Region12,secondary,Population,persons,245721.85714285728,SC11,Region 12
SC11,2025,Region12,secondary,Population,persons,246411.88095238103,SC11,Region 12
SC11,2026,Region12,secondary,Population,persons,247101.90476190465,SC11,Region 12
SC11,2027,Region12,secondary,Population,persons,247791.9285714284,SC11,Region 12
SC11,2028,Region12,secondary,Population,persons,248481.9523809522,SC11,Region 12
SC11,2029,Region12,secondary,Population,persons,249171.976190476,SC11,Region 12
SC11,2030,Region12,secondary,Population,persons,249861.9999999996,SC11,Region 12
SC11,2024,Tehran,secondary,Population,persons,9866621.197527785,SC11,Tehran
SC11,2025,Tehran,secondary,Population,persons,9985411.40128046,SC11,Tehran
SC11,2026,Tehran,secondary,Population,persons,10106581.155926269,SC11,Tehran
SC11,2027,Tehran,secondary,Population,persons,10229232.367506336,SC11,Tehran
SC11,2028,Tehran,secondary,Population,persons,10353377.89838857,SC11,Tehran
SC11,2029,Tehran,secondary,Population,persons,10479061.11906554,SC11,Tehran
SC11,2030,Tehran,secondary,Population,persons,10606308.3056892,SC11,Tehran
SC11,2024,Region12,secondary,Public transport trips,trips/year,112041164.29650912,SC11,Region 12
SC11,2025,Region12,secondary,Public transport trips,trips/year,112642995.9142962,SC11,Region 12
SC11,2026,Region12,secondary,Public transport trips,trips/year,113153171.33929522,SC11,Region 12
SC11,2027,Region12,secondary,Public transport trips,trips/year,114214573.72058724,SC11,Region 12
SC11,2028,Region12,secondary,Public transport trips,trips/year,115340668.34542964,SC11,Region 12
SC11,2029,Region12,secondary,Public transport trips,trips/year,116797764.27335033,SC11,Region 12
SC11,2030,Region12,secondary,Public transport trips,trips/year,118157312.21655907,SC11,Region 12
SC11,2024,Tehran,secondary,Public transport trips,trips/year,987776687.3063902,SC11,Tehran
SC11,2025,Tehran,secondary,Public transport trips,trips/year,1261305035.1278949,SC11,Tehran
SC11,2026,Tehran,secondary,Public transport trips,trips/year,1297994081.0910156,SC11,Tehran
SC11,2027,Tehran,secondary,Public transport trips,trips/year,1309659459.3828726,SC11,Tehran
SC11,2028,Tehran,secondary,Public transport trips,trips/year,1353384126.392472,SC11,Tehran
SC11,2029,Tehran,secondary,Public transport trips,trips/year,1381877482.628106,SC11,Tehran
SC11,2030,Tehran,secondary,Public transport trips,trips/year,1427998426.4423041,SC11,Tehran
SC11,2024,Region12,main,Time loss (car),hours/year,57019973.566910096,SC11,Region 12
SC11,2025,Region12,main,Time loss (car),hours/year,59849434.404948354,SC11,Region 12
SC11,2026,Region12,main,Time loss (car),hours/year,52712209.245896034,SC11,Region 12
SC11,2027,Region12,main,Time loss (car),hours/year,52490585.290495925,SC11,Region 12
SC11,2028,Region12,main,Time loss (car),hours/year,52204455.75296055,SC11,Region 12
SC11,2029,Region12,main,Time loss (car),hours/year,51735009.87381572,SC11,Region 12
SC11,2030,Region12,main,Time loss (car),hours/year,50964939.10687808,SC11,Region 12
SC11,2024,Tehran,main,Time loss (car),hours/year,797515102.0776677,SC11,Tehran
SC11,2025,Tehran,main,Time loss (car),hours/year,863985721.1786572,SC11,Tehran
SC11,2026,Tehran,main,Time loss (car),hours/year,734764176.108038,SC11,Tehran
SC11,2027,Tehran,main,Time loss (car),hours/year,732593757.98526,SC11,Tehran
SC11,2028,Tehran,main,Time loss (car),hours/year,743202252.0342319,SC11,Tehran
SC11,2029,Tehran,main,Time loss (car),hours/year,737266699.9873142,SC11,Tehran
SC11,2030,Tehran,main,Time loss (car),hours/year,736460102.1456448,SC11,Tehran
SC11,2024,Region12,secondary,Trips total (effective),trips/year,301523230.1141626,SC11,Region 12
SC11,2025,Region12,secondary,Trips total (effective),trips/year,304133869.56521744,SC11,Region 12
SC11,2026,Region12,secondary,Trips total (effective),trips/year,302779139.9161164,SC11,Region 12
SC11,2027,Region12,secondary,Trips total (effective),trips/year,305400653.2480152,SC11,Region 12
SC11,2028,Region12,secondary,Trips total (effective),trips/year,306016199.8367209,SC11,Region 12
SC11,2029,Region12,secondary,Trips total (effective),trips/year,308665740.18441856,SC11,Region 12
SC11,2030,Region12,secondary,Trips total (effective),trips/year,309790261.6764916,SC11,Region 12
SC11,2024,Tehran,secondary,Trips total (effective),trips/year,7382699311.050162,SC11,Tehran
SC11,2025,Tehran,secondary,Trips total (effective),trips/year,7471584081.008103,SC11,Tehran
SC11,2026,Tehran,secondary,Trips total (effective),trips/year,7463940108.372846,SC11,Tehran
SC11,2027,Tehran,secondary,Trips total (effective),trips/year,7554520818.439788,SC11,Tehran
SC11,2028,Tehran,secondary,Trips total (effective),trips/year,7595850169.726096,SC11,Tehran
SC11,2029,Tehran,secondary,Trips total (effective),trips/year,7688058811.435143,SC11,Tehran
SC11,2030,Tehran,secondary,Trips total (effective),trips/year,7742726041.357227,SC11,Tehran
SC2,2024,Region12,main,CO₂ emissions,t/year,223577.78125949905,SC2,Region 12
SC2,2025,Region12,main,CO₂ emissions,t/year,230467.4348119958,SC2,Region 12
SC2,2026,Region12,main,CO₂ emissions,t/year,229587.1464659578,SC2,Region 12
SC2,2027,Region12,main,CO₂ emissions,t/year,226640.29323045423,SC2,Region 12
SC2,2028,Region12,main,CO₂ emissions,t/year,227577.10029487085,SC2,Region 12
SC2,2029,Region12,main,CO₂ emissions,t/year,228059.65705172755,SC2,Region 12
SC2,2030,Region12,main,CO₂ emissions,t/year,229009.33263623947,SC2,Region 12
SC2,2024,Tehran,main,CO₂ emissions,t/year,16046079.35145826,SC2,Tehran
SC2,2025,Tehran,main,CO₂ emissions,t/year,16678433.769860094,SC2,Tehran
SC2,2026,Tehran,main,CO₂ emissions,t/year,16647417.740078464,SC2,Tehran
SC2,2027,Tehran,main,CO₂ emissions,t/year,16847997.700354885,SC2,Tehran
SC2,2028,Tehran,main,CO₂ emissions,t/year,17121298.200222798,SC2,Tehran
SC2,2029,Tehran,main,CO₂ emissions,t/year,17189094.460796297,SC2,Tehran
SC2,2030,Tehran,main,CO₂ emissions,t/year,17340574.539712735,SC2,Tehran
SC2,2024,Region12,main,Climate cost,IRR/year,3353666718892.4854,SC2,Region 12
SC2,2025,Region12,main,Climate cost,IRR/year,3457011522179.937,SC2,Region 12
SC2,2026,Region12,main,Climate cost,IRR/year,3443807196989.367,SC2,Region 12
SC2,2027,Region12,main,Climate cost,IRR/year,3399604398456.814,SC2,Region 12
SC2,2028,Region12,main,Climate cost,IRR/year,3413656504423.0625,SC2,Region 12
SC2,2029,Region12,main,Climate cost,IRR/year,3420894855775.913,SC2,Region 12
SC2,2030,Region12,main,Climate cost,IRR/year,3435139989543.5923,SC2,Region 12
SC2,2024,Tehran,main,Climate cost,IRR/year,240691190271873.9,SC2,Tehran
SC2,2025,Tehran,main,Climate cost,IRR/year,250176506547901.4,SC2,Tehran
SC2,2026,Tehran,main,Climate cost,IRR/year,249711266101176.97,SC2,Tehran
SC2,2027,Tehran,main,Climate cost,IRR/year,252719965505323.28,SC2,Tehran
SC2,2028,Tehran,main,Climate cost,IRR/year,256819473003342.0,SC2,Tehran
SC2,2029,Tehran,main,Climate cost,IRR/year,257836416911944.44,SC2,Tehran
SC2,2030,Tehran,main,Climate cost,IRR/year,260108618095691.03,SC2,Tehran
SC2,2024,Region12,main,Congestion index,–,1.156845834718303,SC2,Region 12
SC2,2025,Region12,main,Congestion index,–,1.2083326335898308,SC2,Region 12
SC2,2026,Region12,main,Congestion index,–,1.204807374001073,SC2,Region 12
SC2,2027,Region12,main,Congestion index,–,1.2185305466279266,SC2,Region 12
SC2,2028,Region12,main,Congestion index,–,1.2334709578423495,SC2,Region 12
SC2,2029,Region12,main,Congestion index,–,1.2320238051880663,SC2,Region 12
SC2,2030,Region12,main,Congestion index,–,1.234414189970712,SC2,Region 12
SC2,2024,Tehran,main,Congestion index,–,0.3794403606699812,SC2,Tehran
SC2,2025,Tehran,main,Congestion index,–,0.3963278049147127,SC2,Tehran
SC2,2026,Tehran,main,Congestion index,–,0.3951715352289259,SC2,Tehran
SC2,2027,Tehran,main,Congestion index,–,0.3996726756702862,SC2,Tehran
SC2,2028,Tehran,main,Congestion index,–,0.4045730650304112,SC2,Tehran
SC2,2029,Tehran,main,Congestion index,–,0.4040984053060067,SC2,Tehran
SC2,2030,Tehran,main,Congestion index,–,0.4048824410321569,SC2,Tehran
SC2,2024,Region12,main,Electricity use,kWh/year,72597412.63742895,SC2,Region 12
SC2,2025,Region12,main,Electricity use,kWh/year,71455473.2155822,SC2,Region 12
SC2,2026,Region12,main,Electricity use,kWh/year,72860860.01883528,SC2,Region 12
SC2,2027,Region12,main,Electricity use,kWh/year,72285896.64679961,SC2,Region 12
SC2,2028,Region12,main,Electricity use,kWh/year,72939100.73200673,SC2,Region 12
SC2,2029,Region12,main,Electricity use,kWh/year,74053202.83511248,SC2,Region 12
SC2,2030,Region12,main,Electricity use,kWh/year,75320659.12518547,SC2,Region 12
SC2,2024,Tehran,main,Electricity use,kWh/year,1010486335.4725728,SC2,Tehran
SC2,2025,Tehran,main,Electricity use,kWh/year,1114912910.2782955,SC2,Tehran
SC2,2026,Tehran,main,Electricity use,kWh/year,1223813471.7530506,SC2,Tehran
SC2,2027,Tehran,main,Electricity use,kWh/year,1237139222.8326204,SC2,Tehran
SC2,2028,Tehran,main,Electricity use,kWh/year,1308536276.4464278,SC2,Tehran
SC2,2029,Tehran,main,Electricity use,kWh/year,1374200687.8292956,SC2,Tehran
SC2,2030,Tehran,main,Electricity use,kWh/year,1455255904.4978952,SC2,Tehran
SC2,2024,Region12,secondary,Energy: CNG,MJ/year,456027744.5131171,SC2,Region 12
SC2,2025,Region12,secondary,Energy: CNG,MJ/year,480218734.1004609,SC2,Region 12
SC2,2026,Region12,secondary,Energy: CNG,MJ/year,481572763.16604,SC2,Region 12
SC2,2027,Region12,secondary,Energy: CNG,MJ/year,483710694.57441515,SC2,Region 12
SC2,2028,Region12,secondary,Energy: CNG,MJ/year,484883266.04617816,SC2,Region 12
SC2,2029,Region12,secondary,Energy: CNG,MJ/year,484898475.23369807,SC2,Region 12
SC2,2030,Region12,secondary,Energy: CNG,MJ/year,485597860.4578783,SC2,Region 12
SC2,2024,Tehran,secondary,Energy: CNG,MJ/year,28465315896.16287,SC2,Tehran
SC2,2025,Tehran,secondary,Energy: CNG,MJ/year,29344896082.638653,SC2,Tehran
SC2,2026,Tehran,secondary,Energy: CNG,MJ/year,29529142522.374134,SC2,Tehran
SC2,2027,Tehran,secondary,Energy: CNG,MJ/year,29917247018.46217,SC2,Tehran
SC2,2028,Tehran,secondary,Energy: CNG,MJ/year,30402304177.67172,SC2,Tehran
SC2,2029,Tehran,secondary,Energy: CNG,MJ/year,30664062580.619167,SC2,Tehran
SC2,2030,Tehran,secondary,Energy: CNG,MJ/year,31316343556.668068,SC2,Tehran
SC2,2024,Region12,secondary,Energy: diesel,MJ/year,71763352.29105754,SC2,Region 12
SC2,2025,Region12,secondary,Energy: diesel,MJ/year,76611070.83002092,SC2,Region 12
SC2,2026,Region12,secondary,Energy: diesel,MJ/year,78790619.66314362,SC2,Region 12
SC2,2027,Region12,secondary,Energy: diesel,MJ/year,81013049.67747377,SC2,Region 12
SC2,2028,Region12,secondary,Energy: diesel,MJ/year,82734345.88501433,SC2,Region 12
SC2,2029,Region12,secondary,Energy: diesel,MJ/year,84023563.80916348,SC2,Region 12
SC2,2030,Region12,secondary,Energy: diesel,MJ/year,86249660.26664855,SC2,Region 12
SC2,2024,Tehran,secondary,Energy: diesel,MJ/year,1041250850.3839899,SC2,Tehran
SC2,2025,Tehran,secondary,Energy: diesel,MJ/year,1195864688.9890962,SC2,Tehran
SC2,2026,Tehran,secondary,Energy: diesel,MJ/year,1084886939.4558587,SC2,Tehran
SC2,2027,Tehran,secondary,Energy: diesel,MJ/year,1128039341.2218387,SC2,Tehran
SC2,2028,Tehran,secondary,Energy: diesel,MJ/year,1158829551.7345989,SC2,Tehran
SC2,2029,Tehran,secondary,Energy: diesel,MJ/year,1182715265.084802,SC2,Tehran
SC2,2030,Tehran,secondary,Energy: diesel,MJ/year,1190821361.442585,SC2,Tehran
SC2,2024,Region12,secondary,Energy: gasoline,MJ/year,2273857992.283237,SC2,Region 12
SC2,2025,Region12,secondary,Energy: gasoline,MJ/year,2360477834.386785,SC2,Region 12
SC2,2026,Region12,secondary,Energy: gasoline,MJ/year,2332658149.7461815,SC2,Region 12
SC2,2027,Region12,secondary,Energy: gasoline,MJ/year,2289685878.7733755,SC2,Region 12
SC2,2028,Region12,secondary,Energy: gasoline,MJ/year,2295512369.9418435,SC2,Region 12
SC2,2029,Region12,secondary,Energy: gasoline,MJ/year,2292247137.934325,SC2,Region 12
SC2,2030,Region12,secondary,Energy: gasoline,MJ/year,2293128793.8770895,SC2,Region 12
SC2,2024,Tehran,secondary,Energy: gasoline,MJ/year,205087856455.4507,SC2,Tehran
SC2,2025,Tehran,secondary,Energy: gasoline,MJ/year,212724495046.38416,SC2,Tehran
SC2,2026,Tehran,secondary,Energy: gasoline,MJ/year,211342582577.02213,SC2,Tehran
SC2,2027,Tehran,secondary,Energy: gasoline,MJ/year,213843312877.07864,SC2,Tehran
SC2,2028,Tehran,secondary,Energy: gasoline,MJ/year,216881578853.86185,SC2,Tehran
SC2,2029,Tehran,secondary,Energy: gasoline,MJ/year,217112920916.87802,SC2,Tehran
SC2,2030,Tehran,secondary,Energy: gasoline,MJ/year,218156116401.1445,SC2,Tehran
SC2,2024,Region12,main,Final energy,MJ/year,3062999774.582156,SC2,Region 12
SC2,2025,Region12,main,Final energy,MJ/year,3174547342.893363,SC2,Region 12
SC2,2026,Region12,main,Final energy,MJ/year,3155320628.6431723,SC2,Region 12
SC2,2027,Region12,main,Final energy,MJ/year,3114638850.953743,SC2,Region 12
SC2,2028,Region12,main,Final energy,MJ/year,3125710744.5082607,SC2,Region 12
SC2,2029,Region12,main,Final energy,MJ/year,3127760707.1835923,SC2,Region 12
SC2,2030,Region12,main,Final energy,MJ/year,3136130687.452284,SC2,Region 12
SC2,2024,Tehran,main,Final energy,MJ/year,238232174009.69888,SC2,Tehran
SC2,2025,Tehran,main,Final energy,MJ/year,247278942295.01376,SC2,Tehran
SC2,2026,Tehran,main,Final energy,MJ/year,246362340537.16312,SC2,Tehran
SC2,2027,Tehran,main,Final energy,MJ/year,249342300438.9601,SC2,Tehran
SC2,2028,Tehran,main,Final energy,MJ/year,253153443178.4753,SC2,Tehran
SC2,2029,Tehran,main,Final energy,MJ/year,253906821238.76743,SC2,Tehran
SC2,2030,Tehran,main,Final energy,MJ/year,255902202575.4476,SC2,Tehran
SC2,2024,Region12,main,Health indicator,IRR/year,380061863845420.94,SC2,Region 12
SC2,2025,Region12,main,Health indicator,IRR/year,381750587331497.5,SC2,Region 12
SC2,2026,Region12,main,Health indicator,IRR/year,383069267652477.44,SC2,Region 12
SC2,2027,Region12,main,Health indicator,IRR/year,384431187316918.6,SC2,Region 12
SC2,2028,Region12,main,Health indicator,IRR/year,387960131082996.25,SC2,Region 12
SC2,2029,Region12,main,Health indicator,IRR/year,389717386160762.7,SC2,Region 12
SC2,2030,Region12,main,Health indicator,IRR/year,391856262845649.94,SC2,Region 12
SC2,2024,Tehran,main,Health indicator,IRR/year,1.1365277897353194e+16,SC2,Tehran
SC2,2025,Tehran,main,Health indicator,IRR/year,1.1703453912054086e+16,SC2,Tehran
SC2,2026,Tehran,main,Health indicator,IRR/year,1.1821002400630612e+16,SC2,Tehran
SC2,2027,Tehran,main,Health indicator,IRR/year,1.2029196684338482e+16,SC2,Tehran
SC2,2028,Tehran,main,Health indicator,IRR/year,1.226610037115194e+16,SC2,Tehran
SC2,2029,Tehran,main,Health indicator,IRR/year,1.2434522243999776e+16,SC2,Tehran
SC2,2030,Tehran,main,Health indicator,IRR/year,1.2634868019443906e+16,SC2,Tehran
SC2,2024,Region12,main,Modal share: car,–,0.2198585795004265,SC2,Region 12
SC2,2025,Region12,main,Modal share: car,–,0.2143111837534519,SC2,Region 12
SC2,2026,Region12,main,Modal share: car,–,0.2073082049447518,SC2,Region 12
SC2,2027,Region12,main,Modal share: car,–,0.2056314322962279,SC2,Region 12
SC2,2028,Region12,main,Modal share: car,–,0.2033012903661287,SC2,Region 12
SC2,2029,Region12,main,Modal share: car,–,0.2016292788503484,SC2,Region 12
SC2,2030,Region12,main,Modal share: car,–,0.1994682789165245,SC2,Region 12
SC2,2024,Tehran,main,Modal share: car,–,0.572152462291515,SC2,Tehran
SC2,2025,Tehran,main,Modal share: car,–,0.5639602141508211,SC2,Tehran
SC2,2026,Tehran,main,Modal share: car,–,0.5654713800464539,SC2,Tehran
SC2,2027,Tehran,main,Modal share: car,–,0.567967689813491,SC2,Tehran
SC2,2028,Tehran,main,Modal share: car,–,0.5630048179161334,SC2,Tehran
SC2,2029,Tehran,main,Modal share: car,–,0.5602343063365156,SC2,Tehran
SC2,2030,Tehran,main,Modal share: car,–,0.5537738930598006,SC2,Tehran
SC2,2024,Region12,main,Modal share: public transport,–,0.3536342603080409,SC2,Region 12
SC2,2025,Region12,main,Modal share: public transport,–,0.35052703165707333,SC2,Region 12
SC2,2026,Region12,main,Modal share: public transport,–,0.351401115460471,SC2,Region 12
SC2,2027,Region12,main,Modal share: public transport,–,0.3496897557425055,SC2,Region 12
SC2,2028,Region12,main,Modal share: public transport,–,0.3495010960950492,SC2,Region 12
SC2,2029,Region12,main,Modal share: public transport,–,0.35039639258550803,SC2,Region 12
SC2,2030,Region12,main,Modal share: public transport,–,0.35276275300693327,SC2,Region 12
SC2,2024,Tehran,main,Modal share: public transport,–,0.1213753025839129,SC2,Tehran
SC2,2025,Tehran,main,Modal share: public transport,–,0.1278269790185728,SC2,Tehran
SC2,2026,Tehran,main,Modal share: public transport,–,0.1257081786559358,SC2,Tehran
SC2,2027,Tehran,main,Modal share: public transport,–,0.1236404109110887,SC2,Tehran
SC2,2028,Tehran,main,Modal share: public transport,–,0.12569772214884029,SC2,Tehran
SC2,2029,Tehran,main,Modal share: public transport,–,0.12719119008042878,SC2,Tehran
SC2,2030,Tehran,main,Modal share: public transport,–,0.1292217010654057,SC2,Tehran
SC2,2024,Region12,secondary,Municipal budget,IRR/year,11929000000000.002,SC2,Region 12
SC2,2025,Region12,secondary,Municipal budget,IRR/year,14881887352068.6,SC2,Region 12
SC2,2026,Region12,secondary,Municipal budget,IRR/year,18565728154888.03,SC2,Region 12
SC2,2027,Region12,secondary,Municipal budget,IRR/year,23161461565107.89,SC2,Region 12
SC2,2028,Region12,secondary,Municipal budget,IRR/year,28894816155687.996,SC2,Region 12
SC2,2029,Region12,secondary,Municipal budget,IRR/year,36047397023026.29,SC2,Region 12
SC2,2030,Region12,secondary,Municipal budget,IRR/year,44970517380498.805,SC2,Region 12
SC2,2024,Tehran,secondary,Municipal budget,IRR/year,1510000000000000.0,SC2,Tehran
SC2,2025,Tehran,secondary,Municipal budget,IRR/year,1883783209122607.2,SC2,Tehran
SC2,2026,Tehran,secondary,Municipal budget,IRR/year,2350092171504814.0,SC2,Tehran
SC2,2027,Tehran,secondary,Municipal budget,IRR/year,2931830577861758.0,SC2,Tehran
SC2,2028,Tehran,secondary,Municipal budget,IRR/year,3657571665276961.0,SC2,Tehran
SC2,2029,Tehran,secondary,Municipal budget,IRR/year,4562961648484340.0,SC2,Tehran
SC2,2030,Tehran,secondary,Municipal budget,IRR/year,5692470554493519.0,SC2,Tehran
SC2,2024,Region12,main,NOₓ emissions,t/year,858.4094271856591,SC2,Region 12
SC2,2025,Region12,main,NOₓ emissions,t/year,891.1790134888704,SC2,Region 12
SC2,2026,Region12,main,NOₓ emissions,t/year,889.5557765726097,SC2,Region 12
SC2,2027,Region12,main,NOₓ emissions,t/year,881.3590567145492,SC2,Region 12
SC2,2028,Region12,main,NOₓ emissions,t/year,886.6261901572855,SC2,Region 12
SC2,2029,Region12,main,NOₓ emissions,t/year,888.727620809601,SC2,Region 12
SC2,2030,Region12,main,NOₓ emissions,t/year,892.3693441167093,SC2,Region 12
SC2,2024,Tehran,main,NOₓ emissions,t/year,61066.839186799996,SC2,Tehran
SC2,2025,Tehran,main,NOₓ emissions,t/year,63358.68804269867,SC2,Tehran
SC2,2026,Tehran,main,NOₓ emissions,t/year,63096.30060486228,SC2,Tehran
SC2,2027,Tehran,main,NOₓ emissions,t/year,63860.9208988122,SC2,Tehran
SC2,2028,Tehran,main,NOₓ emissions,t/year,64848.27993511591,SC2,Tehran
SC2,2029,Tehran,main,NOₓ emissions,t/year,65049.239819284056,SC2,Tehran
SC2,2030,Tehran,main,NOₓ emissions,t/year,65538.216551908,SC2,Tehran
SC2,2024,Region12,secondary,Non-public transport trips,trips/year,194894285.66704953,SC2,Region 12
SC2,2025,Region12,secondary,Non-public transport trips,trips/year,197526727.04014224,SC2,Region 12
SC2,2026,Region12,secondary,Non-public transport trips,trips/year,198968806.901146,SC2,Region 12
SC2,2027,Region12,secondary,Non-public transport trips,trips/year,201221047.02139324,SC2,Region 12
SC2,2028,Region12,secondary,Non-public transport trips,trips/year,203022134.1876036,SC2,Region 12
SC2,2029,Region12,secondary,Non-public transport trips,trips/year,204498091.08522448,SC2,Region 12
SC2,2030,Region12,secondary,Non-public transport trips,trips/year,205517279.808076,SC2,Region 12
SC2,2024,Tehran,secondary,Non-public transport trips,trips/year,6486618675.382879,SC2,Tehran
SC2,2025,Tehran,secondary,Non-public transport trips,trips/year,6516368900.815335,SC2,Tehran
SC2,2026,Tehran,secondary,Non-public transport trips,trips/year,6610691197.296656,SC2,Tehran
SC2,2027,Tehran,secondary,Non-public transport trips,trips/year,6705803122.024538,SC2,Tehran
SC2,2028,Tehran,secondary,Non-public transport trips,trips/year,6770121851.318017,SC2,Tehran
SC2,2029,Tehran,secondary,Non-public transport trips,trips/year,6839379934.579419,SC2,Tehran
SC2,2030,Tehran,secondary,Non-public transport trips,trips/year,6904971995.465971,SC2,Tehran
SC2,2024,Region12,main,PCE-weighted VKT,PCE-km/year,958763335.00298,SC2,Region 12
SC2,2025,Region12,main,PCE-weighted VKT,PCE-km/year,997126672.2993344,SC2,Region 12
SC2,2026,Region12,main,PCE-weighted VKT,PCE-km/year,996963650.5213318,SC2,Region 12
SC2,2027,Region12,main,PCE-weighted VKT,PCE-km/year,990673965.8549331,SC2,Region 12
SC2,2028,Region12,main,PCE-weighted VKT,PCE-km/year,997686106.1496934,SC2,Region 12
SC2,2029,Region12,main,PCE-weighted VKT,PCE-km/year,1000753875.8582714,SC2,Region 12
SC2,2030,Region12,main,PCE-weighted VKT,PCE-km/year,1005162819.6839328,SC2,Region 12
SC2,2024,Tehran,main,PCE-weighted VKT,PCE-km/year,67451154411.74255,SC2,Tehran
SC2,2025,Tehran,main,PCE-weighted VKT,PCE-km/year,70314250177.63245,SC2,Tehran
SC2,2026,Tehran,main,PCE-weighted VKT,PCE-km/year,70186669091.77199,SC2,Tehran
SC2,2027,Tehran,main,PCE-weighted VKT,PCE-km/year,71192897805.06569,SC2,Tehran
SC2,2028,Tehran,main,PCE-weighted VKT,PCE-km/year,72434697765.92892,SC2,Tehran
SC2,2029,Tehran,main,PCE-weighted VKT,PCE-km/year,72839600335.88672,SC2,Tehran
SC2,2030,Tehran,main,PCE-weighted VKT,PCE-km/year,73585761694.88927,SC2,Tehran
SC2,2024,Region12,main,PM₂.₅ emissions,t/year,27.7266996861683,SC2,Region 12
SC2,2025,Region12,main,PM₂.₅ emissions,t/year,28.66813417946224,SC2,Region 12
SC2,2026,Region12,main,PM₂.₅ emissions,t/year,29.119800037415693,SC2,Region 12
SC2,2027,Region12,main,PM₂.₅ emissions,t/year,29.199281203946924,SC2,Region 12
SC2,2028,Region12,main,PM₂.₅ emissions,t/year,29.593702124687955,SC2,Region 12
SC2,2029,Region12,main,PM₂.₅ emissions,t/year,29.867957602308735,SC2,Region 12
SC2,2030,Region12,main,PM₂.₅ emissions,t/year,30.13592939256093,SC2,Region 12
SC2,2024,Tehran,main,PM₂.₅ emissions,t/year,1096.392198765381,SC2,Tehran
SC2,2025,Tehran,main,PM₂.₅ emissions,t/year,1133.119925181753,SC2,Tehran
SC2,2026,Tehran,main,PM₂.₅ emissions,t/year,1138.381220145224,SC2,Tehran
SC2,2027,Tehran,main,PM₂.₅ emissions,t/year,1151.3699040342688,SC2,Tehran
SC2,2028,Tehran,main,PM₂.₅ emissions,t/year,1173.9839921734397,SC2,Tehran
SC2,2029,Tehran,main,PM₂.₅ emissions,t/year,1183.3907210736743,SC2,Tehran
SC2,2030,Tehran,main,PM₂.₅ emissions,t/year,1197.1011730053751,SC2,Tehran
SC2,2024,Region12,secondary,Population,persons,245721.85714285728,SC2,Region 12
SC2,2025,Region12,secondary,Population,persons,246411.88095238103,SC2,Region 12
SC2,2026,Region12,secondary,Population,persons,247101.90476190465,SC2,Region 12
SC2,2027,Region12,secondary,Population,persons,247791.9285714284,SC2,Region 12
SC2,2028,Region12,secondary,Population,persons,248481.9523809522,SC2,Region 12
SC2,2029,Region12,secondary,Population,persons,249171.976190476,SC2,Region 12
SC2,2030,Region12,secondary,Population,persons,249861.9999999996,SC2,Region 12
SC2,2024,Tehran,secondary,Population,persons,9866616.219206296,SC2,Tehran
SC2,2025,Tehran,secondary,Population,persons,9985188.971210005,SC2,Tehran
SC2,2026,Tehran,secondary,Population,persons,10105172.449102586,SC2,Tehran
SC2,2027,Tehran,secondary,Population,persons,10226375.37440403,SC2,Tehran
SC2,2028,Tehran,secondary,Population,persons,10348756.061411418,SC2,Tehran
SC2,2029,Tehran,secondary,Population,persons,10472512.39685138,SC2,Tehran
SC2,2030,Tehran,secondary,Population,persons,10597601.841811445,SC2,Tehran
SC2,2024,Region12,secondary,Public transport trips,trips/year,106628944.4471131,SC2,Region 12
SC2,2025,Region12,secondary,Public transport trips,trips/year,106607142.52507518,SC2,Region 12
SC2,2026,Region12,secondary,Public transport trips,trips/year,107798305.47587167,SC2,Region 12
SC2,2027,Region12,secondary,Public transport trips,trips/year,108202107.23191494,SC2,Region 12
SC2,2028,Region12,secondary,Public transport trips,trips/year,109080058.40466656,SC2,Region 12
SC2,2029,Region12,secondary,Public transport trips,trips/year,110306335.41596732,SC2,Region 12
SC2,2030,Region12,secondary,Public transport trips,trips/year,112012777.00319019,SC2,Region 12
SC2,2024,Tehran,secondary,Public transport trips,trips/year,896076910.6382303,SC2,Tehran
SC2,2025,Tehran,secondary,Public transport trips,trips/year,955048746.8925503,SC2,Tehran
SC2,2026,Tehran,secondary,Public transport trips,trips/year,950504087.7443547,SC2,Tehran
SC2,2027,Tehran,secondary,Public transport trips,trips/year,946082251.8732753,SC2,Tehran
SC2,2028,Tehran,secondary,Public transport trips,trips/year,973334871.6330758,SC2,Tehran
SC2,2029,Tehran,secondary,Public transport trips,trips/year,996677466.3646246,SC2,Tehran
SC2,2030,Tehran,secondary,Public transport trips,trips/year,1024683582.6694411,SC2,Tehran
SC2,2024,Region12,main,Time loss (car),hours/year,58853375.8676891,SC2,Region 12
SC2,2025,Region12,main,Time loss (car),hours/year,61883263.84009905,SC2,Region 12
SC2,2026,Region12,main,Time loss (car),hours/year,60107152.26053223,SC2,Region 12
SC2,2027,Region12,main,Time loss (car),hours/year,61200748.89945441,SC2,Region 12
SC2,2028,Region12,main,Time loss (car),hours/year,62195474.62824946,SC2,Region 12
SC2,2029,Region12,main,Time loss (car),hours/year,62104767.77239619,SC2,Region 12
SC2,2030,Region12,main,Time loss (car),hours/year,62157832.4041579,SC2,Region 12
SC2,2024,Tehran,main,Time loss (car),hours/year,799441386.5936664,SC2,Tehran
SC2,2025,Tehran,main,Time loss (car),hours/year,882659924.4617256,SC2,Tehran
SC2,2026,Tehran,main,Time loss (car),hours/year,877180317.6080581,SC2,Tehran
SC2,2027,Tehran,main,Time loss (car),hours/year,903122625.3254924,SC2,Tehran
SC2,2028,Tehran,main,Time loss (car),hours/year,932473509.8504008,SC2,Tehran
SC2,2029,Tehran,main,Time loss (car),hours/year,933966067.9746728,SC2,Tehran
SC2,2030,Tehran,main,Time loss (car),hours/year,942821866.7737168,SC2,Tehran
SC2,2024,Region12,secondary,Trips total (effective),trips/year,301523230.1141626,SC2,Region 12
SC2,2025,Region12,secondary,Trips total (effective),trips/year,304133869.56521744,SC2,Region 12
SC2,2026,Region12,secondary,Trips total (effective),trips/year,306767112.3770177,SC2,Region 12
SC2,2027,Region12,secondary,Trips total (effective),trips/year,309423154.2533082,SC2,Region 12
SC2,2028,Region12,secondary,Trips total (effective),trips/year,312102192.59227014,SC2,Region 12
SC2,2029,Region12,secondary,Trips total (effective),trips/year,314804426.5011918,SC2,Region 12
SC2,2030,Region12,secondary,Trips total (effective),trips/year,317530056.8112662,SC2,Region 12
SC2,2024,Tehran,secondary,Trips total (effective),trips/year,7382695586.02111,SC2,Tehran
SC2,2025,Tehran,secondary,Trips total (effective),trips/year,7471417647.707886,SC2,Tehran
SC2,2026,Tehran,secondary,Trips total (effective),trips/year,7561195285.04101,SC2,Tehran
SC2,2027,Tehran,secondary,Trips total (effective),trips/year,7651885373.897814,SC2,Tehran
SC2,2028,Tehran,secondary,Trips total (effective),trips/year,7743456722.951093,SC2,Tehran
SC2,2029,Tehran,secondary,Trips total (effective),trips/year,7836057400.944044,SC2,Tehran
SC2,2030,Tehran,secondary,Trips total (effective),trips/year,7929655578.135412,SC2,Tehran
SC3,2024,Region12,main,CO₂ emissions,t/year,223577.78125949905,SC3,Region 12
SC3,2025,Region12,main,CO₂ emissions,t/year,230467.4348119958,SC3,Region 12
SC3,2026,Region12,main,CO₂ emissions,t/year,229419.48416515265,SC3,Region 12
SC3,2027,Region12,main,CO₂ emissions,t/year,227109.67135713567,SC3,Region 12
SC3,2028,Region12,main,CO₂ emissions,t/year,228340.9886907514,SC3,Region 12
SC3,2029,Region12,main,CO₂ emissions,t/year,228298.83006065385,SC3,Region 12
SC3,2030,Region12,main,CO₂ emissions,t/year,230406.7271289385,SC3,Region 12
SC3,2024,Tehran,main,CO₂ emissions,t/year,16046079.35145826,SC3,Tehran
SC3,2025,Tehran,main,CO₂ emissions,t/year,16678433.769860094,SC3,Tehran
SC3,2026,Tehran,main,CO₂ emissions,t/year,16623306.004448764,SC3,Tehran
SC3,2027,Tehran,main,CO₂ emissions,t/year,16967821.75972437,SC3,Tehran
SC3,2028,Tehran,main,CO₂ emissions,t/year,17236824.502359025,SC3,Tehran
SC3,2029,Tehran,main,CO₂ emissions,t/year,17365847.584636495,SC3,Tehran
SC3,2030,Tehran,main,CO₂ emissions,t/year,17562461.86610753,SC3,Tehran
SC3,2024,Region12,main,Climate cost,IRR/year,3353666718892.4854,SC3,Region 12
SC3,2025,Region12,main,Climate cost,IRR/year,3457011522179.937,SC3,Region 12
SC3,2026,Region12,main,Climate cost,IRR/year,3441292262477.2896,SC3,Region 12
SC3,2027,Region12,main,Climate cost,IRR/year,3406645070357.036,SC3,Region 12
SC3,2028,Region12,main,Climate cost,IRR/year,3425114830361.271,SC3,Region 12
SC3,2029,Region12,main,Climate cost,IRR/year,3424482450909.808,SC3,Region 12
SC3,2030,Region12,main,Climate cost,IRR/year,3456100906934.078,SC3,Region 12
SC3,2024,Tehran,main,Climate cost,IRR/year,240691190271873.9,SC3,Tehran
SC3,2025,Tehran,main,Climate cost,IRR/year,250176506547901.4,SC3,Tehran
SC3,2026,Tehran,main,Climate cost,IRR/year,249349590066731.47,SC3,Tehran
SC3,2027,Tehran,main,Climate cost,IRR/year,254517326395865.6,SC3,Tehran
SC3,2028,Tehran,main,Climate cost,IRR/year,258552367535385.38,SC3,Tehran
SC3,2029,Tehran,main,Climate cost,IRR/year,260487713769547.4,SC3,Tehran
SC3,2030,Tehran,main,Climate cost,IRR/year,263436927991612.97,SC3,Tehran
SC3,2024,Region12,main,Congestion index,–,1.156845834718303,SC3,Region 12
SC3,2025,Region12,main,Congestion index,–,1.2083326335898308,SC3,Region 12
SC3,2026,Region12,main,Congestion index,–,1.2031556996105277,SC3,Region 12
SC3,2027,Region12,main,Congestion index,–,1.2261111711953967,SC3,Region 12
SC3,2028,Region12,main,Congestion index,–,1.2408161306821572,SC3,Region 12
SC3,2029,Region12,main,Congestion index,–,1.243068581526512,SC3,Region 12
SC3,2030,Region12,main,Congestion index,–,1.2471059220694556,SC3,Region 12
SC3,2024,Tehran,main,Congestion index,–,0.3794403606699812,SC3,Tehran
SC3,2025,Tehran,main,Congestion index,–,0.3963278049147127,SC3,Tehran
SC3,2026,Tehran,main,Congestion index,–,0.3946297932719169,SC3,Tehran
SC3,2027,Tehran,main,Congestion index,–,0.4021590872850931,SC3,Tehran
SC3,2028,Tehran,main,Congestion index,–,0.4069822495110716,SC3,Tehran
SC3,2029,Tehran,main,Congestion index,–,0.4077210435103442,SC3,Tehran
SC3,2030,Tehran,main,Congestion index,–,0.4090452735034747,SC3,Tehran
SC3,2024,Region12,main,Electricity use,kWh/year,72597412.63742895,SC3,Region 12
SC3,2025,Region12,main,Electricity use,kWh/year,71455473.2155822,SC3,Region 12
SC3,2026,Region12,main,Electricity use,kWh/year,72436400.49835995,SC3,Region 12
SC3,2027,Region12,main,Electricity use,kWh/year,71878563.70448318,SC3,Region 12
SC3,2028,Region12,main,Electricity use,kWh/year,72432105.3705713,SC3,Region 12
SC3,2029,Region12,main,Electricity use,kWh/year,73261827.6293448,SC3,Region 12
SC3,2030,Region12,main,Electricity use,kWh/year,74918617.54807143,SC3,Region 12
SC3,2024,Tehran,main,Electricity use,kWh/year,1010486335.4725728,SC3,Tehran
SC3,2025,Tehran,main,Electricity use,kWh/year,1114912910.2782955,SC3,Tehran
SC3,2026,Tehran,main,Electricity use,kWh/year,1200103366.208338,SC3,Tehran
SC3,2027,Tehran,main,Electricity use,kWh/year,1221138239.4974644,SC3,Tehran
SC3,2028,Tehran,main,Electricity use,kWh/year,1273091782.837809,SC3,Tehran
SC3,2029,Tehran,main,Electricity use,kWh/year,1330308711.6545334,SC3,Tehran
SC3,2030,Tehran,main,Electricity use,kWh/year,1413919342.613393,SC3,Tehran
SC3,2024,Region12,secondary,Energy: CNG,MJ/year,456027744.5131171,SC3,Region 12
SC3,2025,Region12,secondary,Energy: CNG,MJ/year,480218734.1004609,SC3,Region 12
SC3,2026,Region12,secondary,Energy: CNG,MJ/year,486021435.85847545,SC3,Region 12
SC3,2027,Region12,secondary,Energy: CNG,MJ/year,488813729.3152048,SC3,Region 12
SC3,2028,Region12,secondary,Energy: CNG,MJ/year,493755015.5356072,SC3,Region 12
SC3,2029,Region12,secondary,Energy: CNG,MJ/year,494932653.87583876,SC3,Region 12
SC3,2030,Region12,secondary,Energy: CNG,MJ/year,499020677.10410506,SC3,Region 12
SC3,2024,Tehran,secondary,Energy: CNG,MJ/year,28465315896.16287,SC3,Tehran
SC3,2025,Tehran,secondary,Energy: CNG,MJ/year,29344896082.638653,SC3,Tehran
SC3,2026,Tehran,secondary,Energy: CNG,MJ/year,29510878062.73278,SC3,Tehran
SC3,2027,Tehran,secondary,Energy: CNG,MJ/year,30040441472.96223,SC3,Tehran
SC3,2028,Tehran,secondary,Energy: CNG,MJ/year,30526704177.181442,SC3,Tehran
SC3,2029,Tehran,secondary,Energy: CNG,MJ/year,30836932901.285183,SC3,Tehran
SC3,2030,Tehran,secondary,Energy: CNG,MJ/year,31249431768.076206,SC3,Tehran
SC3,2024,Region12,secondary,Energy: diesel,MJ/year,71763352.29105754,SC3,Region 12
SC3,2025,Region12,secondary,Energy: diesel,MJ/year,76611070.83002092,SC3,Region 12
SC3,2026,Region12,secondary,Energy: diesel,MJ/year,78323229.62191267,SC3,Region 12
SC3,2027,Region12,secondary,Energy: diesel,MJ/year,80494231.28505273,SC3,Region 12
SC3,2028,Region12,secondary,Energy: diesel,MJ/year,82120927.29068634,SC3,Region 12
SC3,2029,Region12,secondary,Energy: diesel,MJ/year,83085210.49034998,SC3,Region 12
SC3,2030,Region12,secondary,Energy: diesel,MJ/year,84480480.81048757,SC3,Region 12
SC3,2024,Tehran,secondary,Energy: diesel,MJ/year,1041250850.3839899,SC3,Tehran
SC3,2025,Tehran,secondary,Energy: diesel,MJ/year,1195864688.9890962,SC3,Tehran
SC3,2026,Tehran,secondary,Energy: diesel,MJ/year,1061085166.8942373,SC3,Tehran
SC3,2027,Tehran,secondary,Energy: diesel,MJ/year,1072300948.1978129,SC3,Tehran
SC3,2028,Tehran,secondary,Energy: diesel,MJ/year,1118635492.324562,SC3,Tehran
SC3,2029,Tehran,secondary,Energy: diesel,MJ/year,1132042233.780292,SC3,Tehran
SC3,2030,Tehran,secondary,Energy: diesel,MJ/year,1141411223.6450286,SC3,Tehran
SC3,2024,Region12,secondary,Energy: gasoline,MJ/year,2273857992.283237,SC3,Region 12
SC3,2025,Region12,secondary,Energy: gasoline,MJ/year,2360477834.386785,SC3,Region 12
SC3,2026,Region12,secondary,Energy: gasoline,MJ/year,2330490141.4533687,SC3,Region 12
SC3,2027,Region12,secondary,Energy: gasoline,MJ/year,2296329945.671697,SC3,Region 12
SC3,2028,Region12,secondary,Energy: gasoline,MJ/year,2304356686.96255,SC3,Region 12
SC3,2029,Region12,secondary,Energy: gasoline,MJ/year,2295026065.0981035,SC3,Region 12
SC3,2030,Region12,secondary,Energy: gasoline,MJ/year,2307979835.423854,SC3,Region 12
SC3,2024,Tehran,secondary,Energy: gasoline,MJ/year,205087856455.4507,SC3,Tehran
SC3,2025,Tehran,secondary,Energy: gasoline,MJ/year,212724495046.38416,SC3,Tehran
SC3,2026,Tehran,secondary,Energy: gasoline,MJ/year,211218010572.38196,SC3,Tehran
SC3,2027,Tehran,secondary,Energy: gasoline,MJ/year,215704604567.76767,SC3,Tehran
SC3,2028,Tehran,secondary,Energy: gasoline,MJ/year,218820607063.91266,SC3,Tehran
SC3,2029,Tehran,secondary,Energy: gasoline,MJ/year,219998513705.04846,SC3,Tehran
SC3,2030,Tehran,secondary,Energy: gasoline,MJ/year,221883074462.7496,SC3,Tehran
SC3,2024,Region12,main,Final energy,MJ/year,3062999774.582156,SC3,Region 12
SC3,2025,Region12,main,Final energy,MJ/year,3174547342.893363,SC3,Region 12
SC3,2026,Region12,main,Final energy,MJ/year,3155605848.727853,SC3,Region 12
SC3,2027,Region12,main,Final energy,MJ/year,3124400735.6080947,SC3,Region 12
SC3,2028,Region12,main,Final energy,MJ/year,3140988209.122901,SC3,Region 12
SC3,2029,Region12,main,Final energy,MJ/year,3136786508.929933,SC3,Region 12
SC3,2030,Region12,main,Final energy,MJ/year,3161188016.511504,SC3,Region 12
SC3,2024,Tehran,main,Final energy,MJ/year,238232174009.69888,SC3,Tehran
SC3,2025,Tehran,main,Final energy,MJ/year,247278942295.01376,SC3,Tehran
SC3,2026,Tehran,main,Final energy,MJ/year,246110345920.35892,SC3,Tehran
SC3,2027,Tehran,main,Final energy,MJ/year,251213444651.11865,SC3,Tehran
SC3,2028,Tehran,main,Final energy,MJ/year,255049077151.6348,SC3,Tehran
SC3,2029,Tehran,main,Final energy,MJ/year,256756600202.07028,SC3,Tehran
SC3,2030,Tehran,main,Final energy,MJ/year,259364027087.879,SC3,Tehran
SC3,2024,Region12,main,Health indicator,IRR/year,380061863845420.94,SC3,Region 12
SC3,2025,Region12,main,Health indicator,IRR/year,381750587331497.5,SC3,Region 12
SC3,2026,Region12,main,Health indicator,IRR/year,382818973210754.75,SC3,Region 12
SC3,2027,Region12,main,Health indicator,IRR/year,385365602322403.7,SC3,Region 12
SC3,2028,Region12,main,Health indicator,IRR/year,389190022793175.9,SC3,Region 12
SC3,2029,Region12,main,Health indicator,IRR/year,391127661654453.9,SC3,Region 12
SC3,2030,Region12,main,Health indicator,IRR/year,394059709370584.75,SC3,Region 12
SC3,2024,Tehran,main,Health indicator,IRR/year,1.1365277897353194e+16,SC3,Tehran
SC3,2025,Tehran,main,Health indicator,IRR/year,1.1703453912054086e+16,SC3,Tehran
SC3,2026,Tehran,main,Health indicator,IRR/year,1.1809604653674176e+16,SC3,Tehran
SC3,2027,Tehran,main,Health indicator,IRR/year,1.2065306407093422e+16,SC3,Tehran
SC3,2028,Tehran,main,Health indicator,IRR/year,1.2300223837546882e+16,SC3,Tehran
SC3,2029,Tehran,main,Health indicator,IRR/year,1.248862135225173e+16,SC3,Tehran
SC3,2030,Tehran,main,Health indicator,IRR/year,1.2704519943233168e+16,SC3,Tehran
SC3,2024,Region12,main,Modal share: car,–,0.2198585795004265,SC3,Region 12
SC3,2025,Region12,main,Modal share: car,–,0.2143111837534519,SC3,Region 12
SC3,2026,Region12,main,Modal share: car,–,0.2083151393667079,SC3,Region 12
SC3,2027,Region12,main,Modal share: car,–,0.2069246273261623,SC3,Region 12
SC3,2028,Region12,main,Modal share: car,–,0.2040951045659777,SC3,Region 12
SC3,2029,Region12,main,Modal share: car,–,0.2034774887609332,SC3,Region 12
SC3,2030,Region12,main,Modal share: car,–,0.1996759466131657,SC3,Region 12
SC3,2024,Tehran,main,Modal share: car,–,0.572152462291515,SC3,Tehran
SC3,2025,Tehran,main,Modal share: car,–,0.5639602141508211,SC3,Tehran
SC3,2026,Tehran,main,Modal share: car,–,0.5708987321186189,SC3,Tehran
SC3,2027,Tehran,main,Modal share: car,–,0.5737848010442995,SC3,Tehran
SC3,2028,Tehran,main,Modal share: car,–,0.5714645647983911,SC3,Tehran
SC3,2029,Tehran,main,Modal share: car,–,0.5709412710006433,SC3,Tehran
SC3,2030,Tehran,main,Modal share: car,–,0.5676725093489814,SC3,Tehran
SC3,2024,Region12,main,Modal share: public transport,–,0.3536342603080409,SC3,Region 12
SC3,2025,Region12,main,Modal share: public transport,–,0.35052703165707333,SC3,Region 12
SC3,2026,Region12,main,Modal share: public transport,–,0.3499721129449797,SC3,Region 12
SC3,2027,Region12,main,Modal share: public transport,–,0.34782769918500167,SC3,Region 12
SC3,2028,Region12,main,Modal share: public transport,–,0.3471990519987795,SC3,Region 12
SC3,2029,Region12,main,Modal share: public transport,–,0.34704424994271743,SC3,Region 12
SC3,2030,Region12,main,Modal share: public transport,–,0.3492070650610571,SC3,Region 12
SC3,2024,Tehran,main,Modal share: public transport,–,0.1213753025839129,SC3,Tehran
SC3,2025,Tehran,main,Modal share: public transport,–,0.1278269790185728,SC3,Tehran
SC3,2026,Tehran,main,Modal share: public transport,–,0.12299349823205849,SC3,Tehran
SC3,2027,Tehran,main,Modal share: public transport,–,0.1203933156208466,SC3,Tehran
SC3,2028,Tehran,main,Modal share: public transport,–,0.12140852576176629,SC3,Tehran
SC3,2029,Tehran,main,Modal share: public transport,–,0.12183012779432399,SC3,Tehran
SC3,2030,Tehran,main,Modal share: public transport,–,0.12402447964281649,SC3,Tehran
SC3,2024,Region12,secondary,Municipal budget,IRR/year,11929000000000.002,SC3,Region 12
SC3,2025,Region12,secondary,Municipal budget,IRR/year,14881887352068.6,SC3,Region 12
SC3,2026,Region12,secondary,Municipal budget,IRR/year,18565728154888.03,SC3,Region 12
SC3,2027,Region12,secondary,Municipal budget,IRR/year,23161461565107.89,SC3,Region 12
SC3,2028,Region12,secondary,Municipal budget,IRR/year,28894816155687.996,SC3,Region 12
SC3,2029,Region12,secondary,Municipal budget,IRR/year,36047397023026.29,SC3,Region 12
SC3,2030,Region12,secondary,Municipal budget,IRR/year,44970517380498.805,SC3,Region 12
SC3,2024,Tehran,secondary,Municipal budget,IRR/year,1510000000000000.0,SC3,Tehran
SC3,2025,Tehran,secondary,Municipal budget,IRR/year,1883783209122607.2,SC3,Tehran
SC3,2026,Tehran,secondary,Municipal budget,IRR/year,2350092171504814.0,SC3,Tehran
SC3,2027,Tehran,secondary,Municipal budget,IRR/year,2931830577861758.0,SC3,Tehran
SC3,2028,Tehran,secondary,Municipal budget,IRR/year,3657571665276961.0,SC3,Tehran
SC3,2029,Tehran,secondary,Municipal budget,IRR/year,4562961648484340.0,SC3,Tehran
SC3,2030,Tehran,secondary,Municipal budget,IRR/year,5692470554493519.0,SC3,Tehran
SC3,2024,Region12,main,NOₓ emissions,t/year,858.4094271856591,SC3,Region 12
SC3,2025,Region12,main,NOₓ emissions,t/year,891.1790134888704,SC3,Region 12
SC3,2026,Region12,main,NOₓ emissions,t/year,888.8323053178424,SC3,Region 12
SC3,2027,Region12,main,NOₓ emissions,t/year,883.0093821676988,SC3,Region 12
SC3,2028,Region12,main,NOₓ emissions,t/year,889.370350057253,SC3,Region 12
SC3,2029,Region12,main,NOₓ emissions,t/year,889.3865934242516,SC3,Region 12
SC3,2030,Region12,main,NOₓ emissions,t/year,897.1265425254221,SC3,Region 12
SC3,2024,Tehran,main,NOₓ emissions,t/year,61066.839186799996,SC3,Tehran
SC3,2025,Tehran,main,NOₓ emissions,t/year,63358.68804269867,SC3,Tehran
SC3,2026,Tehran,main,NOₓ emissions,t/year,63003.660741891006,SC3,Tehran
SC3,2027,Tehran,main,NOₓ emissions,t/year,64293.88428021561,SC3,Tehran
SC3,2028,Tehran,main,NOₓ emissions,t/year,65279.66111256604,SC3,Tehran
SC3,2029,Tehran,main,NOₓ emissions,t/year,65709.9512821839,SC3,Tehran
SC3,2030,Tehran,main,NOₓ emissions,t/year,66365.28737342036,SC3,Tehran
SC3,2024,Region12,secondary,Non-public transport trips,trips/year,194894285.66704953,SC3,Region 12
SC3,2025,Region12,secondary,Non-public transport trips,trips/year,197526727.04014224,SC3,Region 12
SC3,2026,Region12,secondary,Non-public transport trips,trips/year,199407177.87640277,SC3,Region 12
SC3,2027,Region12,secondary,Non-public transport trips,trips/year,201797210.43481413,SC3,Region 12
SC3,2028,Region12,secondary,Non-public transport trips,trips/year,203740607.19749343,SC3,Region 12
SC3,2029,Region12,secondary,Non-public transport trips,trips/year,205553360.42743838,SC3,Region 12
SC3,2030,Region12,secondary,Non-public transport trips,trips/year,206646317.6035332,SC3,Region 12
SC3,2024,Tehran,secondary,Non-public transport trips,trips/year,6486618675.382879,SC3,Tehran
SC3,2025,Tehran,secondary,Non-public transport trips,trips/year,6516368900.815335,SC3,Tehran
SC3,2026,Tehran,secondary,Non-public transport trips,trips/year,6631235786.945311,SC3,Tehran
SC3,2027,Tehran,secondary,Non-public transport trips,trips/year,6730609859.4960165,SC3,Tehran
SC3,2028,Tehran,secondary,Non-public transport trips,trips/year,6803239413.655015,SC3,Tehran
SC3,2029,Tehran,secondary,Non-public transport trips,trips/year,6881204486.871195,SC3,Tehran
SC3,2030,Tehran,secondary,Non-public transport trips,trips/year,6945883479.670193,SC3,Tehran
SC3,2024,Region12,main,PCE-weighted VKT,PCE-km/year,958763335.00298,SC3,Region 12
SC3,2025,Region12,main,PCE-weighted VKT,PCE-km/year,997126672.2993344,SC3,Region 12
SC3,2026,Region12,main,PCE-weighted VKT,PCE-km/year,997098997.4872124,SC3,Region 12
SC3,2027,Region12,main,PCE-weighted VKT,PCE-km/year,993326725.0087358,SC3,Region 12
SC3,2028,Region12,main,PCE-weighted VKT,PCE-km/year,1002182305.293255,SC3,Region 12
SC3,2029,Region12,main,PCE-weighted VKT,PCE-km/year,1003369482.4660108,SC3,Region 12
SC3,2030,Region12,main,PCE-weighted VKT,PCE-km/year,1012934130.2465752,SC3,Region 12
SC3,2024,Tehran,main,PCE-weighted VKT,PCE-km/year,67451154411.74255,SC3,Tehran
SC3,2025,Tehran,main,PCE-weighted VKT,PCE-km/year,70314250177.63245,SC3,Tehran
SC3,2026,Tehran,main,PCE-weighted VKT,PCE-km/year,70061268780.15236,SC3,Tehran
SC3,2027,Tehran,main,PCE-weighted VKT,PCE-km/year,71614524123.36816,SC3,Tehran
SC3,2028,Tehran,main,PCE-weighted VKT,PCE-km/year,72841594635.9674,SC3,Tehran
SC3,2029,Tehran,main,PCE-weighted VKT,PCE-km/year,73474133487.5682,SC3,Tehran
SC3,2030,Tehran,main,PCE-weighted VKT,PCE-km/year,74330813517.29355,SC3,Tehran
SC3,2024,Region12,main,PM₂.₅ emissions,t/year,27.7266996861683,SC3,Region 12
SC3,2025,Region12,main,PM₂.₅ emissions,t/year,28.66813417946224,SC3,Region 12
SC3,2026,Region12,main,PM₂.₅ emissions,t/year,29.01939375650115,SC3,Region 12
SC3,2027,Region12,main,PM₂.₅ emissions,t/year,29.13262961162748,SC3,Region 12
SC3,2028,Region12,main,PM₂.₅ emissions,t/year,29.52158710781382,SC3,Region 12
SC3,2029,Region12,main,PM₂.₅ emissions,t/year,29.700708821002394,SC3,Region 12
SC3,2030,Region12,main,PM₂.₅ emissions,t/year,30.10489671913855,SC3,Region 12
SC3,2024,Tehran,main,PM₂.₅ emissions,t/year,1096.392198765381,SC3,Tehran
SC3,2025,Tehran,main,PM₂.₅ emissions,t/year,1133.119925181753,SC3,Tehran
SC3,2026,Tehran,main,PM₂.₅ emissions,t/year,1132.343883697784,SC3,Tehran
SC3,2027,Tehran,main,PM₂.₅ emissions,t/year,1152.922236365048,SC3,Tehran
SC3,2028,Tehran,main,PM₂.₅ emissions,t/year,1172.5585346517967,SC3,Tehran
SC3,2029,Tehran,main,PM₂.₅ emissions,t/year,1183.2800588381588,SC3,Tehran
SC3,2030,Tehran,main,PM₂.₅ emissions,t/year,1199.1283927541665,SC3,Tehran
SC3,2024,Region12,secondary,Population,persons,245721.85714285728,SC3,Region 12
SC3,2025,Region12,secondary,Population,persons,246411.88095238103,SC3,Region 12
SC3,2026,Region12,secondary,Population,persons,247101.90476190465,SC3,Region 12
SC3,2027,Region12,secondary,Population,persons,247791.9285714284,SC3,Region 12
SC3,2028,Region12,secondary,Population,persons,248481.9523809522,SC3,Region 12
SC3,2029,Region12,secondary,Population,persons,249171.976190476,SC3,Region 12
SC3,2030,Region12,secondary,Population,persons,249861.9999999996,SC3,Region 12
SC3,2024,Tehran,secondary,Population,persons,9866616.219206296,SC3,Tehran
SC3,2025,Tehran,secondary,Population,persons,9985188.971210005,SC3,Tehran
SC3,2026,Tehran,secondary,Population,persons,10105200.428780172,SC3,Tehran
SC3,2027,Tehran,secondary,Population,persons,10226315.110723495,SC3,Tehran
SC3,2028,Tehran,secondary,Population,persons,10348610.57406832,SC3,Tehran
SC3,2029,Tehran,secondary,Population,persons,10472230.79259431,SC3,Tehran
SC3,2030,Tehran,secondary,Population,persons,10597143.084859196,SC3,Tehran
SC3,2024,Region12,secondary,Public transport trips,trips/year,106628944.4471131,SC3,Region 12
SC3,2025,Region12,secondary,Public transport trips,trips/year,106607142.52507518,SC3,Region 12
SC3,2026,Region12,secondary,Public transport trips,trips/year,107359934.50061491,SC3,Region 12
SC3,2027,Region12,secondary,Public transport trips,trips/year,107625943.81849405,SC3,Region 12
SC3,2028,Region12,secondary,Public transport trips,trips/year,108361585.39477669,SC3,Region 12
SC3,2029,Region12,secondary,Public transport trips,trips/year,109251066.07375343,SC3,Region 12
SC3,2030,Region12,secondary,Public transport trips,trips/year,110883739.20773299,SC3,Region 12
SC3,2024,Tehran,secondary,Public transport trips,trips/year,896076910.6382303,SC3,Tehran
SC3,2025,Tehran,secondary,Public transport trips,trips/year,955048746.8925503,SC3,Tehran
SC3,2026,Tehran,secondary,Public transport trips,trips/year,929980433.8894525,SC3,Tehran
SC3,2027,Tehran,secondary,Public transport trips,trips/year,921230422.1028386,SC3,Tehran
SC3,2028,Tehran,secondary,Public transport trips,trips/year,940108448.391605,SC3,Tehran
SC3,2029,Tehran,secondary,Public transport trips,trips/year,954642203.6874961,SC3,Tehran
SC3,2030,Tehran,secondary,Public transport trips,trips/year,983428833.5756993,SC3,Tehran
SC3,2024,Region12,main,Time loss (car),hours/year,58853375.8676891,SC3,Region 12
SC3,2025,Region12,main,Time loss (car),hours/year,61883263.84009905,SC3,Region 12
SC3,2026,Region12,main,Time loss (car),hours/year,60271118.12594498,SC3,Region 12
SC3,2027,Region12,main,Time loss (car),hours/year,62180510.39410045,SC3,Region 12
SC3,2028,Region12,main,Time loss (car),hours/year,63016699.57684741,SC3,Region 12
SC3,2029,Region12,main,Time loss (car),hours/year,63548811.839003496,SC3,Region 12
SC3,2030,Region12,main,Time loss (car),hours/year,63219356.70824882,SC3,Region 12
SC3,2024,Tehran,main,Time loss (car),hours/year,799441386.5936664,SC3,Tehran
SC3,2025,Tehran,main,Time loss (car),hours/year,882659924.4617256,SC3,Tehran
SC3,2026,Tehran,main,Time loss (car),hours/year,875640072.5358465,SC3,Tehran
SC3,2027,Tehran,main,Time loss (car),hours/year,919087475.15704,SC3,Tehran
SC3,2028,Tehran,main,Time loss (car),hours/year,949245597.8750052,SC3,Tehran
SC3,2029,Tehran,main,Time loss (car),hours/year,958940501.222027,SC3,Tehran
SC3,2030,Tehran,main,Time loss (car),hours/year,973553860.0011814,SC3,Tehran
SC3,2024,Region12,secondary,Trips total (effective),trips/year,301523230.1141626,SC3,Region 12
SC3,2025,Region12,secondary,Trips total (effective),trips/year,304133869.56521744,SC3,Region 12
SC3,2026,Region12,secondary,Trips total (effective),trips/year,306767112.3770177,SC3,Region 12
SC3,2027,Region12,secondary,Trips total (effective),trips/year,309423154.2533082,SC3,Region 12
SC3,2028,Region12,secondary,Trips total (effective),trips/year,312102192.59227014,SC3,Region 12
SC3,2029,Region12,secondary,Trips total (effective),trips/year,314804426.5011918,SC3,Region 12
SC3,2030,Region12,secondary,Trips total (effective),trips/year,317530056.8112662,SC3,Region 12
SC3,2024,Tehran,secondary,Trips total (effective),trips/year,7382695586.02111,SC3,Tehran
SC3,2025,Tehran,secondary,Trips total (effective),trips/year,7471417647.707886,SC3,Tehran
SC3,2026,Tehran,secondary,Trips total (effective),trips/year,7561216220.834764,SC3,Tehran
SC3,2027,Tehran,secondary,Trips total (effective),trips/year,7651840281.598855,SC3,Tehran
SC3,2028,Tehran,secondary,Trips total (effective),trips/year,7743347862.04662,SC3,Tehran
SC3,2029,Tehran,secondary,Trips total (effective),trips/year,7835846690.558691,SC3,Tehran
SC3,2030,Tehran,secondary,Trips total (effective),trips/year,7929312313.245893,SC3,Tehran
SC4,2024,Region12,main,CO₂ emissions,t/year,224768.97855707348,SC4,Region 12
SC4,2025,Region12,main,CO₂ emissions,t/year,228054.903002344,SC4,Region 12
SC4,2026,Region12,main,CO₂ emissions,t/year,225639.2418912221,SC4,Region 12
SC4,2027,Region12,main,CO₂ emissions,t/year,224747.2778007779,SC4,Region 12
SC4,2028,Region12,main,CO₂ emissions,t/year,225676.9735598104,SC4,Region 12
SC4,2029,Region12,main,CO₂ emissions,t/year,228106.255170892,SC4,Region 12
SC4,2030,Region12,main,CO₂ emissions,t/year,230355.6298863827,SC4,Region 12
SC4,2024,Tehran,main,CO₂ emissions,t/year,16086757.593088754,SC4,Tehran
SC4,2025,Tehran,main,CO₂ emissions,t/year,16532631.523063503,SC4,Tehran
SC4,2026,Tehran,main,CO₂ emissions,t/year,16463084.988410331,SC4,Tehran
SC4,2027,Tehran,main,CO₂ emissions,t/year,16843509.025525156,SC4,Tehran
SC4,2028,Tehran,main,CO₂ emissions,t/year,17101329.403920423,SC4,Tehran
SC4,2029,Tehran,main,CO₂ emissions,t/year,17292878.267048065,SC4,Tehran
SC4,2030,Tehran,main,CO₂ emissions,t/year,17481219.60922192,SC4,Tehran
SC4,2024,Region12,main,Climate cost,IRR/year,3371534678356.102,SC4,Region 12
SC4,2025,Region12,main,Climate cost,IRR/year,3420823545035.16,SC4,Region 12
SC4,2026,Region12,main,Climate cost,IRR/year,3384588628368.3315,SC4,Region 12
SC4,2027,Region12,main,Climate cost,IRR/year,3371209167011.6685,SC4,Region 12
SC4,2028,Region12,main,Climate cost,IRR/year,3385154603397.156,SC4,Region 12
SC4,2029,Region12,main,Climate cost,IRR/year,3421593827563.3804,SC4,Region 12
SC4,2030,Region12,main,Climate cost,IRR/year,3455334448295.74,SC4,Region 12
SC4,2024,Tehran,main,Climate cost,IRR/year,241301363896331.3,SC4,Tehran
SC4,2025,Tehran,main,Climate cost,IRR/year,247989472845952.56,SC4,Tehran
SC4,2026,Tehran,main,Climate cost,IRR/year,246946274826155.0,SC4,Tehran
SC4,2027,Tehran,main,Climate cost,IRR/year,252652635382877.3,SC4,Tehran
SC4,2028,Tehran,main,Climate cost,IRR/year,256519941058806.4,SC4,Tehran
SC4,2029,Tehran,main,Climate cost,IRR/year,259393174005720.97,SC4,Tehran
SC4,2030,Tehran,main,Climate cost,IRR/year,262218294138328.8,SC4,Tehran
SC4,2024,Region12,main,Congestion index,–,1.1549157887938952,SC4,Region 12
SC4,2025,Region12,main,Congestion index,–,1.193585568940794,SC4,Region 12
SC4,2026,Region12,main,Congestion index,–,1.187240136480469,SC4,Region 12
SC4,2027,Region12,main,Congestion index,–,1.212716504379326,SC4,Region 12
SC4,2028,Region12,main,Congestion index,–,1.2271539620399068,SC4,Region 12
SC4,2029,Region12,main,Congestion index,–,1.233601861460552,SC4,Region 12
SC4,2030,Region12,main,Congestion index,–,1.236777684451792,SC4,Region 12
SC4,2024,Tehran,main,Congestion index,–,0.3788073140706084,SC4,Tehran
SC4,2025,Tehran,main,Congestion index,–,0.3914908323801515,SC4,Tehran
SC4,2026,Tehran,main,Congestion index,–,0.3894095583597985,SC4,Tehran
SC4,2027,Tehran,main,Congestion index,–,0.3977656953090726,SC4,Tehran
SC4,2028,Tehran,main,Congestion index,–,0.4025011181091403,SC4,Tehran
SC4,2029,Tehran,main,Congestion index,–,0.4046160008431297,SC4,Tehran
SC4,2030,Tehran,main,Congestion index,–,0.4056576568573156,SC4,Tehran
SC4,2024,Region12,main,Electricity use,kWh/year,77290475.35029031,SC4,Region 12
SC4,2025,Region12,main,Electricity use,kWh/year,76016437.55366452,SC4,Region 12
SC4,2026,Region12,main,Electricity use,kWh/year,76552949.04219685,SC4,Region 12
SC4,2027,Region12,main,Electricity use,kWh/year,75973774.2455758,SC4,Region 12
SC4,2028,Region12,main,Electricity use,kWh/year,75386830.37010467,SC4,Region 12
SC4,2029,Region12,main,Electricity use,kWh/year,76280618.03163266,SC4,Region 12
SC4,2030,Region12,main,Electricity use,kWh/year,77449123.5791606,SC4,Region 12
SC4,2024,Tehran,main,Electricity use,kWh/year,1102438011.9496982,SC4,Tehran
SC4,2025,Tehran,main,Electricity use,kWh/year,1208118810.6320271,SC4,Tehran
SC4,2026,Tehran,main,Electricity use,kWh/year,1290140697.8344932,SC4,Tehran
SC4,2027,Tehran,main,Electricity use,kWh/year,1309775983.17261,SC4,Tehran
SC4,2028,Tehran,main,Electricity use,kWh/year,1343541766.7947264,SC4,Tehran
SC4,2029,Tehran,main,Electricity use,kWh/year,1402649303.798451,SC4,Tehran
SC4,2030,Tehran,main,Electricity use,kWh/year,1483336198.521371,SC4,Tehran
SC4,2024,Region12,secondary,Energy: CNG,MJ/year,443610321.4477029,SC4,Region 12
SC4,2025,Region12,secondary,Energy: CNG,MJ/year,463969245.1142704,SC4,Region 12
SC4,2026,Region12,secondary,Energy: CNG,MJ/year,468151791.4411977,SC4,Region 12
SC4,2027,Region12,secondary,Energy: CNG,MJ/year,472146249.53888667,SC4,Region 12
SC4,2028,Region12,secondary,Energy: CNG,MJ/year,478249022.0446826,SC4,Region 12
SC4,2029,Region12,secondary,Energy: CNG,MJ/year,481559446.7617063,SC4,Region 12
SC4,2030,Region12,secondary,Energy: CNG,MJ/year,485521233.88842547,SC4,Region 12
SC4,2024,Tehran,secondary,Energy: CNG,MJ/year,28262471356.357227,SC4,Tehran
SC4,2025,Tehran,secondary,Energy: CNG,MJ/year,28957771907.913937,SC4,Tehran
SC4,2026,Tehran,secondary,Energy: CNG,MJ/year,29087825557.374256,SC4,Tehran
SC4,2027,Tehran,secondary,Energy: CNG,MJ/year,29651331605.763012,SC4,Tehran
SC4,2028,Tehran,secondary,Energy: CNG,MJ/year,30123154338.259743,SC4,Tehran
SC4,2029,Tehran,secondary,Energy: CNG,MJ/year,30485951827.42866,SC4,Tehran
SC4,2030,Tehran,secondary,Energy: CNG,MJ/year,30844352327.169895,SC4,Tehran
SC4,2024,Region12,secondary,Energy: diesel,MJ/year,77100232.01129682,SC4,Region 12
SC4,2025,Region12,secondary,Energy: diesel,MJ/year,82310361.49676974,SC4,Region 12
SC4,2026,Region12,secondary,Energy: diesel,MJ/year,83684011.1210515,SC4,Region 12
SC4,2027,Region12,secondary,Energy: diesel,MJ/year,86033419.70257774,SC4,Region 12
SC4,2028,Region12,secondary,Energy: diesel,MJ/year,86604779.90021999,SC4,Region 12
SC4,2029,Region12,secondary,Energy: diesel,MJ/year,87603804.24536146,SC4,Region 12
SC4,2030,Region12,secondary,Energy: diesel,MJ/year,88409591.05201371,SC4,Region 12
SC4,2024,Tehran,secondary,Energy: diesel,MJ/year,1146376395.0563562,SC4,Tehran
SC4,2025,Tehran,secondary,Energy: diesel,MJ/year,1315669266.9219272,SC4,Tehran
SC4,2026,Tehran,secondary,Energy: diesel,MJ/year,1163939141.9895337,SC4,Tehran
SC4,2027,Tehran,secondary,Energy: diesel,MJ/year,1176556133.9771652,SC4,Tehran
SC4,2028,Tehran,secondary,Energy: diesel,MJ/year,1209765904.5040052,SC4,Tehran
SC4,2029,Tehran,secondary,Energy: diesel,MJ/year,1224236988.5837777,SC4,Tehran
SC4,2030,Tehran,secondary,Energy: diesel,MJ/year,1228523464.781059,SC4,Tehran
SC4,2024,Region12,secondary,Energy: gasoline,MJ/year,2257904376.8547177,SC4,Region 12
SC4,2025,Region12,secondary,Energy: gasoline,MJ/year,2294993830.7982154,SC4,Region 12
SC4,2026,Region12,secondary,Energy: gasoline,MJ/year,2250042963.9369583,SC4,Region 12
SC4,2027,Region12,secondary,Energy: gasoline,MJ/year,2235885752.42744,SC4,Region 12
SC4,2028,Region12,secondary,Energy: gasoline,MJ/year,2248872763.22536,SC4,Region 12
SC4,2029,Region12,secondary,Energy: gasoline,MJ/year,2273838211.372958,SC4,Region 12
SC4,2030,Region12,secondary,Energy: gasoline,MJ/year,2293571353.061458,SC4,Region 12
SC4,2024,Tehran,secondary,Energy: gasoline,MJ/year,204998468570.4897,SC4,Tehran
SC4,2025,Tehran,secondary,Energy: gasoline,MJ/year,209998981559.42963,SC4,Tehran
SC4,2026,Tehran,secondary,Energy: gasoline,MJ/year,208351505482.74133,SC4,Tehran
SC4,2027,Tehran,secondary,Energy: gasoline,MJ/year,213352045885.14975,SC4,Tehran
SC4,2028,Tehran,secondary,Energy: gasoline,MJ/year,216475841180.87994,SC4,Tehran
SC4,2029,Tehran,secondary,Energy: gasoline,MJ/year,218520159176.19666,SC4,Tehran
SC4,2030,Tehran,secondary,Energy: gasoline,MJ/year,220355320995.04926,SC4,Tehran
SC4,2024,Region12,main,Final energy,MJ/year,3056860641.5747623,SC4,Region 12
SC4,2025,Region12,main,Final energy,MJ/year,3114932612.6024485,SC4,Region 12
SC4,2026,Region12,main,Final energy,MJ/year,3077469383.051116,SC4,Region 12
SC4,2027,Region12,main,Final energy,MJ/year,3067571008.952977,SC4,Region 12
SC4,2028,Region12,main,Final energy,MJ/year,3085119154.50264,SC4,Region 12
SC4,2029,Region12,main,Final energy,MJ/year,3117611687.293904,SC4,Region 12
SC4,2030,Region12,main,Final energy,MJ/year,3146319022.886876,SC4,Region 12
SC4,2024,Tehran,main,Final energy,MJ/year,238376093164.9222,SC4,Tehran
SC4,2025,Tehran,main,Final energy,MJ/year,244621650452.5408,SC4,Tehran
SC4,2026,Tehran,main,Final energy,MJ/year,243247776694.30927,SC4,Tehran
SC4,2027,Tehran,main,Final energy,MJ/year,248895127164.3113,SC4,Tehran
SC4,2028,Tehran,main,Final energy,MJ/year,252645511784.1047,SC4,Tehran
SC4,2029,Tehran,main,Final energy,MJ/year,255279885485.88354,SC4,Tehran
SC4,2030,Tehran,main,Final energy,MJ/year,257768207101.67712,SC4,Tehran
SC4,2024,Region12,main,Health indicator,IRR/year,379712646100943.7,SC4,Region 12
SC4,2025,Region12,main,Health indicator,IRR/year,378630640494666.6,SC4,Region 12
SC4,2026,Region12,main,Health indicator,IRR/year,378735112660246.4,SC4,Region 12
SC4,2027,Region12,main,Health indicator,IRR/year,382090821563787.56,SC4,Region 12
SC4,2028,Region12,main,Health indicator,IRR/year,385919495822787.44,SC4,Region 12
SC4,2029,Region12,main,Health indicator,IRR/year,389283282710273.9,SC4,Region 12
SC4,2030,Region12,main,Health indicator,IRR/year,392260608781064.94,SC4,Region 12
SC4,2024,Tehran,main,Health indicator,IRR/year,1.1370908884556204e+16,SC4,Tehran
SC4,2025,Tehran,main,Health indicator,IRR/year,1.1646540427772964e+16,SC4,Tehran
SC4,2026,Tehran,main,Health indicator,IRR/year,1.174623880884236e+16,SC4,Tehran
SC4,2027,Tehran,main,Health indicator,IRR/year,1.2014338735729684e+16,SC4,Tehran
SC4,2028,Tehran,main,Health indicator,IRR/year,1.2245951121768532e+16,SC4,Tehran
SC4,2029,Tehran,main,Health indicator,IRR/year,1.2455623965241e+16,SC4,Tehran
SC4,2030,Tehran,main,Health indicator,IRR/year,1.266736053507066e+16,SC4,Tehran
SC4,2024,Region12,main,Modal share: car,–,0.2142238359737201,SC4,Region 12
SC4,2025,Region12,main,Modal share: car,–,0.2073101470216055,SC4,Region 12
SC4,2026,Region12,main,Modal share: car,–,0.2036591256546763,SC4,Region 12
SC4,2027,Region12,main,Modal share: car,–,0.202955802551243,SC4,Region 12
SC4,2028,Region12,main,Modal share: car,–,0.2040397180340676,SC4,Region 12
SC4,2029,Region12,main,Modal share: car,–,0.2045920851807171,SC4,Region 12
SC4,2030,Region12,main,Modal share: car,–,0.2044912559353205,SC4,Region 12
SC4,2024,Tehran,main,Modal share: car,–,0.5648283242028772,SC4,Tehran
SC4,2025,Tehran,main,Modal share: car,–,0.5563404078742904,SC4,Tehran
SC4,2026,Tehran,main,Modal share: car,–,0.5647450739263029,SC4,Tehran
SC4,2027,Tehran,main,Modal share: car,–,0.5677441721449222,SC4,Tehran
SC4,2028,Tehran,main,Modal share: car,–,0.5678061754810925,SC4,Tehran
SC4,2029,Tehran,main,Modal share: car,–,0.5672687105056509,SC4,Tehran
SC4,2030,Tehran,main,Modal share: car,–,0.5655586678531269,SC4,Tehran
SC4,2024,Region12,main,Modal share: public transport,–,0.3698718645452973,SC4,Region 12
SC4,2025,Region12,main,Modal share: public transport,–,0.3714588311832313,SC4,Region 12
SC4,2026,Region12,main,Modal share: public transport,–,0.37084664134219747,SC4,Region 12
SC4,2027,Region12,main,Modal share: public transport,–,0.3686613507541068,SC4,Region 12
SC4,2028,Region12,main,Modal share: public transport,–,0.3643096405601156,SC4,Region 12
SC4,2029,Region12,main,Modal share: public transport,–,0.3630644617498378,SC4,Region 12
SC4,2030,Region12,main,Modal share: public transport,–,0.36314482280371063,SC4,Region 12
SC4,2024,Tehran,main,Modal share: public transport,–,0.1325911868171592,SC4,Tehran
SC4,2025,Tehran,main,Modal share: public transport,–,0.1395781148296769,SC4,Tehran
SC4,2026,Tehran,main,Modal share: public transport,–,0.1338666989382354,SC4,Tehran
SC4,2027,Tehran,main,Modal share: public transport,–,0.1310727185565102,SC4,Tehran
SC4,2028,Tehran,main,Modal share: public transport,–,0.13012254308536758,SC4,Tehran
SC4,2029,Tehran,main,Modal share: public transport,–,0.1305694010552119,SC4,Tehran
SC4,2030,Tehran,main,Modal share: public transport,–,0.1322929666516614,SC4,Tehran
SC4,2024,Region12,secondary,Municipal budget,IRR/year,11929000000000.002,SC4,Region 12
SC4,2025,Region12,secondary,Municipal budget,IRR/year,14881887352068.6,SC4,Region 12
SC4,2026,Region12,secondary,Municipal budget,IRR/year,18565728154888.03,SC4,Region 12
SC4,2027,Region12,secondary,Municipal budget,IRR/year,23161461565107.89,SC4,Region 12
SC4,2028,Region12,secondary,Municipal budget,IRR/year,28894816155687.996,SC4,Region 12
SC4,2029,Region12,secondary,Municipal budget,IRR/year,36047397023026.29,SC4,Region 12
SC4,2030,Region12,secondary,Municipal budget,IRR/year,44970517380498.805,SC4,Region 12
SC4,2024,Tehran,secondary,Municipal budget,IRR/year,1510000000000000.0,SC4,Tehran
SC4,2025,Tehran,secondary,Municipal budget,IRR/year,1883783209122607.2,SC4,Tehran
SC4,2026,Tehran,secondary,Municipal budget,IRR/year,2350092171504814.0,SC4,Tehran
SC4,2027,Tehran,secondary,Municipal budget,IRR/year,2931830577861758.0,SC4,Tehran
SC4,2028,Tehran,secondary,Municipal budget,IRR/year,3657571665276961.0,SC4,Tehran
SC4,2029,Tehran,secondary,Municipal budget,IRR/year,4562961648484340.0,SC4,Tehran
SC4,2030,Tehran,secondary,Municipal budget,IRR/year,5692470554493519.0,SC4,Tehran
SC4,2024,Region12,main,NOₓ emissions,t/year,854.9775666922927,SC4,Region 12
SC4,2025,Region12,main,NOₓ emissions,t/year,874.2516548427022,SC4,Region 12
SC4,2026,Region12,main,NOₓ emissions,t/year,866.6175157792868,SC4,Region 12
SC4,2027,Region12,main,NOₓ emissions,t/year,866.227581425363,SC4,Region 12
SC4,2028,Region12,main,NOₓ emissions,t/year,872.4875027277432,SC4,Region 12
SC4,2029,Region12,main,NOₓ emissions,t/year,881.7670407595077,SC4,Region 12
SC4,2030,Region12,main,NOₓ emissions,t/year,889.7668249447164,SC4,Region 12
SC4,2024,Tehran,main,NOₓ emissions,t/year,61112.26849158255,SC4,Tehran
SC4,2025,Tehran,main,NOₓ emissions,t/year,62698.97040528441,SC4,Tehran
SC4,2026,Tehran,main,NOₓ emissions,t/year,62284.31772737397,SC4,Tehran
SC4,2027,Tehran,main,NOₓ emissions,t/year,63713.38104020751,SC4,Tehran
SC4,2028,Tehran,main,NOₓ emissions,t/year,64674.479368848115,SC4,Tehran
SC4,2029,Tehran,main,NOₓ emissions,t/year,65339.42705910789,SC4,Tehran
SC4,2030,Tehran,main,NOₓ emissions,t/year,65959.40668657998,SC4,Tehran
SC4,2024,Region12,secondary,Non-public transport trips,trips/year,189998270.78811657,SC4,Region 12
SC4,2025,Region12,secondary,Non-public transport trips,trips/year,191160657.85328844,SC4,Region 12
SC4,2026,Region12,secondary,Non-public transport trips,trips/year,193003559.07775623,SC4,Region 12
SC4,2027,Region12,secondary,Non-public transport trips,trips/year,195350796.25168723,SC4,Region 12
SC4,2028,Region12,secondary,Non-public transport trips,trips/year,198400354.99095625,SC4,Region 12
SC4,2029,Region12,secondary,Non-public transport trips,trips/year,200510126.83707023,SC4,Region 12
SC4,2030,Region12,secondary,Non-public transport trips,trips/year,202220660.59568673,SC4,Region 12
SC4,2024,Tehran,secondary,Non-public transport trips,trips/year,6403806242.865304,SC4,Tehran
SC4,2025,Tehran,secondary,Non-public transport trips,trips/year,6428652270.161493,SC4,Tehran
SC4,2026,Tehran,secondary,Non-public transport trips,trips/year,6549205355.963439,SC4,Tehran
SC4,2027,Tehran,secondary,Non-public transport trips,trips/year,6649162840.230723,SC4,Tehran
SC4,2028,Tehran,secondary,Non-public transport trips,trips/year,6736126517.029369,SC4,Tehran
SC4,2029,Tehran,secondary,Non-public transport trips,trips/year,6813147698.577783,SC4,Tehran
SC4,2030,Tehran,secondary,Non-public transport trips,trips/year,6880810007.533035,SC4,Tehran
SC4,2024,Region12,main,PCE-weighted VKT,PCE-km/year,945361417.0341792,SC4,Region 12
SC4,2025,Region12,main,PCE-weighted VKT,PCE-km/year,969998483.0759356,SC4,Region 12
SC4,2026,Region12,main,PCE-weighted VKT,PCE-km/year,964338006.6924,SC4,Region 12
SC4,2027,Region12,main,PCE-weighted VKT,PCE-km/year,966200012.260001,SC4,Region 12
SC4,2028,Region12,main,PCE-weighted VKT,PCE-km/year,976073137.3355376,SC4,Region 12
SC4,2029,Region12,main,PCE-weighted VKT,PCE-km/year,986803867.1051116,SC4,Region 12
SC4,2030,Region12,main,PCE-weighted VKT,PCE-km/year,996450028.7771682,SC4,Region 12
SC4,2024,Tehran,main,PCE-weighted VKT,PCE-km/year,67338620985.280685,SC4,Tehran
SC4,2025,Tehran,main,PCE-weighted VKT,PCE-km/year,69456101713.9619,SC4,Tehran
SC4,2026,Tehran,main,PCE-weighted VKT,PCE-km/year,69134485532.89397,SC4,Tehran
SC4,2027,Tehran,main,PCE-weighted VKT,PCE-km/year,70832170359.4034,SC4,Tehran
SC4,2028,Tehran,main,PCE-weighted VKT,PCE-km/year,72039562710.7861,SC4,Tehran
SC4,2029,Tehran,main,PCE-weighted VKT,PCE-km/year,72914583464.22064,SC4,Tehran
SC4,2030,Tehran,main,PCE-weighted VKT,PCE-km/year,73715223220.80382,SC4,Tehran
SC4,2024,Region12,main,PM₂.₅ emissions,t/year,27.484882000607158,SC4,Region 12
SC4,2025,Region12,main,PM₂.₅ emissions,t/year,28.21490884959593,SC4,Region 12
SC4,2026,Region12,main,PM₂.₅ emissions,t/year,28.388185805476628,SC4,Region 12
SC4,2027,Region12,main,PM₂.₅ emissions,t/year,28.575250541094512,SC4,Region 12
SC4,2028,Region12,main,PM₂.₅ emissions,t/year,28.881160072685557,SC4,Region 12
SC4,2029,Region12,main,PM₂.₅ emissions,t/year,29.19055994574756,SC4,Region 12
SC4,2030,Region12,main,PM₂.₅ emissions,t/year,29.470595049372502,SC4,Region 12
SC4,2024,Tehran,main,PM₂.₅ emissions,t/year,1099.554959919564,SC4,Tehran
SC4,2025,Tehran,main,PM₂.₅ emissions,t/year,1126.309516091257,SC4,Tehran
SC4,2026,Tehran,main,PM₂.₅ emissions,t/year,1123.8728729374543,SC4,Tehran
SC4,2027,Tehran,main,PM₂.₅ emissions,t/year,1146.419366102261,SC4,Tehran
SC4,2028,Tehran,main,PM₂.₅ emissions,t/year,1164.4138957088924,SC4,Tehran
SC4,2029,Tehran,main,PM₂.₅ emissions,t/year,1178.5308602566547,SC4,Tehran
SC4,2030,Tehran,main,PM₂.₅ emissions,t/year,1192.8330583124164,SC4,Tehran
SC4,2024,Region12,secondary,Population,persons,245721.85714285728,SC4,Region 12
SC4,2025,Region12,secondary,Population,persons,246411.88095238103,SC4,Region 12
SC4,2026,Region12,secondary,Population,persons,247101.90476190465,SC4,Region 12
SC4,2027,Region12,secondary,Population,persons,247791.9285714284,SC4,Region 12
SC4,2028,Region12,secondary,Population,persons,248481.9523809522,SC4,Region 12
SC4,2029,Region12,secondary,Population,persons,249171.976190476,SC4,Region 12
SC4,2030,Region12,secondary,Population,persons,249861.9999999996,SC4,Region 12
SC4,2024,Tehran,secondary,Population,persons,9866602.393380145,SC4,Tehran
SC4,2025,Tehran,secondary,Population,persons,9985314.804516172,SC4,Tehran
SC4,2026,Tehran,secondary,Population,persons,10105484.636538949,SC4,Tehran
SC4,2027,Tehran,secondary,Population,persons,10226730.485612398,SC4,Tehran
SC4,2028,Tehran,secondary,Population,persons,10349167.923426569,SC4,Tehran
SC4,2029,Tehran,secondary,Population,persons,10472880.729149863,SC4,Tehran
SC4,2030,Tehran,secondary,Population,persons,10597897.701445708,SC4,Tehran
SC4,2024,Region12,secondary,Public transport trips,trips/year,111524959.32604606,SC4,Region 12
SC4,2025,Region12,secondary,Public transport trips,trips/year,112973211.711929,SC4,Region 12
SC4,2026,Region12,secondary,Public transport trips,trips/year,113763553.29926147,SC4,Region 12
SC4,2027,Region12,secondary,Public transport trips,trips/year,114072358.00162093,SC4,Region 12
SC4,2028,Region12,secondary,Public transport trips,trips/year,113701837.6013139,SC4,Region 12
SC4,2029,Region12,secondary,Public transport trips,trips/year,114294299.66412158,SC4,Region 12
SC4,2030,Region12,secondary,Public transport trips,trips/year,115309396.21557944,SC4,Region 12
SC4,2024,Tehran,secondary,Public transport trips,trips/year,978878997.9813877,SC4,Tehran
SC4,2025,Tehran,secondary,Public transport trips,trips/year,1042859532.3177316,SC4,Tehran
SC4,2026,Tehran,secondary,Public transport trips,trips/year,1012223523.3268291,SC4,Tehran
SC4,2027,Tehran,secondary,Public transport trips,trips/year,1002988245.6287531,SC4,Tehran
SC4,2028,Tehran,secondary,Public transport trips,trips/year,1007638381.674559,SC4,Tehran
SC4,2029,Tehran,secondary,Public transport trips,trips/year,1023185307.0086029,SC4,Tehran
SC4,2030,Tehran,secondary,Public transport trips,trips/year,1049066947.5737156,SC4,Tehran
SC4,2024,Region12,main,Time loss (car),hours/year,57198123.8557382,SC4,Region 12
SC4,2025,Region12,main,Time loss (car),hours/year,58736231.69730163,SC4,Region 12
SC4,2026,Region12,main,Time loss (car),hours/year,57724516.44820644,SC4,Region 12
SC4,2027,Region12,main,Time loss (car),hours/year,59958662.73490402,SC4,Region 12
SC4,2028,Region12,main,Time loss (car),hours/year,61926056.17005,SC4,Region 12
SC4,2029,Region12,main,Time loss (car),hours/year,63142682.97252221,SC4,Region 12
SC4,2030,Region12,main,Time loss (car),hours/year,63912622.56987289,SC4,Region 12
SC4,2024,Tehran,main,Time loss (car),hours/year,797740241.3977232,SC4,Tehran
SC4,2025,Tehran,main,Time loss (car),hours/year,857755665.3409795,SC4,Tehran
SC4,2026,Tehran,main,Time loss (car),hours/year,849215791.2812834,SC4,Tehran
SC4,2027,Tehran,main,Time loss (car),hours/year,896467162.5089067,SC4,Tehran
SC4,2028,Tehran,main,Time loss (car),hours/year,926001834.2151556,SC4,Tehran
SC4,2029,Tehran,main,Time loss (car),hours/year,943518358.4660614,SC4,Tehran
SC4,2030,Tehran,main,Time loss (car),hours/year,957042476.9971616,SC4,Tehran
SC4,2024,Region12,secondary,Trips total (effective),trips/year,301523230.1141626,SC4,Region 12
SC4,2025,Region12,secondary,Trips total (effective),trips/year,304133869.56521744,SC4,Region 12
SC4,2026,Region12,secondary,Trips total (effective),trips/year,306767112.3770177,SC4,Region 12
SC4,2027,Region12,secondary,Trips total (effective),trips/year,309423154.2533082,SC4,Region 12
SC4,2028,Region12,secondary,Trips total (effective),trips/year,312102192.59227014,SC4,Region 12
SC4,2029,Region12,secondary,Trips total (effective),trips/year,314804426.5011918,SC4,Region 12
SC4,2030,Region12,secondary,Trips total (effective),trips/year,317530056.8112662,SC4,Region 12
SC4,2024,Tehran,secondary,Trips total (effective),trips/year,7382685240.846692,SC4,Tehran
SC4,2025,Tehran,secondary,Trips total (effective),trips/year,7471511802.479225,SC4,Tehran
SC4,2026,Tehran,secondary,Trips total (effective),trips/year,7561428879.290268,SC4,Tehran
SC4,2027,Tehran,secondary,Trips total (effective),trips/year,7652151085.859476,SC4,Tehran
SC4,2028,Tehran,secondary,Trips total (effective),trips/year,7743764898.703928,SC4,Tehran
SC4,2029,Tehran,secondary,Trips total (effective),trips/year,7836333005.586386,SC4,Tehran
SC4,2030,Tehran,secondary,Trips total (effective),trips/year,7929876955.1067505,SC4,Tehran
SC5,2024,Region12,main,CO₂ emissions,t/year,225174.26872735933,SC5,Region 12
SC5,2025,Region12,main,CO₂ emissions,t/year,227491.50879371216,SC5,Region 12
SC5,2026,Region12,main,CO₂ emissions,t/year,226446.700009865,SC5,Region 12
SC5,2027,Region12,main,CO₂ emissions,t/year,226114.5239671633,SC5,Region 12
SC5,2028,Region12,main,CO₂ emissions,t/year,227258.12535415887,SC5,Region 12
SC5,2029,Region12,main,CO₂ emissions,t/year,229015.4217628271,SC5,Region 12
SC5,2030,Region12,main,CO₂ emissions,t/year,230947.20333452887,SC5,Region 12
SC5,2024,Tehran,main,CO₂ emissions,t/year,16092378.851927496,SC5,Tehran
SC5,2025,Tehran,main,CO₂ emissions,t/year,16671597.31709432,SC5,Tehran
SC5,2026,Tehran,main,CO₂ emissions,t/year,15738830.494068488,SC5,Tehran
SC5,2027,Tehran,main,CO₂ emissions,t/year,15911904.863235682,SC5,Tehran
SC5,2028,Tehran,main,CO₂ emissions,t/year,16151456.24213666,SC5,Tehran
SC5,2029,Tehran,main,CO₂ emissions,t/year,16273080.251131631,SC5,Tehran
SC5,2030,Tehran,main,CO₂ emissions,t/year,16454942.298182797,SC5,Tehran
SC5,2024,Region12,main,Climate cost,IRR/year,3377614030910.39,SC5,Region 12
SC5,2025,Region12,main,Climate cost,IRR/year,3412372631905.682,SC5,Region 12
SC5,2026,Region12,main,Climate cost,IRR/year,3396700500147.9746,SC5,Region 12
SC5,2027,Region12,main,Climate cost,IRR/year,3391717859507.4497,SC5,Region 12
SC5,2028,Region12,main,Climate cost,IRR/year,3408871880312.3843,SC5,Region 12
SC5,2029,Region12,main,Climate cost,IRR/year,3435231326442.4067,SC5,Region 12
SC5,2030,Region12,main,Climate cost,IRR/year,3464208050017.934,SC5,Region 12
SC5,2024,Tehran,main,Climate cost,IRR/year,241385682778912.4,SC5,Tehran
SC5,2025,Tehran,main,Climate cost,IRR/year,250073959756414.8,SC5,Tehran
SC5,2026,Tehran,main,Climate cost,IRR/year,236082457411027.3,SC5,Tehran
SC5,2027,Tehran,main,Climate cost,IRR/year,238678572948535.2,SC5,Tehran
SC5,2028,Tehran,main,Climate cost,IRR/year,242271843632049.9,SC5,Tehran
SC5,2029,Tehran,main,Climate cost,IRR/year,244096203766974.5,SC5,Tehran
SC5,2030,Tehran,main,Climate cost,IRR/year,246824134472742.0,SC5,Tehran
SC5,2024,Region12,main,Congestion index,–,1.1546883981890328,SC5,Region 12
SC5,2025,Region12,main,Congestion index,–,1.2032037363808912,SC5,Region 12
SC5,2026,Region12,main,Congestion index,–,1.1415692883929414,SC5,Region 12
SC5,2027,Region12,main,Congestion index,–,1.1528646361269417,SC5,Region 12
SC5,2028,Region12,main,Congestion index,–,1.1653821082595437,SC5,Region 12
SC5,2029,Region12,main,Congestion index,–,1.1673033895029006,SC5,Region 12
SC5,2030,Region12,main,Congestion index,–,1.1704825941470485,SC5,Region 12
SC5,2024,Tehran,main,Congestion index,–,0.37873273094939,SC5,Tehran
SC5,2025,Tehran,main,Congestion index,–,0.3946455491219405,SC5,Tehran
SC5,2026,Tehran,main,Congestion index,–,0.3744297204675221,SC5,Tehran
SC5,2027,Tehran,main,Congestion index,–,0.3781345449907703,SC5,Tehran
SC5,2028,Tehran,main,Congestion index,–,0.3822402209573761,SC5,Tehran
SC5,2029,Tehran,main,Congestion index,–,0.3828703927797999,SC5,Tehran
SC5,2030,Tehran,main,Congestion index,–,0.3839131579613099,SC5,Tehran
SC5,2024,Region12,main,Electricity use,kWh/year,78347944.12189162,SC5,Region 12
SC5,2025,Region12,main,Electricity use,kWh/year,75882003.87764291,SC5,Region 12
SC5,2026,Region12,main,Electricity use,kWh/year,76454794.95740606,SC5,Region 12
SC5,2027,Region12,main,Electricity use,kWh/year,76145561.3377272,SC5,Region 12
SC5,2028,Region12,main,Electricity use,kWh/year,76558937.03603213,SC5,Region 12
SC5,2029,Region12,main,Electricity use,kWh/year,77453482.72112386,SC5,Region 12
SC5,2030,Region12,main,Electricity use,kWh/year,78599847.4353569,SC5,Region 12
SC5,2024,Tehran,main,Electricity use,kWh/year,1117402535.1810358,SC5,Tehran
SC5,2025,Tehran,main,Electricity use,kWh/year,1351022954.0082016,SC5,Tehran
SC5,2026,Tehran,main,Electricity use,kWh/year,1433599366.8641744,SC5,Tehran
SC5,2027,Tehran,main,Electricity use,kWh/year,1453257098.4856114,SC5,Tehran
SC5,2028,Tehran,main,Electricity use,kWh/year,1506033276.8433807,SC5,Tehran
SC5,2029,Tehran,main,Electricity use,kWh/year,1566134993.8038452,SC5,Tehran
SC5,2030,Tehran,main,Electricity use,kWh/year,1652268680.820715,SC5,Tehran
SC5,2024,Region12,secondary,Energy: CNG,MJ/year,443691402.5320897,SC5,Region 12
SC5,2025,Region12,secondary,Energy: CNG,MJ/year,464772472.3620903,SC5,Region 12
SC5,2026,Region12,secondary,Energy: CNG,MJ/year,468880286.63526934,SC5,Region 12
SC5,2027,Region12,secondary,Energy: CNG,MJ/year,472166118.229186,SC5,Region 12
SC5,2028,Region12,secondary,Energy: CNG,MJ/year,475309634.1479201,SC5,Region 12
SC5,2029,Region12,secondary,Energy: CNG,MJ/year,478478400.0125708,SC5,Region 12
SC5,2030,Region12,secondary,Energy: CNG,MJ/year,482177252.419365,SC5,Region 12
SC5,2024,Tehran,secondary,Energy: CNG,MJ/year,28264695414.167118,SC5,Tehran
SC5,2025,Tehran,secondary,Energy: CNG,MJ/year,29575117533.01451,SC5,Tehran
SC5,2026,Tehran,secondary,Energy: CNG,MJ/year,28884333091.011818,SC5,Tehran
SC5,2027,Tehran,secondary,Energy: CNG,MJ/year,29231565143.351276,SC5,Tehran
SC5,2028,Tehran,secondary,Energy: CNG,MJ/year,29618887190.460503,SC5,Tehran
SC5,2029,Tehran,secondary,Energy: CNG,MJ/year,29917068950.991947,SC5,Tehran
SC5,2030,Tehran,secondary,Energy: CNG,MJ/year,30276677611.479156,SC5,Tehran
SC5,2024,Region12,secondary,Energy: diesel,MJ/year,74395160.84969422,SC5,Region 12
SC5,2025,Region12,secondary,Energy: diesel,MJ/year,78952424.24919501,SC5,Region 12
SC5,2026,Region12,secondary,Energy: diesel,MJ/year,81069994.12204589,SC5,Region 12
SC5,2027,Region12,secondary,Energy: diesel,MJ/year,84050245.97763921,SC5,Region 12
SC5,2028,Region12,secondary,Energy: diesel,MJ/year,85944534.54587756,SC5,Region 12
SC5,2029,Region12,secondary,Energy: diesel,MJ/year,86896390.51538648,SC5,Region 12
SC5,2030,Region12,secondary,Energy: diesel,MJ/year,87702068.99696559,SC5,Region 12
SC5,2024,Tehran,secondary,Energy: diesel,MJ/year,1106038090.119551,SC5,Tehran
SC5,2025,Tehran,secondary,Energy: diesel,MJ/year,1777185740.8865051,SC5,Tehran
SC5,2026,Tehran,secondary,Energy: diesel,MJ/year,1800882972.63523,SC5,Tehran
SC5,2027,Tehran,secondary,Energy: diesel,MJ/year,1851745037.9357662,SC5,Tehran
SC5,2028,Tehran,secondary,Energy: diesel,MJ/year,1949067353.0081677,SC5,Tehran
SC5,2029,Tehran,secondary,Energy: diesel,MJ/year,1972004847.767792,SC5,Tehran
SC5,2030,Tehran,secondary,Energy: diesel,MJ/year,1993337111.932796,SC5,Tehran
SC5,2024,Region12,secondary,Energy: gasoline,MJ/year,2258008547.9401364,SC5,Region 12
SC5,2025,Region12,secondary,Energy: gasoline,MJ/year,2290544996.663987,SC5,Region 12
SC5,2026,Region12,secondary,Energy: gasoline,MJ/year,2264890604.7217145,SC5,Region 12
SC5,2027,Region12,secondary,Energy: gasoline,MJ/year,2256751636.4550133,SC5,Region 12
SC5,2028,Region12,secondary,Energy: gasoline,MJ/year,2265809910.991491,SC5,Region 12
SC5,2029,Region12,secondary,Energy: gasoline,MJ/year,2280984151.18674,SC5,Region 12
SC5,2030,Region12,secondary,Energy: gasoline,MJ/year,2296409769.4915185,SC5,Region 12
SC5,2024,Tehran,secondary,Energy: gasoline,MJ/year,204999492179.2108,SC5,Tehran
SC5,2025,Tehran,secondary,Energy: gasoline,MJ/year,209915648937.69336,SC5,Tehran
SC5,2026,Tehran,secondary,Energy: gasoline,MJ/year,195971583397.0614,SC5,Tehran
SC5,2027,Tehran,secondary,Energy: gasoline,MJ/year,198038884537.28265,SC5,Tehran
SC5,2028,Tehran,secondary,Energy: gasoline,MJ/year,200740309593.28305,SC5,Tehran
SC5,2029,Tehran,secondary,Energy: gasoline,MJ/year,201785193861.88242,SC5,Tehran
SC5,2030,Tehran,secondary,Energy: gasoline,MJ/year,203461570415.53247,SC5,Tehran
SC5,2024,Region12,main,Final energy,MJ/year,3058147710.1607304,SC5,Region 12
SC5,2025,Region12,main,Final energy,MJ/year,3107445107.234787,SC5,Region 12
SC5,2026,Region12,main,Final energy,MJ/year,3090078147.325691,SC5,Region 12
SC5,2027,Region12,main,Final energy,MJ/year,3087092021.4776564,SC5,Region 12
SC5,2028,Region12,main,Final energy,MJ/year,3102676253.015004,SC5,Region 12
SC5,2029,Region12,main,Final energy,MJ/year,3125191479.510743,SC5,Region 12
SC5,2030,Region12,main,Final energy,MJ/year,3149248541.6751337,SC5,Region 12
SC5,2024,Tehran,main,Final energy,MJ/year,238392874810.1492,SC5,Tehran
SC5,2025,Tehran,main,Final energy,MJ/year,246131634846.024,SC5,Tehran
SC5,2026,Tehran,main,Final energy,MJ/year,231817757181.41943,SC5,Tehran
SC5,2027,Tehran,main,Final energy,MJ/year,234353920273.1179,SC5,Tehran
SC5,2028,Tehran,main,Final energy,MJ/year,237729983933.3879,SC5,Tehran
SC5,2029,Tehran,main,Final energy,MJ/year,239312353638.3361,SC5,Tehran
SC5,2030,Tehran,main,Final energy,MJ/year,241679752389.89893,SC5,Tehran
SC5,2024,Region12,main,Health indicator,IRR/year,379601833795038.9,SC5,Region 12
SC5,2025,Region12,main,Health indicator,IRR/year,379047690177281.8,SC5,Region 12
SC5,2026,Region12,main,Health indicator,IRR/year,373839640203463.75,SC5,Region 12
SC5,2027,Region12,main,Health indicator,IRR/year,374814043524971.4,SC5,Region 12
SC5,2028,Region12,main,Health indicator,IRR/year,378129327213149.25,SC5,Region 12
SC5,2029,Region12,main,Health indicator,IRR/year,380693653829068.0,SC5,Region 12
SC5,2030,Region12,main,Health indicator,IRR/year,383418270053809.0,SC5,Region 12
SC5,2024,Tehran,main,Health indicator,IRR/year,1.136994050617445e+16,SC5,Tehran
SC5,2025,Tehran,main,Health indicator,IRR/year,1.1690469951629184e+16,SC5,Tehran
SC5,2026,Tehran,main,Health indicator,IRR/year,1.1500098399292044e+16,SC5,Tehran
SC5,2027,Tehran,main,Health indicator,IRR/year,1.1696679854259348e+16,SC5,Tehran
SC5,2028,Tehran,main,Health indicator,IRR/year,1.1920048345043318e+16,SC5,Tehran
SC5,2029,Tehran,main,Health indicator,IRR/year,1.21032665752715e+16,SC5,Tehran
SC5,2030,Tehran,main,Health indicator,IRR/year,1.23109082552044e+16,SC5,Tehran
SC5,2024,Region12,main,Modal share: car,–,0.2142606287215374,SC5,Region 12
SC5,2025,Region12,main,Modal share: car,–,0.2098825781480298,SC5,Region 12
SC5,2026,Region12,main,Modal share: car,–,0.2071022954281391,SC5,Region 12
SC5,2027,Region12,main,Modal share: car,–,0.206371143146444,SC5,Region 12
SC5,2028,Region12,main,Modal share: car,–,0.2063380024813951,SC5,Region 12
SC5,2029,Region12,main,Modal share: car,–,0.2064083445030399,SC5,Region 12
SC5,2030,Region12,main,Modal share: car,–,0.2062187348183976,SC5,Region 12
SC5,2024,Tehran,main,Modal share: car,–,0.5649083979809294,SC5,Tehran
SC5,2025,Tehran,main,Modal share: car,–,0.5224645514784733,SC5,Tehran
SC5,2026,Tehran,main,Modal share: car,–,0.5231358844047743,SC5,Tehran
SC5,2027,Tehran,main,Modal share: car,–,0.5254076079435558,SC5,Tehran
SC5,2028,Tehran,main,Modal share: car,–,0.5231373619333967,SC5,Tehran
SC5,2029,Tehran,main,Modal share: car,–,0.5225302290087782,SC5,Tehran
SC5,2030,Tehran,main,Modal share: car,–,0.5198568176433137,SC5,Tehran
SC5,2024,Region12,main,Modal share: public transport,–,0.3697658391201776,SC5,Region 12
SC5,2025,Region12,main,Modal share: public transport,–,0.367904966883833,SC5,Region 12
SC5,2026,Region12,main,Modal share: public transport,–,0.3670654865861854,SC5,Region 12
SC5,2027,Region12,main,Modal share: public transport,–,0.3660264624017862,SC5,Region 12
SC5,2028,Region12,main,Modal share: public transport,–,0.3655278049566499,SC5,Region 12
SC5,2029,Region12,main,Modal share: public transport,–,0.3653675410403515,SC5,Region 12
SC5,2030,Region12,main,Modal share: public transport,–,0.3657042663212067,SC5,Region 12
SC5,2024,Tehran,main,Modal share: public transport,–,0.13246856512244448,SC5,Tehran
SC5,2025,Tehran,main,Modal share: public transport,–,0.1667913903996637,SC5,Tehran
SC5,2026,Tehran,main,Modal share: public transport,–,0.1672977537165788,SC5,Tehran
SC5,2027,Tehran,main,Modal share: public transport,–,0.1657286976150649,SC5,Tehran
SC5,2028,Tehran,main,Modal share: public transport,–,0.1681834767459252,SC5,Tehran
SC5,2029,Tehran,main,Modal share: public transport,–,0.1688301008016263,SC5,Tehran
SC5,2030,Tehran,main,Modal share: public transport,–,0.17129608110912148,SC5,Tehran
SC5,2024,Region12,secondary,Municipal budget,IRR/year,11929000000000.002,SC5,Region 12
SC5,2025,Region12,secondary,Municipal budget,IRR/year,14881887352068.6,SC5,Region 12
SC5,2026,Region12,secondary,Municipal budget,IRR/year,18565728154888.03,SC5,Region 12
SC5,2027,Region12,secondary,Municipal budget,IRR/year,23161461565107.89,SC5,Region 12
SC5,2028,Region12,secondary,Municipal budget,IRR/year,28894816155687.996,SC5,Region 12
SC5,2029,Region12,secondary,Municipal budget,IRR/year,36047397023026.29,SC5,Region 12
SC5,2030,Region12,secondary,Municipal budget,IRR/year,44970517380498.805,SC5,Region 12
SC5,2024,Tehran,secondary,Municipal budget,IRR/year,1510000000000000.0,SC5,Tehran
SC5,2025,Tehran,secondary,Municipal budget,IRR/year,1883783209122607.2,SC5,Tehran
SC5,2026,Tehran,secondary,Municipal budget,IRR/year,2350092171504814.0,SC5,Tehran
SC5,2027,Tehran,secondary,Municipal budget,IRR/year,2931830577861758.0,SC5,Tehran
SC5,2028,Tehran,secondary,Municipal budget,IRR/year,3657571665276961.0,SC5,Tehran
SC5,2029,Tehran,secondary,Municipal budget,IRR/year,4562961648484340.0,SC5,Tehran
SC5,2030,Tehran,secondary,Municipal budget,IRR/year,5692470554493519.0,SC5,Tehran
SC5,2024,Region12,main,NOₓ emissions,t/year,854.1804710030335,SC5,Region 12
SC5,2025,Region12,main,NOₓ emissions,t/year,870.1766824323561,SC5,Region 12
SC5,2026,Region12,main,NOₓ emissions,t/year,867.3713894969962,SC5,Region 12
SC5,2027,Region12,main,NOₓ emissions,t/year,868.5874037185284,SC5,Region 12
SC5,2028,Region12,main,NOₓ emissions,t/year,873.9315907482152,SC5,Region 12
SC5,2029,Region12,main,NOₓ emissions,t/year,880.6231133887692,SC5,Region 12
SC5,2030,Region12,main,NOₓ emissions,t/year,887.4207108040189,SC5,Region 12
SC5,2024,Tehran,main,NOₓ emissions,t/year,61099.758267945326,SC5,Tehran
SC5,2025,Tehran,main,NOₓ emissions,t/year,63147.684628862684,SC5,Tehran
SC5,2026,Tehran,main,NOₓ emissions,t/year,59512.580068360694,SC5,Tehran
SC5,2027,Tehran,main,NOₓ emissions,t/year,60166.23265655355,SC5,Tehran
SC5,2028,Tehran,main,NOₓ emissions,t/year,61047.46253121354,SC5,Tehran
SC5,2029,Tehran,main,NOₓ emissions,t/year,61447.72257002453,SC5,Tehran
SC5,2030,Tehran,main,NOₓ emissions,t/year,62041.69444223362,SC5,Tehran
SC5,2024,Region12,secondary,Non-public transport trips,trips/year,190030239.9167729,SC5,Region 12
SC5,2025,Region12,secondary,Non-public transport trips,trips/year,192241508.35457414,SC5,Region 12
SC5,2026,Region12,secondary,Non-public transport trips,trips/year,194163493.00370866,SC5,Region 12
SC5,2027,Region12,secondary,Non-public transport trips,trips/year,196166091.71676758,SC5,Region 12
SC5,2028,Region12,secondary,Non-public transport trips,trips/year,198020163.21186006,SC5,Region 12
SC5,2029,Region12,secondary,Non-public transport trips,trips/year,199785107.2818333,SC5,Region 12
SC5,2030,Region12,secondary,Non-public transport trips,trips/year,201407960.35017103,SC5,Region 12
SC5,2024,Tehran,secondary,Non-public transport trips,trips/year,6404713066.292626,SC5,Tehran
SC5,2025,Tehran,secondary,Non-public transport trips,trips/year,6225262170.711008,SC5,Tehran
SC5,2026,Tehran,secondary,Non-public transport trips,trips/year,6296728671.126066,SC5,Tehran
SC5,2027,Tehran,secondary,Non-public transport trips,trips/year,6384774298.304523,SC5,Tehran
SC5,2028,Tehran,secondary,Non-public transport trips,trips/year,6442708564.714457,SC5,Tehran
SC5,2029,Tehran,secondary,Non-public transport trips,trips/year,6515205709.04384,SC5,Tehran
SC5,2030,Tehran,secondary,Non-public transport trips,trips/year,6573977835.625793,SC5,Tehran
SC5,2024,Region12,main,PCE-weighted VKT,PCE-km/year,944460686.9160616,SC5,Region 12
SC5,2025,Region12,main,PCE-weighted VKT,PCE-km/year,974919564.9356936,SC5,Region 12
SC5,2026,Region12,main,PCE-weighted VKT,PCE-km/year,975678950.2794482,SC5,Region 12
SC5,2027,Region12,main,PCE-weighted VKT,PCE-km/year,978878217.641993,SC5,Region 12
SC5,2028,Region12,main,PCE-weighted VKT,PCE-km/year,985709570.4179676,SC5,Region 12
SC5,2029,Region12,main,PCE-weighted VKT,PCE-km/year,994019903.6582187,SC5,Region 12
SC5,2030,Region12,main,PCE-weighted VKT,PCE-km/year,1002522890.203808,SC5,Region 12
SC5,2024,Tehran,main,PCE-weighted VKT,PCE-km/year,67325362728.787,SC5,Tehran
SC5,2025,Tehran,main,PCE-weighted VKT,PCE-km/year,70015793815.982,SC5,Tehran
SC5,2026,Tehran,main,PCE-weighted VKT,PCE-km/year,66475014639.54775,SC5,Tehran
SC5,2027,Tehran,main,PCE-weighted VKT,PCE-km/year,67336351086.66148,SC5,Tehran
SC5,2028,Tehran,main,PCE-weighted VKT,PCE-km/year,68413271738.48243,SC5,Tehran
SC5,2029,Tehran,main,PCE-weighted VKT,PCE-km/year,68995875477.36417,SC5,Tehran
SC5,2030,Tehran,main,PCE-weighted VKT,PCE-km/year,69763860383.57434,SC5,Tehran
SC5,2024,Region12,main,PM₂.₅ emissions,t/year,27.491454634630646,SC5,Region 12
SC5,2025,Region12,main,PM₂.₅ emissions,t/year,27.980951349763686,SC5,Region 12
SC5,2026,Region12,main,PM₂.₅ emissions,t/year,28.155454309313715,SC5,Region 12
SC5,2027,Region12,main,PM₂.₅ emissions,t/year,28.33498549881663,SC5,Region 12
SC5,2028,Region12,main,PM₂.₅ emissions,t/year,28.575912630178887,SC5,Region 12
SC5,2029,Region12,main,PM₂.₅ emissions,t/year,28.845164751145848,SC5,Region 12
SC5,2030,Region12,main,PM₂.₅ emissions,t/year,29.103405452879095,SC5,Region 12
SC5,2024,Tehran,main,PM₂.₅ emissions,t/year,1099.59391936026,SC5,Tehran
SC5,2025,Tehran,main,PM₂.₅ emissions,t/year,1139.0045105784743,SC5,Tehran
SC5,2026,Tehran,main,PM₂.₅ emissions,t/year,1092.0595355002324,SC5,Tehran
SC5,2027,Tehran,main,PM₂.₅ emissions,t/year,1103.7441557183456,SC5,Tehran
SC5,2028,Tehran,main,PM₂.₅ emissions,t/year,1121.276332533111,SC5,Tehran
SC5,2029,Tehran,main,PM₂.₅ emissions,t/year,1131.6364927187713,SC5,Tehran
SC5,2030,Tehran,main,PM₂.₅ emissions,t/year,1146.0354730537292,SC5,Tehran
SC5,2024,Region12,secondary,Population,persons,245721.85714285728,SC5,Region 12
SC5,2025,Region12,secondary,Population,persons,246411.88095238103,SC5,Region 12
SC5,2026,Region12,secondary,Population,persons,247101.90476190465,SC5,Region 12
SC5,2027,Region12,secondary,Population,persons,247791.9285714284,SC5,Region 12
SC5,2028,Region12,secondary,Population,persons,248481.9523809522,SC5,Region 12
SC5,2029,Region12,secondary,Population,persons,249171.976190476,SC5,Region 12
SC5,2030,Region12,secondary,Population,persons,249861.9999999996,SC5,Region 12
SC5,2024,Tehran,secondary,Population,persons,9866604.77510738,SC5,Tehran
SC5,2025,Tehran,secondary,Population,persons,9985209.278780095,SC5,Tehran
SC5,2026,Tehran,secondary,Population,persons,10105981.945829032,SC5,Tehran
SC5,2027,Tehran,secondary,Population,persons,10228018.838403665,SC5,Tehran
SC5,2028,Tehran,secondary,Population,persons,10351283.854615925,SC5,Tehran
SC5,2029,Tehran,secondary,Population,persons,10475906.17615475,SC5,Tehran
SC5,2030,Tehran,secondary,Population,persons,10601861.279844653,SC5,Tehran
SC5,2024,Region12,secondary,Public transport trips,trips/year,111492990.19738974,SC5,Region 12
SC5,2025,Region12,secondary,Public transport trips,trips/year,111892361.2106433,SC5,Region 12
SC5,2026,Region12,secondary,Public transport trips,trips/year,112603619.373309,SC5,Region 12
SC5,2027,Region12,secondary,Public transport trips,trips/year,113257062.5365406,SC5,Region 12
SC5,2028,Region12,secondary,Public transport trips,trips/year,114082029.38041009,SC5,Region 12
SC5,2029,Region12,secondary,Public transport trips,trips/year,115019319.21935852,SC5,Region 12
SC5,2030,Region12,secondary,Public transport trips,trips/year,116122096.46109517,SC5,Region 12
SC5,2024,Tehran,secondary,Public transport trips,trips/year,977973956.6814698,SC5,Tehran
SC5,2025,Tehran,secondary,Public transport trips,trips/year,1246170672.1361976,SC5,Tehran
SC5,2026,Tehran,secondary,Public transport trips,trips/year,1265072319.840507,SC5,Tehran
SC5,2027,Tehran,secondary,Public transport trips,trips/year,1268340797.5310168,SC5,Tehran
SC5,2028,Tehran,secondary,Public transport trips,trips/year,1302639579.5019078,SC5,Tehran
SC5,2029,Tehran,secondary,Public transport trips,trips/year,1323391087.2639492,SC5,Tehran
SC5,2030,Tehran,secondary,Public transport trips,trips/year,1358864867.0179682,SC5,Tehran
SC5,2024,Region12,main,Time loss (car),hours/year,57190648.448897325,SC5,Region 12
SC5,2025,Region12,main,Time loss (car),hours/year,60207085.259532526,SC5,Region 12
SC5,2026,Region12,main,Time loss (car),hours/year,55263795.74868628,SC5,Region 12
SC5,2027,Region12,main,Time loss (car),hours/year,56390950.34099249,SC5,Region 12
SC5,2028,Region12,main,Time loss (car),hours/year,57821789.09738329,SC5,Region 12
SC5,2029,Region12,main,Time loss (car),hours/year,58490338.02270605,SC5,Region 12
SC5,2030,Region12,main,Time loss (car),hours/year,59189792.82364063,SC5,Region 12
SC5,2024,Tehran,main,Time loss (car),hours/year,797540224.1101981,SC5,Tehran
SC5,2025,Tehran,main,Time loss (car),hours/year,866741672.8620155,SC5,Tehran
SC5,2026,Tehran,main,Time loss (car),hours/year,758597871.6041509,SC5,Tehran
SC5,2027,Tehran,main,Time loss (car),hours/year,778444089.3357908,SC5,Tehran
SC5,2028,Tehran,main,Time loss (car),hours/year,802220776.8312954,SC5,Tehran
SC5,2029,Tehran,main,Time loss (car),hours/year,810072746.6792569,SC5,Tehran
SC5,2030,Tehran,main,Time loss (car),hours/year,821710419.3931627,SC5,Tehran
SC5,2024,Region12,secondary,Trips total (effective),trips/year,301523230.1141626,SC5,Region 12
SC5,2025,Region12,secondary,Trips total (effective),trips/year,304133869.56521744,SC5,Region 12
SC5,2026,Region12,secondary,Trips total (effective),trips/year,306767112.3770177,SC5,Region 12
SC5,2027,Region12,secondary,Trips total (effective),trips/year,309423154.2533082,SC5,Region 12
SC5,2028,Region12,secondary,Trips total (effective),trips/year,312102192.59227014,SC5,Region 12
SC5,2029,Region12,secondary,Trips total (effective),trips/year,314804426.5011918,SC5,Region 12
SC5,2030,Region12,secondary,Trips total (effective),trips/year,317530056.8112662,SC5,Region 12
SC5,2024,Tehran,secondary,Trips total (effective),trips/year,7382687022.974096,SC5,Tehran
SC5,2025,Tehran,secondary,Trips total (effective),trips/year,7471432842.847206,SC5,Tehran
SC5,2026,Tehran,secondary,Trips total (effective),trips/year,7561800990.966573,SC5,Tehran
SC5,2027,Tehran,secondary,Trips total (effective),trips/year,7653115095.835541,SC5,Tehran
SC5,2028,Tehran,secondary,Trips total (effective),trips/year,7745348144.216364,SC5,Tehran
SC5,2029,Tehran,secondary,Trips total (effective),trips/year,7838596796.30779,SC5,Tehran
SC5,2030,Tehran,secondary,Trips total (effective),trips/year,7932842702.643762,SC5,Tehran
SC6,2024,Region12,main,CO₂ emissions,t/year,223245.3169655128,SC6,Region 12
SC6,2025,Region12,main,CO₂ emissions,t/year,229382.7716914588,SC6,Region 12
SC6,2026,Region12,main,CO₂ emissions,t/year,227616.36130954124,SC6,Region 12
SC6,2027,Region12,main,CO₂ emissions,t/year,226824.88777062,SC6,Region 12
SC6,2028,Region12,main,CO₂ emissions,t/year,227896.19227246585,SC6,Region 12
SC6,2029,Region12,main,CO₂ emissions,t/year,229850.51040433132,SC6,Region 12
SC6,2030,Region12,main,CO₂ emissions,t/year,231943.37547547853,SC6,Region 12
SC6,2024,Tehran,main,CO₂ emissions,t/year,16046252.930962335,SC6,Tehran
SC6,2025,Tehran,main,CO₂ emissions,t/year,16751468.557017185,SC6,Tehran
SC6,2026,Tehran,main,CO₂ emissions,t/year,15810013.749732591,SC6,Tehran
SC6,2027,Tehran,main,CO₂ emissions,t/year,16004509.008729445,SC6,Tehran
SC6,2028,Tehran,main,CO₂ emissions,t/year,16256929.942751804,SC6,Tehran
SC6,2029,Tehran,main,CO₂ emissions,t/year,16397270.356737958,SC6,Tehran
SC6,2030,Tehran,main,CO₂ emissions,t/year,16575940.901778717,SC6,Tehran
SC6,2024,Region12,main,Climate cost,IRR/year,3348679754482.691,SC6,Region 12
SC6,2025,Region12,main,Climate cost,IRR/year,3440741575371.8813,SC6,Region 12
SC6,2026,Region12,main,Climate cost,IRR/year,3414245419643.1187,SC6,Region 12
SC6,2027,Region12,main,Climate cost,IRR/year,3402373316559.3,SC6,Region 12
SC6,2028,Region12,main,Climate cost,IRR/year,3418442884086.988,SC6,Region 12
SC6,2029,Region12,main,Climate cost,IRR/year,3447757656064.9707,SC6,Region 12
SC6,2030,Region12,main,Climate cost,IRR/year,3479150632132.178,SC6,Region 12
SC6,2024,Tehran,main,Climate cost,IRR/year,240693793964435.03,SC6,Tehran
SC6,2025,Tehran,main,Climate cost,IRR/year,251272028355257.72,SC6,Tehran
SC6,2026,Tehran,main,Climate cost,IRR/year,237150206245988.9,SC6,Tehran
SC6,2027,Tehran,main,Climate cost,IRR/year,240067635130941.7,SC6,Tehran
SC6,2028,Tehran,main,Climate cost,IRR/year,243853949141277.03,SC6,Tehran
SC6,2029,Tehran,main,Climate cost,IRR/year,245959055351069.38,SC6,Tehran
SC6,2030,Tehran,main,Climate cost,IRR/year,248639113526680.72,SC6,Tehran
SC6,2024,Region12,main,Congestion index,–,1.1567834654107685,SC6,Region 12
SC6,2025,Region12,main,Congestion index,–,1.2184481821841409,SC6,Region 12
SC6,2026,Region12,main,Congestion index,–,1.1567974822830571,SC6,Region 12
SC6,2027,Region12,main,Congestion index,–,1.1698117330637732,SC6,Region 12
SC6,2028,Region12,main,Congestion index,–,1.1834945921060402,SC6,Region 12
SC6,2029,Region12,main,Congestion index,–,1.1869275748000214,SC6,Region 12
SC6,2030,Region12,main,Congestion index,–,1.190180205720281,SC6,Region 12
SC6,2024,Tehran,main,Congestion index,–,0.379419903810618,SC6,Tehran
SC6,2025,Tehran,main,Congestion index,–,0.3996456604939174,SC6,Tehran
SC6,2026,Tehran,main,Congestion index,–,0.3794245012832606,SC6,Tehran
SC6,2027,Tehran,main,Congestion index,–,0.3836931184679236,SC6,Tehran
SC6,2028,Tehran,main,Congestion index,–,0.3881810362303268,SC6,Tehran
SC6,2029,Tehran,main,Congestion index,–,0.3893070394992889,SC6,Tehran
SC6,2030,Tehran,main,Congestion index,–,0.3903738881773672,SC6,Tehran
SC6,2024,Region12,main,Electricity use,kWh/year,72044586.92968227,SC6,Region 12
SC6,2025,Region12,main,Electricity use,kWh/year,70881646.15126385,SC6,Region 12
SC6,2026,Region12,main,Electricity use,kWh/year,71402322.56296007,SC6,Region 12
SC6,2027,Region12,main,Electricity use,kWh/year,70838744.02511744,SC6,Region 12
SC6,2028,Region12,main,Electricity use,kWh/year,70921848.30018976,SC6,Region 12
SC6,2029,Region12,main,Electricity use,kWh/year,71767526.42126282,SC6,Region 12
SC6,2030,Region12,main,Electricity use,kWh/year,72874012.91963902,SC6,Region 12
SC6,2024,Tehran,main,Electricity use,kWh/year,1007770141.3746108,SC6,Tehran
SC6,2025,Tehran,main,Electricity use,kWh/year,1167176631.289652,SC6,Tehran
SC6,2026,Tehran,main,Electricity use,kWh/year,1240281413.6472929,SC6,Tehran
SC6,2027,Tehran,main,Electricity use,kWh/year,1255398038.6871943,SC6,Tehran
SC6,2028,Tehran,main,Electricity use,kWh/year,1299797572.682235,SC6,Tehran
SC6,2029,Tehran,main,Electricity use,kWh/year,1355555759.98761,SC6,Tehran
SC6,2030,Tehran,main,Electricity use,kWh/year,1433752903.99366,SC6,Tehran
SC6,2024,Region12,secondary,Energy: CNG,MJ/year,453449075.5648653,SC6,Region 12
SC6,2025,Region12,secondary,Energy: CNG,MJ/year,476684838.07366264,SC6,Region 12
SC6,2026,Region12,secondary,Energy: CNG,MJ/year,481456217.0368027,SC6,Region 12
SC6,2027,Region12,secondary,Energy: CNG,MJ/year,485412041.1434114,SC6,Region 12
SC6,2028,Region12,secondary,Energy: CNG,MJ/year,489594819.8244744,SC6,Region 12
SC6,2029,Region12,secondary,Energy: CNG,MJ/year,492453263.55369574,SC6,Region 12
SC6,2030,Region12,secondary,Energy: CNG,MJ/year,496269182.07831943,SC6,Region 12
SC6,2024,Tehran,secondary,Energy: CNG,MJ/year,28422796497.32654,SC6,Tehran
SC6,2025,Tehran,secondary,Energy: CNG,MJ/year,30120965169.670845,SC6,Tehran
SC6,2026,Tehran,secondary,Energy: CNG,MJ/year,29457094392.734676,SC6,Tehran
SC6,2027,Tehran,secondary,Energy: CNG,MJ/year,29845504051.291668,SC6,Tehran
SC6,2028,Tehran,secondary,Energy: CNG,MJ/year,30276545421.188343,SC6,Tehran
SC6,2029,Tehran,secondary,Energy: CNG,MJ/year,30608407488.056885,SC6,Tehran
SC6,2030,Tehran,secondary,Energy: CNG,MJ/year,30986105665.27639,SC6,Tehran
SC6,2024,Region12,secondary,Energy: diesel,MJ/year,76619900.15325116,SC6,Region 12
SC6,2025,Region12,secondary,Energy: diesel,MJ/year,81759333.72415096,SC6,Region 12
SC6,2026,Region12,secondary,Energy: diesel,MJ/year,83400376.36721027,SC6,Region 12
SC6,2027,Region12,secondary,Energy: diesel,MJ/year,85808056.52359775,SC6,Region 12
SC6,2028,Region12,secondary,Energy: diesel,MJ/year,87149301.33120583,SC6,Region 12
SC6,2029,Region12,secondary,Energy: diesel,MJ/year,88273135.51758054,SC6,Region 12
SC6,2030,Region12,secondary,Energy: diesel,MJ/year,89304594.4887046,SC6,Region 12
SC6,2024,Tehran,secondary,Energy: diesel,MJ/year,1117236361.7129636,SC6,Tehran
SC6,2025,Tehran,secondary,Energy: diesel,MJ/year,1879607529.5867627,SC6,Tehran
SC6,2026,Tehran,secondary,Energy: diesel,MJ/year,1884880950.4139247,SC6,Tehran
SC6,2027,Tehran,secondary,Energy: diesel,MJ/year,1920098564.353158,SC6,Tehran
SC6,2028,Tehran,secondary,Energy: diesel,MJ/year,2004728250.1164482,SC6,Tehran
SC6,2029,Tehran,secondary,Energy: diesel,MJ/year,2032601969.8723488,SC6,Tehran
SC6,2030,Tehran,secondary,Energy: diesel,MJ/year,2059098413.8546543,SC6,Tehran
SC6,2024,Region12,secondary,Energy: gasoline,MJ/year,2270544978.5845685,SC6,Region 12
SC6,2025,Region12,secondary,Energy: gasoline,MJ/year,2346677348.035855,SC6,Region 12
SC6,2026,Region12,secondary,Energy: gasoline,MJ/year,2310713369.375503,SC6,Region 12
SC6,2027,Region12,secondary,Energy: gasoline,MJ/year,2297888502.222819,SC6,Region 12
SC6,2028,Region12,secondary,Energy: gasoline,MJ/year,2308287991.2401743,SC6,Region 12
SC6,2029,Region12,secondary,Energy: gasoline,MJ/year,2326853008.117985,SC6,Region 12
SC6,2030,Region12,secondary,Energy: gasoline,MJ/year,2344660810.849805,SC6,Region 12
SC6,2024,Tehran,secondary,Energy: gasoline,MJ/year,205069059413.03574,SC6,Tehran
SC6,2025,Tehran,secondary,Energy: gasoline,MJ/year,212045434651.05026,SC6,Tehran
SC6,2026,Tehran,secondary,Energy: gasoline,MJ/year,198046890836.07083,SC6,Tehran
SC6,2027,Tehran,secondary,Energy: gasoline,MJ/year,200450860998.3804,SC6,Tehran
SC6,2028,Tehran,secondary,Energy: gasoline,MJ/year,203388479200.00543,SC6,Tehran
SC6,2029,Tehran,secondary,Energy: gasoline,MJ/year,204713332768.4631,SC6,Tehran
SC6,2030,Tehran,secondary,Energy: gasoline,MJ/year,206387046222.1961,SC6,Tehran
SC6,2024,Region12,main,Final energy,MJ/year,3059974467.249541,SC6,Region 12
SC6,2025,Region12,main,Final energy,MJ/year,3160295445.9782186,SC6,Region 12
SC6,2026,Region12,main,Final energy,MJ/year,3132618324.0061727,SC6,Region 12
SC6,2027,Region12,main,Final energy,MJ/year,3124128078.3802505,SC6,Region 12
SC6,2028,Region12,main,Final energy,MJ/year,3140350766.2765374,SC6,Region 12
SC6,2029,Region12,main,Final energy,MJ/year,3165942502.3058066,SC6,Region 12
SC6,2030,Region12,main,Final energy,MJ/year,3192581033.92753,SC6,Region 12
SC6,2024,Tehran,main,Final energy,MJ/year,238237064781.02383,SC6,Tehran
SC6,2025,Tehran,main,Final energy,MJ/year,248247843222.95065,SC6,Tehran
SC6,2026,Tehran,main,Final energy,MJ/year,233853879268.34964,SC6,Tehran
SC6,2027,Tehran,main,Final energy,MJ/year,236735896553.2991,SC6,Tehran
SC6,2028,Tehran,main,Final energy,MJ/year,240349024132.96628,SC6,Tehran
SC6,2029,Tehran,main,Final energy,MJ/year,242234342962.3477,SC6,Tehran
SC6,2030,Tehran,main,Final energy,MJ/year,244593760755.7043,SC6,Tehran
SC6,2024,Region12,main,Health indicator,IRR/year,380147055564822.94,SC6,Region 12
SC6,2025,Region12,main,Health indicator,IRR/year,376283290283082.3,SC6,Region 12
SC6,2026,Region12,main,Health indicator,IRR/year,369823995044489.7,SC6,Region 12
SC6,2027,Region12,main,Health indicator,IRR/year,369761635234100.6,SC6,Region 12
SC6,2028,Region12,main,Health indicator,IRR/year,366693114603103.75,SC6,Region 12
SC6,2029,Region12,main,Health indicator,IRR/year,368476278801908.4,SC6,Region 12
SC6,2030,Region12,main,Health indicator,IRR/year,367397382105382.75,SC6,Region 12
SC6,2024,Tehran,main,Health indicator,IRR/year,1.136770668060002e+16,SC6,Tehran
SC6,2025,Tehran,main,Health indicator,IRR/year,1.1642309270871084e+16,SC6,Tehran
SC6,2026,Tehran,main,Health indicator,IRR/year,1.14237018938716e+16,SC6,Tehran
SC6,2027,Tehran,main,Health indicator,IRR/year,1.160561130306995e+16,SC6,Tehran
SC6,2028,Tehran,main,Health indicator,IRR/year,1.1742717620680402e+16,SC6,Tehran
SC6,2029,Tehran,main,Health indicator,IRR/year,1.1907830675967068e+16,SC6,Tehran
SC6,2030,Tehran,main,Health indicator,IRR/year,1.2052966702962604e+16,SC6,Tehran
SC6,2024,Region12,main,Modal share: car,–,0.2186884383135524,SC6,Region 12
SC6,2025,Region12,main,Modal share: car,–,0.2127922490817544,SC6,Region 12
SC6,2026,Region12,main,Modal share: car,–,0.2092794951844361,SC6,Region 12
SC6,2027,Region12,main,Modal share: car,–,0.2085207860237277,SC6,Region 12
SC6,2028,Region12,main,Modal share: car,–,0.2088494624663551,SC6,Region 12
SC6,2029,Region12,main,Modal share: car,–,0.2091599008100005,SC6,Region 12
SC6,2030,Region12,main,Modal share: car,–,0.2089222500390256,SC6,Region 12
SC6,2024,Tehran,main,Modal share: car,–,0.5706175291853268,SC6,Tehran
SC6,2025,Tehran,main,Modal share: car,–,0.5279449768372867,SC6,Tehran
SC6,2026,Tehran,main,Modal share: car,–,0.5294566209586634,SC6,Tehran
SC6,2027,Tehran,main,Modal share: car,–,0.5322571762003263,SC6,Tehran
SC6,2028,Tehran,main,Modal share: car,–,0.5306361938306284,SC6,Tehran
SC6,2029,Tehran,main,Modal share: car,–,0.5299100960914161,SC6,Tehran
SC6,2030,Tehran,main,Modal share: car,–,0.5274062850027167,SC6,Tehran
SC6,2024,Region12,main,Modal share: public transport,–,0.3570062486521634,SC6,Region 12
SC6,2025,Region12,main,Modal share: public transport,–,0.3550956688604912,SC6,Region 12
SC6,2026,Region12,main,Modal share: public transport,–,0.3537369891575663,SC6,Region 12
SC6,2027,Region12,main,Modal share: public transport,–,0.3515068130089675,SC6,Region 12
SC6,2028,Region12,main,Modal share: public transport,–,0.3494736799020942,SC6,Region 12
SC6,2029,Region12,main,Modal share: public transport,–,0.3489962073562989,SC6,Region 12
SC6,2030,Region12,main,Modal share: public transport,–,0.3494409455680689,SC6,Region 12
SC6,2024,Tehran,main,Modal share: public transport,–,0.1237258360960391,SC6,Tehran
SC6,2025,Tehran,main,Modal share: public transport,–,0.1550462874887651,SC6,Tehran
SC6,2026,Tehran,main,Modal share: public transport,–,0.1542557056180835,SC6,Tehran
SC6,2027,Tehran,main,Modal share: public transport,–,0.1519111096778839,SC6,Tehran
SC6,2028,Tehran,main,Modal share: public transport,–,0.1533975189399836,SC6,Tehran
SC6,2029,Tehran,main,Modal share: public transport,–,0.1539675865149434,SC6,Tehran
SC6,2030,Tehran,main,Modal share: public transport,–,0.1561098987788966,SC6,Tehran
SC6,2024,Region12,secondary,Municipal budget,IRR/year,11929000000000.002,SC6,Region 12
SC6,2025,Region12,secondary,Municipal budget,IRR/year,14881887352068.6,SC6,Region 12
SC6,2026,Region12,secondary,Municipal budget,IRR/year,18565728154888.03,SC6,Region 12
SC6,2027,Region12,secondary,Municipal budget,IRR/year,23161461565107.89,SC6,Region 12
SC6,2028,Region12,secondary,Municipal budget,IRR/year,28894816155687.996,SC6,Region 12
SC6,2029,Region12,secondary,Municipal budget,IRR/year,36047397023026.29,SC6,Region 12
SC6,2030,Region12,secondary,Municipal budget,IRR/year,44970517380498.805,SC6,Region 12
SC6,2024,Tehran,secondary,Municipal budget,IRR/year,1510000000000000.0,SC6,Tehran
SC6,2025,Tehran,secondary,Municipal budget,IRR/year,1883783209122607.2,SC6,Tehran
SC6,2026,Tehran,secondary,Municipal budget,IRR/year,2350092171504814.0,SC6,Tehran
SC6,2027,Tehran,secondary,Municipal budget,IRR/year,2931830577861758.0,SC6,Tehran
SC6,2028,Tehran,secondary,Municipal budget,IRR/year,3657571665276961.0,SC6,Tehran
SC6,2029,Tehran,secondary,Municipal budget,IRR/year,4562961648484340.0,SC6,Tehran
SC6,2030,Tehran,secondary,Municipal budget,IRR/year,5692470554493519.0,SC6,Tehran
SC6,2024,Region12,main,NOₓ emissions,t/year,858.8471084711721,SC6,Region 12
SC6,2025,Region12,main,NOₓ emissions,t/year,843.815650201798,SC6,Region 12
SC6,2026,Region12,main,NOₓ emissions,t/year,831.0870759676218,SC6,Region 12
SC6,2027,Region12,main,NOₓ emissions,t/year,824.3995661757594,SC6,Region 12
SC6,2028,Region12,main,NOₓ emissions,t/year,782.4781136657042,SC6,Region 12
SC6,2029,Region12,main,NOₓ emissions,t/year,783.7515176537449,SC6,Region 12
SC6,2030,Region12,main,NOₓ emissions,t/year,764.1730171206533,SC6,Region 12
SC6,2024,Tehran,main,NOₓ emissions,t/year,61092.89977289328,SC6,Tehran
SC6,2025,Tehran,main,NOₓ emissions,t/year,63017.16145947582,SC6,Tehran
SC6,2026,Tehran,main,NOₓ emissions,t/year,59092.17001871341,SC6,Tehran
SC6,2027,Tehran,main,NOₓ emissions,t/year,59608.61748509461,SC6,Tehran
SC6,2028,Tehran,main,NOₓ emissions,t/year,59808.94018106513,SC6,Tehran
SC6,2029,Tehran,main,NOₓ emissions,t/year,60061.17413720657,SC6,Tehran
SC6,2030,Tehran,main,NOₓ emissions,t/year,60162.832915876024,SC6,Tehran
SC6,2024,Region12,secondary,Non-public transport trips,trips/year,193877552.8496224,SC6,Region 12
SC6,2025,Region12,secondary,Non-public transport trips,trips/year,196137249.72882718,SC6,Region 12
SC6,2026,Region12,secondary,Non-public transport trips,trips/year,198252237.67221063,SC6,Region 12
SC6,2027,Region12,secondary,Non-public transport trips,trips/year,200658807.4305457,SC6,Region 12
SC6,2028,Region12,secondary,Non-public transport trips,trips/year,203030690.84153736,SC6,Region 12
SC6,2029,Region12,secondary,Non-public transport trips,trips/year,204938875.59330112,SC6,Region 12
SC6,2030,Region12,secondary,Non-public transport trips,trips/year,206572053.5128547,SC6,Region 12
SC6,2024,Tehran,secondary,Non-public transport trips,trips/year,6469261488.301903,SC6,Tehran
SC6,2025,Tehran,secondary,Non-public transport trips,trips/year,6313093051.403985,SC6,Tehran
SC6,2026,Tehran,secondary,Non-public transport trips,trips/year,6395548347.982407,SC6,Tehran
SC6,2027,Tehran,secondary,Non-public transport trips,trips/year,6490866443.808042,SC6,Tehran
SC6,2028,Tehran,secondary,Non-public transport trips,trips/year,6557857214.186903,SC6,Tehran
SC6,2029,Tehran,secondary,Non-public transport trips,trips/year,6632648569.888207,SC6,Tehran
SC6,2030,Tehran,secondary,Non-public transport trips,trips/year,6695804334.013246,SC6,Tehran
SC6,2024,Region12,main,PCE-weighted VKT,PCE-km/year,957367438.408388,SC6,Region 12
SC6,2025,Region12,main,PCE-weighted VKT,PCE-km/year,992689964.8293822,SC6,Region 12
SC6,2026,Region12,main,PCE-weighted VKT,PCE-km/year,989571315.4827436,SC6,Region 12
SC6,2027,Region12,main,PCE-weighted VKT,PCE-km/year,992093718.152148,SC6,Region 12
SC6,2028,Region12,main,PCE-weighted VKT,PCE-km/year,1000006938.0355914,SC6,Region 12
SC6,2029,Region12,main,PCE-weighted VKT,PCE-km/year,1008990932.179234,SC6,Region 12
SC6,2030,Region12,main,PCE-weighted VKT,PCE-km/year,1018185711.2603158,SC6,Region 12
SC6,2024,Tehran,main,PCE-weighted VKT,PCE-km/year,67447517901.44289,SC6,Tehran
SC6,2025,Tehran,main,PCE-weighted VKT,PCE-km/year,70902885454.68462,SC6,Tehran
SC6,2026,Tehran,main,PCE-weighted VKT,PCE-km/year,67361771511.92683,SC6,Tehran
SC6,2027,Tehran,main,PCE-weighted VKT,PCE-km/year,68326194675.8203,SC6,Tehran
SC6,2028,Tehran,main,PCE-weighted VKT,PCE-km/year,69476557565.90933,SC6,Tehran
SC6,2029,Tehran,main,PCE-weighted VKT,PCE-km/year,70155803442.34804,SC6,Tehran
SC6,2030,Tehran,main,PCE-weighted VKT,PCE-km/year,70937890164.5864,SC6,Tehran
SC6,2024,Region12,main,PM₂.₅ emissions,t/year,27.669472797365117,SC6,Region 12
SC6,2025,Region12,main,PM₂.₅ emissions,t/year,23.982405786804126,SC6,Region 12
SC6,2026,Region12,main,PM₂.₅ emissions,t/year,23.955571195060422,SC6,Region 12
SC6,2027,Region12,main,PM₂.₅ emissions,t/year,23.919556403602652,SC6,Region 12
SC6,2028,Region12,main,PM₂.₅ emissions,t/year,20.897631191205644,SC6,Region 12
SC6,2029,Region12,main,PM₂.₅ emissions,t/year,20.920954804595024,SC6,Region 12
SC6,2030,Region12,main,PM₂.₅ emissions,t/year,19.3675716797455,SC6,Region 12
SC6,2024,Tehran,main,PM₂.₅ emissions,t/year,1096.9537819848615,SC6,Tehran
SC6,2025,Tehran,main,PM₂.₅ emissions,t/year,1080.574566139918,SC6,Tehran
SC6,2026,Tehran,main,PM₂.₅ emissions,t/year,1027.7395670124167,SC6,Tehran
SC6,2027,Tehran,main,PM₂.₅ emissions,t/year,1035.2006358997137,SC6,Tehran
SC6,2028,Tehran,main,PM₂.₅ emissions,t/year,1009.649828243063,SC6,Tehran
SC6,2029,Tehran,main,PM₂.₅ emissions,t/year,1013.7493255454284,SC6,Tehran
SC6,2030,Tehran,main,PM₂.₅ emissions,t/year,1000.3832259402733,SC6,Tehran
SC6,2024,Region12,secondary,Population,persons,245721.85714285728,SC6,Region 12
SC6,2025,Region12,secondary,Population,persons,246411.88095238103,SC6,Region 12
SC6,2026,Region12,secondary,Population,persons,247101.90476190465,SC6,Region 12
SC6,2027,Region12,secondary,Population,persons,247791.9285714284,SC6,Region 12
SC6,2028,Region12,secondary,Population,persons,248481.9523809522,SC6,Region 12
SC6,2029,Region12,secondary,Population,persons,249171.976190476,SC6,Region 12
SC6,2030,Region12,secondary,Population,persons,249861.9999999996,SC6,Region 12
SC6,2024,Tehran,secondary,Population,persons,9866610.25022279,SC6,Tehran
SC6,2025,Tehran,secondary,Population,persons,9985332.860774506,SC6,Tehran
SC6,2026,Tehran,secondary,Population,persons,10106295.308335394,SC6,Tehran
SC6,2027,Tehran,secondary,Population,persons,10228561.801165525,SC6,Tehran
SC6,2028,Tehran,secondary,Population,persons,10352272.470204305,SC6,Tehran
SC6,2029,Tehran,secondary,Population,persons,10477393.59936468,SC6,Tehran
SC6,2030,Tehran,secondary,Population,persons,10604010.179276496,SC6,Tehran
SC6,2024,Region12,secondary,Public transport trips,trips/year,107645677.26454023,SC6,Region 12
SC6,2025,Region12,secondary,Public transport trips,trips/year,107996619.83639027,SC6,Region 12
SC6,2026,Region12,secondary,Public transport trips,trips/year,108514874.70480703,SC6,Region 12
SC6,2027,Region12,secondary,Public transport trips,trips/year,108764346.8227625,SC6,Region 12
SC6,2028,Region12,secondary,Public transport trips,trips/year,109071501.75073278,SC6,Region 12
SC6,2029,Region12,secondary,Public transport trips,trips/year,109865550.90789068,SC6,Region 12
SC6,2030,Region12,secondary,Public transport trips,trips/year,110958003.29841149,SC6,Region 12
SC6,2024,Tehran,secondary,Public transport trips,trips/year,913429631.4272985,SC6,Tehran
SC6,2025,Tehran,secondary,Public transport trips,trips/year,1158432261.6705382,SC6,Tehran
SC6,2026,Tehran,secondary,Public transport trips,trips/year,1166487116.479551,SC6,Tehran
SC6,2027,Tehran,secondary,Public transport trips,trips/year,1162654923.9140604,SC6,Tehran
SC6,2028,Tehran,secondary,Public transport trips,trips/year,1188230661.6434665,SC6,Tehran
SC6,2029,Tehran,secondary,Public transport trips,trips/year,1207061190.8364146,SC6,Tehran
SC6,2030,Tehran,secondary,Public transport trips,trips/year,1238646282.630392,SC6,Tehran
SC6,2024,Region12,main,Time loss (car),hours/year,58535294.99517765,SC6,Region 12
SC6,2025,Region12,main,Time loss (car),hours/year,62242859.91641136,SC6,Region 12
SC6,2026,Region12,main,Time loss (car),hours/year,56992114.907589234,SC6,Region 12
SC6,2027,Region12,main,Time loss (car),hours/year,58271041.708292186,SC6,Region 12
SC6,2028,Region12,main,Time loss (car),hours/year,59932331.54669299,SC6,Region 12
SC6,2029,Region12,main,Time loss (car),hours/year,60812165.834692165,SC6,Region 12
SC6,2030,Region12,main,Time loss (car),hours/year,61528269.64786241,SC6,Region 12
SC6,2024,Tehran,main,Time loss (car),hours/year,799385947.5783107,SC6,Tehran
SC6,2025,Tehran,main,Time loss (car),hours/year,889783360.8528894,SC6,Tehran
SC6,2026,Tehran,main,Time loss (car),hours/year,779627904.359367,SC6,Tehran
SC6,2027,Tehran,main,Time loss (car),hours/year,802697978.6725315,SC6,Tehran
SC6,2028,Tehran,main,Time loss (car),hours/year,828936117.8518996,SC6,Tehran
SC6,2029,Tehran,main,Time loss (car),hours/year,839506459.8249707,SC6,Tehran
SC6,2030,Tehran,main,Time loss (car),hours/year,851467575.0825945,SC6,Tehran
SC6,2024,Region12,secondary,Trips total (effective),trips/year,301523230.1141626,SC6,Region 12
SC6,2025,Region12,secondary,Trips total (effective),trips/year,304133869.56521744,SC6,Region 12
SC6,2026,Region12,secondary,Trips total (effective),trips/year,306767112.3770177,SC6,Region 12
SC6,2027,Region12,secondary,Trips total (effective),trips/year,309423154.2533082,SC6,Region 12
SC6,2028,Region12,secondary,Trips total (effective),trips/year,312102192.59227014,SC6,Region 12
SC6,2029,Region12,secondary,Trips total (effective),trips/year,314804426.5011918,SC6,Region 12
SC6,2030,Region12,secondary,Trips total (effective),trips/year,317530056.8112662,SC6,Region 12
SC6,2024,Tehran,secondary,Trips total (effective),trips/year,7382691119.729201,SC6,Tehran
SC6,2025,Tehran,secondary,Trips total (effective),trips/year,7471525313.074523,SC6,Tehran
SC6,2026,Tehran,secondary,Trips total (effective),trips/year,7562035464.461958,SC6,Tehran
SC6,2027,Tehran,secondary,Trips total (effective),trips/year,7653521367.722102,SC6,Tehran
SC6,2028,Tehran,secondary,Trips total (effective),trips/year,7746087875.83037,SC6,Tehran
SC6,2029,Tehran,secondary,Trips total (effective),trips/year,7839709760.724622,SC6,Tehran
SC6,2030,Tehran,secondary,Trips total (effective),trips/year,7934450616.643638,SC6,Tehran
SC7,2024,Region12,main,CO₂ emissions,t/year,223043.15731286627,SC7,Region 12
SC7,2025,Region12,main,CO₂ emissions,t/year,229665.0249923745,SC7,Region 12
SC7,2026,Region12,main,CO₂ emissions,t/year,227444.65328872832,SC7,Region 12
SC7,2027,Region12,main,CO₂ emissions,t/year,226283.32340109404,SC7,Region 12
SC7,2028,Region12,main,CO₂ emissions,t/year,226064.9531104156,SC7,Region 12
SC7,2029,Region12,main,CO₂ emissions,t/year,227089.2318393417,SC7,Region 12
SC7,2030,Region12,main,CO₂ emissions,t/year,228191.7901433608,SC7,Region 12
SC7,2024,Tehran,main,CO₂ emissions,t/year,16025927.39488132,SC7,Tehran
SC7,2025,Tehran,main,CO₂ emissions,t/year,16647985.812196825,SC7,Tehran
SC7,2026,Tehran,main,CO₂ emissions,t/year,16558492.83802917,SC7,Tehran
SC7,2027,Tehran,main,CO₂ emissions,t/year,16915089.506722428,SC7,Tehran
SC7,2028,Tehran,main,CO₂ emissions,t/year,17118118.81023911,SC7,Tehran
SC7,2029,Tehran,main,CO₂ emissions,t/year,17243622.25453446,SC7,Tehran
SC7,2030,Tehran,main,CO₂ emissions,t/year,17390254.383961663,SC7,Tehran
SC7,2024,Region12,main,Climate cost,IRR/year,3345647359692.994,SC7,Region 12
SC7,2025,Region12,main,Climate cost,IRR/year,3444975374885.6177,SC7,Region 12
SC7,2026,Region12,main,Climate cost,IRR/year,3411669799330.925,SC7,Region 12
SC7,2027,Region12,main,Climate cost,IRR/year,3394249851016.41,SC7,Region 12
SC7,2028,Region12,main,Climate cost,IRR/year,3390974296656.2334,SC7,Region 12
SC7,2029,Region12,main,Climate cost,IRR/year,3406338477590.1265,SC7,Region 12
SC7,2030,Region12,main,Climate cost,IRR/year,3422876852150.412,SC7,Region 12
SC7,2024,Tehran,main,Climate cost,IRR/year,240388910923219.8,SC7,Tehran
SC7,2025,Tehran,main,Climate cost,IRR/year,249719787182952.4,SC7,Tehran
SC7,2026,Tehran,main,Climate cost,IRR/year,248377392570437.6,SC7,Tehran
SC7,2027,Tehran,main,Climate cost,IRR/year,253726342600836.4,SC7,Tehran
SC7,2028,Tehran,main,Climate cost,IRR/year,256771782153586.62,SC7,Tehran
SC7,2029,Tehran,main,Climate cost,IRR/year,258654333818016.9,SC7,Tehran
SC7,2030,Tehran,main,Climate cost,IRR/year,260853815759424.9,SC7,Tehran
SC7,2024,Region12,main,Congestion index,–,1.1568503676068569,SC7,Region 12
SC7,2025,Region12,main,Congestion index,–,1.208344319041366,SC7,Region 12
SC7,2026,Region12,main,Congestion index,–,1.20259329027009,SC7,Region 12
SC7,2027,Region12,main,Congestion index,–,1.2277449875963151,SC7,Region 12
SC7,2028,Region12,main,Congestion index,–,1.2417988052070876,SC7,Region 12
SC7,2029,Region12,main,Congestion index,–,1.2466048708555866,SC7,Region 12
SC7,2030,Region12,main,Congestion index,–,1.2499178846822208,SC7,Region 12
SC7,2024,Tehran,main,Congestion index,–,0.3794418474375488,SC7,Tehran
SC7,2025,Tehran,main,Congestion index,–,0.396331637691572,SC7,Tehran
SC7,2026,Tehran,main,Congestion index,–,0.3944453254745879,SC7,Tehran
SC7,2027,Tehran,main,Congestion index,–,0.4026949718998171,SC7,Tehran
SC7,2028,Tehran,main,Congestion index,–,0.4073045624459248,SC7,Tehran
SC7,2029,Tehran,main,Congestion index,–,0.4088809309025862,SC7,Tehran
SC7,2030,Tehran,main,Congestion index,–,0.4099675849091581,SC7,Tehran
SC7,2024,Region12,main,Electricity use,kWh/year,74037521.13276044,SC7,Region 12
SC7,2025,Region12,main,Electricity use,kWh/year,73544127.94107045,SC7,Region 12
SC7,2026,Region12,main,Electricity use,kWh/year,75722008.93000808,SC7,Region 12
SC7,2027,Region12,main,Electricity use,kWh/year,76420324.48498069,SC7,Region 12
SC7,2028,Region12,main,Electricity use,kWh/year,79672289.99845773,SC7,Region 12
SC7,2029,Region12,main,Electricity use,kWh/year,82807510.23267387,SC7,Region 12
SC7,2030,Region12,main,Electricity use,kWh/year,86408213.7701747,SC7,Region 12
SC7,2024,Tehran,main,Electricity use,kWh/year,1057227408.1628684,SC7,Tehran
SC7,2025,Tehran,main,Electricity use,kWh/year,1185039541.3052073,SC7,Tehran
SC7,2026,Tehran,main,Electricity use,kWh/year,1327287336.298252,SC7,Tehran
SC7,2027,Tehran,main,Electricity use,kWh/year,1393337451.3046198,SC7,Tehran
SC7,2028,Tehran,main,Electricity use,kWh/year,1568722027.6462767,SC7,Tehran
SC7,2029,Tehran,main,Electricity use,kWh/year,1716454310.8945775,SC7,Tehran
SC7,2030,Tehran,main,Electricity use,kWh/year,1888808621.6676488,SC7,Tehran
SC7,2024,Region12,secondary,Energy: CNG,MJ/year,442482448.69432366,SC7,Region 12
SC7,2025,Region12,secondary,Energy: CNG,MJ/year,458752471.1087313,SC7,Region 12
SC7,2026,Region12,secondary,Energy: CNG,MJ/year,441640994.7200434,SC7,Region 12
SC7,2027,Region12,secondary,Energy: CNG,MJ/year,430509245.0559207,SC7,Region 12
SC7,2028,Region12,secondary,Energy: CNG,MJ/year,389681039.5648504,SC7,Region 12
SC7,2029,Region12,secondary,Energy: CNG,MJ/year,362137376.0968454,SC7,Region 12
SC7,2030,Region12,secondary,Energy: CNG,MJ/year,334838674.3422273,SC7,Region 12
SC7,2024,Tehran,secondary,Energy: CNG,MJ/year,27832811275.8067,SC7,Tehran
SC7,2025,Tehran,secondary,Energy: CNG,MJ/year,28377073310.51213,SC7,Tehran
SC7,2026,Tehran,secondary,Energy: CNG,MJ/year,27520714508.816147,SC7,Tehran
SC7,2027,Tehran,secondary,Energy: CNG,MJ/year,27394106575.620235,SC7,Tehran
SC7,2028,Tehran,secondary,Energy: CNG,MJ/year,25799171019.143837,SC7,Tehran
SC7,2029,Tehran,secondary,Energy: CNG,MJ/year,24733374404.438187,SC7,Tehran
SC7,2030,Tehran,secondary,Energy: CNG,MJ/year,23652063720.350094,SC7,Tehran
SC7,2024,Region12,secondary,Energy: diesel,MJ/year,64587017.0619518,SC7,Region 12
SC7,2025,Region12,secondary,Energy: diesel,MJ/year,67417742.33041841,SC7,Region 12
SC7,2026,Region12,secondary,Energy: diesel,MJ/year,65405871.60268874,SC7,Region 12
SC7,2027,Region12,secondary,Energy: diesel,MJ/year,64019419.06426622,SC7,Region 12
SC7,2028,Region12,secondary,Energy: diesel,MJ/year,60015734.607421406,SC7,Region 12
SC7,2029,Region12,secondary,Energy: diesel,MJ/year,55781637.19930121,SC7,Region 12
SC7,2030,Region12,secondary,Energy: diesel,MJ/year,49673825.7221645,SC7,Region 12
SC7,2024,Tehran,secondary,Energy: diesel,MJ/year,937129437.3012897,SC7,Tehran
SC7,2025,Tehran,secondary,Energy: diesel,MJ/year,1052371103.4025894,SC7,Tehran
SC7,2026,Tehran,secondary,Energy: diesel,MJ/year,888149817.9901834,SC7,Tehran
SC7,2027,Tehran,secondary,Energy: diesel,MJ/year,854793078.2406304,SC7,Tehran
SC7,2028,Tehran,secondary,Energy: diesel,MJ/year,821523138.2202654,SC7,Tehran
SC7,2029,Tehran,secondary,Energy: diesel,MJ/year,763984485.0594842,SC7,Tehran
SC7,2030,Tehran,secondary,Energy: diesel,MJ/year,676575129.394161,SC7,Tehran
SC7,2024,Region12,secondary,Energy: gasoline,MJ/year,2272622661.304563,SC7,Region 12
SC7,2025,Region12,secondary,Energy: gasoline,MJ/year,2358520111.2019396,SC7,Region 12
SC7,2026,Region12,secondary,Energy: gasoline,MJ/year,2323914585.7040176,SC7,Region 12
SC7,2027,Region12,secondary,Energy: gasoline,MJ/year,2311524181.245191,SC7,Region 12
SC7,2028,Region12,secondary,Energy: gasoline,MJ/year,2319172189.530253,SC7,Region 12
SC7,2029,Region12,secondary,Energy: gasoline,MJ/year,2335587933.3008423,SC7,Region 12
SC7,2030,Region12,secondary,Energy: gasoline,MJ/year,2351098826.9285445,SC7,Region 12
SC7,2024,Tehran,secondary,Energy: gasoline,MJ/year,205030965461.18784,SC7,Tehran
SC7,2025,Tehran,secondary,Energy: gasoline,MJ/year,212638260928.15045,SC7,Tehran
SC7,2026,Tehran,secondary,Energy: gasoline,MJ/year,211021124514.3757,SC7,Tehran
SC7,2027,Tehran,secondary,Energy: gasoline,MJ/year,215900154283.27872,SC7,Tehran
SC7,2028,Tehran,secondary,Energy: gasoline,MJ/year,218810843379.45575,SC7,Tehran
SC7,2029,Tehran,secondary,Energy: gasoline,MJ/year,220392991846.28845,SC7,Tehran
SC7,2030,Tehran,secondary,Energy: gasoline,MJ/year,222130798699.9305,SC7,Tehran
SC7,2024,Region12,main,Final energy,MJ/year,3046227203.1387763,SC7,Region 12
SC7,2025,Region12,main,Final energy,MJ/year,3149449185.228943,SC7,Region 12
SC7,2026,Region12,main,Final energy,MJ/year,3103560684.174779,SC7,Region 12
SC7,2027,Region12,main,Final energy,MJ/year,3081166013.511308,SC7,Region 12
SC7,2028,Region12,main,Final energy,MJ/year,3055689207.6969724,SC7,Region 12
SC7,2029,Region12,main,Final energy,MJ/year,3051613983.4346147,SC7,Region 12
SC7,2030,Region12,main,Final energy,MJ/year,3046680896.565566,SC7,Region 12
SC7,2024,Tehran,main,Final energy,MJ/year,237606924843.68216,SC7,Tehran
SC7,2025,Tehran,main,Final energy,MJ/year,246333847690.764,SC7,Tehran
SC7,2026,Tehran,main,Final energy,MJ/year,244208223251.8557,SC7,Tehran
SC7,2027,Tehran,main,Final energy,MJ/year,249165068761.8361,SC7,Tehran
SC7,2028,Tehran,main,Final energy,MJ/year,251078936836.34644,SC7,Tehran
SC7,2029,Tehran,main,Final energy,MJ/year,252069586255.00665,SC7,Tehran
SC7,2030,Tehran,main,Final energy,MJ/year,253259148587.6783,SC7,Tehran
SC7,2024,Region12,main,Health indicator,IRR/year,379082902501966.94,SC7,Region 12
SC7,2025,Region12,main,Health indicator,IRR/year,380398495608960.8,SC7,Region 12
SC7,2026,Region12,main,Health indicator,IRR/year,380249009569013.56,SC7,Region 12
SC7,2027,Region12,main,Health indicator,IRR/year,382913148053874.44,SC7,Region 12
SC7,2028,Region12,main,Health indicator,IRR/year,384784479563315.3,SC7,Region 12
SC7,2029,Region12,main,Health indicator,IRR/year,386389278601450.8,SC7,Region 12
SC7,2030,Region12,main,Health indicator,IRR/year,387756209448524.25,SC7,Region 12
SC7,2024,Tehran,main,Health indicator,IRR/year,1.134955020127511e+16,SC7,Tehran
SC7,2025,Tehran,main,Health indicator,IRR/year,1.1680227381013446e+16,SC7,Tehran
SC7,2026,Tehran,main,Health indicator,IRR/year,1.1765834863593572e+16,SC7,Tehran
SC7,2027,Tehran,main,Health indicator,IRR/year,1.2018693305338784e+16,SC7,Tehran
SC7,2028,Tehran,main,Health indicator,IRR/year,1.2212055790357048e+16,SC7,Tehran
SC7,2029,Tehran,main,Health indicator,IRR/year,1.2385236578185704e+16,SC7,Tehran
SC7,2030,Tehran,main,Health indicator,IRR/year,1.2567436561819962e+16,SC7,Tehran
SC7,2024,Region12,main,Modal share: car,–,0.2198585795004265,SC7,Region 12
SC7,2025,Region12,main,Modal share: car,–,0.2143111837534519,SC7,Region 12
SC7,2026,Region12,main,Modal share: car,–,0.2109647446747155,SC7,Region 12
SC7,2027,Region12,main,Modal share: car,–,0.2103329456253022,SC7,Region 12
SC7,2028,Region12,main,Modal share: car,–,0.2107092778203136,SC7,Region 12
SC7,2029,Region12,main,Modal share: car,–,0.2110516976266978,SC7,Region 12
SC7,2030,Region12,main,Modal share: car,–,0.2108869508831757,SC7,Region 12
SC7,2024,Tehran,main,Modal share: car,–,0.572152462291515,SC7,Tehran
SC7,2025,Tehran,main,Modal share: car,–,0.5639602141508211,SC7,Tehran
SC7,2026,Tehran,main,Modal share: car,–,0.5721371702567187,SC7,Tehran
SC7,2027,Tehran,main,Modal share: car,–,0.5750198300788467,SC7,Tehran
SC7,2028,Tehran,main,Modal share: car,–,0.5741062444355752,SC7,Tehran
SC7,2029,Tehran,main,Modal share: car,–,0.5735841863344904,SC7,Tehran
SC7,2030,Tehran,main,Modal share: car,–,0.5719353527432628,SC7,Tehran
SC7,2024,Region12,main,Modal share: public transport,–,0.3536342603080409,SC7,Region 12
SC7,2025,Region12,main,Modal share: public transport,–,0.35052703165707333,SC7,Region 12
SC7,2026,Region12,main,Modal share: public transport,–,0.34856846637731187,SC7,Region 12
SC7,2027,Region12,main,Modal share: public transport,–,0.3460299464206772,SC7,Region 12
SC7,2028,Region12,main,Modal share: public transport,–,0.3437267456792301,SC7,Region 12
SC7,2029,Region12,main,Modal share: public transport,–,0.3430605993059677,SC7,Region 12
SC7,2030,Region12,main,Modal share: public transport,–,0.34329626366188504,SC7,Region 12
SC7,2024,Tehran,main,Modal share: public transport,–,0.1213753025839129,SC7,Tehran
SC7,2025,Tehran,main,Modal share: public transport,–,0.1278269790185728,SC7,Tehran
SC7,2026,Tehran,main,Modal share: public transport,–,0.1225617995551276,SC7,Tehran
SC7,2027,Tehran,main,Modal share: public transport,–,0.1199689036509356,SC7,Tehran
SC7,2028,Tehran,main,Modal share: public transport,–,0.1204981232776376,SC7,Tehran
SC7,2029,Tehran,main,Modal share: public transport,–,0.12091727119563739,SC7,Tehran
SC7,2030,Tehran,main,Modal share: public transport,–,0.122537237362431,SC7,Tehran
SC7,2024,Region12,secondary,Municipal budget,IRR/year,11929000000000.002,SC7,Region 12
SC7,2025,Region12,secondary,Municipal budget,IRR/year,14881887352068.6,SC7,Region 12
SC7,2026,Region12,secondary,Municipal budget,IRR/year,18565728154888.03,SC7,Region 12
SC7,2027,Region12,secondary,Municipal budget,IRR/year,23161461565107.89,SC7,Region 12
SC7,2028,Region12,secondary,Municipal budget,IRR/year,28894816155687.996,SC7,Region 12
SC7,2029,Region12,secondary,Municipal budget,IRR/year,36047397023026.29,SC7,Region 12
SC7,2030,Region12,secondary,Municipal budget,IRR/year,44970517380498.805,SC7,Region 12
SC7,2024,Tehran,secondary,Municipal budget,IRR/year,1510000000000000.0,SC7,Tehran
SC7,2025,Tehran,secondary,Municipal budget,IRR/year,1883783209122607.2,SC7,Tehran
SC7,2026,Tehran,secondary,Municipal budget,IRR/year,2350092171504814.0,SC7,Tehran
SC7,2027,Tehran,secondary,Municipal budget,IRR/year,2931830577861758.0,SC7,Tehran
SC7,2028,Tehran,secondary,Municipal budget,IRR/year,3657571665276961.0,SC7,Tehran
SC7,2029,Tehran,secondary,Municipal budget,IRR/year,4562961648484340.0,SC7,Tehran
SC7,2030,Tehran,secondary,Municipal budget,IRR/year,5692470554493519.0,SC7,Tehran
SC7,2024,Region12,main,NOₓ emissions,t/year,851.9572710212992,SC7,Region 12
SC7,2025,Region12,main,NOₓ emissions,t/year,882.108906544002,SC7,Region 12
SC7,2026,Region12,main,NOₓ emissions,t/year,871.7806403430056,SC7,Region 12
SC7,2027,Region12,main,NOₓ emissions,t/year,867.3208985734431,SC7,Region 12
SC7,2028,Region12,main,NOₓ emissions,t/year,861.7262636635319,SC7,Region 12
SC7,2029,Region12,main,NOₓ emissions,t/year,860.7185532786881,SC7,Region 12
SC7,2030,Region12,main,NOₓ emissions,t/year,858.5958963863105,SC7,Region 12
SC7,2024,Tehran,main,NOₓ emissions,t/year,60888.18266297115,SC7,Tehran
SC7,2025,Tehran,main,NOₓ emissions,t/year,63093.92760809928,SC7,Tehran
SC7,2026,Tehran,main,NOₓ emissions,t/year,62510.46833231768,SC7,Tehran
SC7,2027,Tehran,main,NOₓ emissions,t/year,63766.00370978973,SC7,Tehran
SC7,2028,Tehran,main,NOₓ emissions,t/year,64288.88381048689,SC7,Tehran
SC7,2029,Tehran,main,NOₓ emissions,t/year,64549.873183628115,SC7,Tehran
SC7,2030,Tehran,main,NOₓ emissions,t/year,64847.508633453326,SC7,Tehran
SC7,2024,Region12,secondary,Non-public transport trips,trips/year,194894285.66704953,SC7,Region 12
SC7,2025,Region12,secondary,Non-public transport trips,trips/year,197526727.04014224,SC7,Region 12
SC7,2026,Region12,secondary,Non-public transport trips,trips/year,199837770.48076415,SC7,Region 12
SC7,2027,Region12,secondary,Non-public transport trips,trips/year,202353476.765719,SC7,Region 12
SC7,2028,Region12,secondary,Non-public transport trips,trips/year,204824321.61317682,SC7,Region 12
SC7,2029,Region12,secondary,Non-public transport trips,trips/year,206807431.28152147,SC7,Region 12
SC7,2030,Region12,secondary,Non-public transport trips,trips/year,208523174.7076124,SC7,Region 12
SC7,2024,Tehran,secondary,Non-public transport trips,trips/year,6486644092.010285,SC7,Tehran
SC7,2025,Tehran,secondary,Non-public transport trips,trips/year,6516431918.821186,SC7,Tehran
SC7,2026,Tehran,secondary,Non-public transport trips,trips/year,6634635304.333736,SC7,Tehran
SC7,2027,Tehran,secondary,Non-public transport trips,trips/year,6734071403.393837,SC7,Tehran
SC7,2028,Tehran,secondary,Non-public transport trips,trips/year,6810649914.4564495,SC7,Tehran
SC7,2029,Tehran,secondary,Non-public transport trips,trips/year,6888892861.243401,SC7,Tehran
SC7,2030,Tehran,secondary,Non-public transport trips,trips/year,6958442874.274901,SC7,Tehran
SC7,2024,Region12,main,PCE-weighted VKT,PCE-km/year,958763335.00298,SC7,Region 12
SC7,2025,Region12,main,PCE-weighted VKT,PCE-km/year,997126672.2993344,SC7,Region 12
SC7,2026,Region12,main,PCE-weighted VKT,PCE-km/year,995034860.7016156,SC7,Region 12
SC7,2027,Region12,main,PCE-weighted VKT,PCE-km/year,997804087.7568754,SC7,Region 12
SC7,2028,Region12,main,PCE-weighted VKT,PCE-km/year,1006194065.1177684,SC7,Region 12
SC7,2029,Region12,main,PCE-weighted VKT,PCE-km/year,1015481812.2064414,SC7,Region 12
SC7,2030,Region12,main,PCE-weighted VKT,PCE-km/year,1024877151.3236004,SC7,Region 12
SC7,2024,Tehran,main,PCE-weighted VKT,PCE-km/year,67451418706.739006,SC7,Tehran
SC7,2025,Tehran,main,PCE-weighted VKT,PCE-km/year,70314930167.34706,SC7,Tehran
SC7,2026,Tehran,main,PCE-weighted VKT,PCE-km/year,70028518977.2984,SC7,Tehran
SC7,2027,Tehran,main,PCE-weighted VKT,PCE-km/year,71709951835.63889,SC7,Tehran
SC7,2028,Tehran,main,PCE-weighted VKT,PCE-km/year,72899282135.05296,SC7,Tehran
SC7,2029,Tehran,main,PCE-weighted VKT,PCE-km/year,73683153165.22429,SC7,Tehran
SC7,2030,Tehran,main,PCE-weighted VKT,PCE-km/year,74498413931.09016,SC7,Tehran
SC7,2024,Region12,main,PM₂.₅ emissions,t/year,27.60570706729671,SC7,Region 12
SC7,2025,Region12,main,PM₂.₅ emissions,t/year,28.507040493787184,SC7,Region 12
SC7,2026,Region12,main,PM₂.₅ emissions,t/year,28.658690658297292,SC7,Region 12
SC7,2027,Region12,main,PM₂.₅ emissions,t/year,28.788753063426505,SC7,Region 12
SC7,2028,Region12,main,PM₂.₅ emissions,t/year,28.924546184329802,SC7,Region 12
SC7,2029,Region12,main,PM₂.₅ emissions,t/year,29.095065169792004,SC7,Region 12
SC7,2030,Region12,main,PM₂.₅ emissions,t/year,29.22934120886559,SC7,Region 12
SC7,2024,Tehran,main,PM₂.₅ emissions,t/year,1093.9949004845212,SC7,Tehran
SC7,2025,Tehran,main,PM₂.₅ emissions,t/year,1129.6784441840036,SC7,Tehran
SC7,2026,Tehran,main,PM₂.₅ emissions,t/year,1125.9875475230517,SC7,Tehran
SC7,2027,Tehran,main,PM₂.₅ emissions,t/year,1146.6933822454314,SC7,Tehran
SC7,2028,Tehran,main,PM₂.₅ emissions,t/year,1160.9986516415343,SC7,Tehran
SC7,2029,Tehran,main,PM₂.₅ emissions,t/year,1170.7069641764983,SC7,Tehran
SC7,2030,Tehran,main,PM₂.₅ emissions,t/year,1181.6721539770845,SC7,Tehran
SC7,2024,Region12,secondary,Population,persons,245721.85714285728,SC7,Region 12
SC7,2025,Region12,secondary,Population,persons,246411.88095238103,SC7,Region 12
SC7,2026,Region12,secondary,Population,persons,247101.90476190465,SC7,Region 12
SC7,2027,Region12,secondary,Population,persons,247791.9285714284,SC7,Region 12
SC7,2028,Region12,secondary,Population,persons,248481.9523809522,SC7,Region 12
SC7,2029,Region12,secondary,Population,persons,249171.976190476,SC7,Region 12
SC7,2030,Region12,secondary,Population,persons,249861.9999999996,SC7,Region 12
SC7,2024,Tehran,secondary,Population,persons,9866654.879735108,SC7,Tehran
SC7,2025,Tehran,secondary,Population,persons,9985285.535217747,SC7,Tehran
SC7,2026,Tehran,secondary,Population,persons,10105406.584846698,SC7,Tehran
SC7,2027,Tehran,secondary,Population,persons,10226640.11714494,SC7,Tehran
SC7,2028,Tehran,secondary,Population,persons,10349159.038814155,SC7,Tehran
SC7,2029,Tehran,secondary,Population,persons,10473044.704816155,SC7,Tehran
SC7,2030,Tehran,secondary,Population,persons,10598310.661794318,SC7,Tehran
SC7,2024,Region12,secondary,Public transport trips,trips/year,106628944.4471131,SC7,Region 12
SC7,2025,Region12,secondary,Public transport trips,trips/year,106607142.52507518,SC7,Region 12
SC7,2026,Region12,secondary,Public transport trips,trips/year,106929341.89625354,SC7,Region 12
SC7,2027,Region12,secondary,Public transport trips,trips/year,107069677.48758917,SC7,Region 12
SC7,2028,Region12,secondary,Public transport trips,trips/year,107277870.97909333,SC7,Region 12
SC7,2029,Region12,secondary,Public transport trips,trips/year,107996995.21967033,SC7,Region 12
SC7,2030,Region12,secondary,Public transport trips,trips/year,109006882.10365377,SC7,Region 12
SC7,2024,Tehran,secondary,Public transport trips,trips/year,896080421.751509,SC7,Tehran
SC7,2025,Tehran,secondary,Public transport trips,trips/year,955057982.9054949,SC7,Tehran
SC7,2026,Tehran,secondary,Public transport trips,trips/year,926735172.7778041,SC7,Tehran
SC7,2027,Tehran,secondary,Public transport trips,trips/year,918012064.259864,SC7,Tehran
SC7,2028,Tehran,secondary,Public transport trips,trips/year,933108336.3362409,SC7,Tehran
SC7,2029,Tehran,secondary,Public transport trips,trips/year,947562839.1352885,SC7,Tehran
SC7,2030,Tehran,secondary,Public transport trips,trips/year,971743078.4126961,SC7,Tehran
SC7,2024,Region12,main,Time loss (car),hours/year,58853730.16227816,SC7,Region 12
SC7,2025,Region12,main,Time loss (car),hours/year,61884189.75619284,SC7,Region 12
SC7,2026,Region12,main,Time loss (car),hours/year,60993613.63717356,SC7,Region 12
SC7,2027,Region12,main,Time loss (car),hours/year,63335375.73864108,SC7,Region 12
SC7,2028,Region12,main,Time loss (car),hours/year,65138978.35381092,SC7,Region 12
SC7,2029,Region12,main,Time loss (car),hours/year,66206067.00994565,SC7,Region 12
SC7,2030,Region12,main,Time loss (car),hours/year,67003161.078092456,SC7,Region 12
SC7,2024,Tehran,main,Time loss (car),hours/year,799448513.1838777,SC7,Tehran
SC7,2025,Tehran,main,Time loss (car),hours/year,882679419.3234836,SC7,Tehran
SC7,2026,Tehran,main,Time loss (car),hours/year,875132845.1643478,SC7,Tehran
SC7,2027,Tehran,main,Time loss (car),hours/year,922690405.9856206,SC7,Tehran
SC7,2028,Tehran,main,Time loss (car),hours/year,952310722.7792804,SC7,Tehran
SC7,2029,Tehran,main,Time loss (car),hours/year,966985132.1664306,SC7,Tehran
SC7,2030,Tehran,main,Time loss (car),hours/year,981015532.7564744,SC7,Tehran
SC7,2024,Region12,secondary,Trips total (effective),trips/year,301523230.1141626,SC7,Region 12
SC7,2025,Region12,secondary,Trips total (effective),trips/year,304133869.56521744,SC7,Region 12
SC7,2026,Region12,secondary,Trips total (effective),trips/year,306767112.3770177,SC7,Region 12
SC7,2027,Region12,secondary,Trips total (effective),trips/year,309423154.2533082,SC7,Region 12
SC7,2028,Region12,secondary,Trips total (effective),trips/year,312102192.59227014,SC7,Region 12
SC7,2029,Region12,secondary,Trips total (effective),trips/year,314804426.5011918,SC7,Region 12
SC7,2030,Region12,secondary,Trips total (effective),trips/year,317530056.8112662,SC7,Region 12
SC7,2024,Tehran,secondary,Trips total (effective),trips/year,7382724513.761794,SC7,Tehran
SC7,2025,Tehran,secondary,Trips total (effective),trips/year,7471489901.726681,SC7,Tehran
SC7,2026,Tehran,secondary,Trips total (effective),trips/year,7561370477.111541,SC7,Tehran
SC7,2027,Tehran,secondary,Trips total (effective),trips/year,7652083467.653701,SC7,Tehran
SC7,2028,Tehran,secondary,Trips total (effective),trips/year,7743758250.79269,SC7,Tehran
SC7,2029,Tehran,secondary,Trips total (effective),trips/year,7836455700.378689,SC7,Tehran
SC7,2030,Tehran,secondary,Trips total (effective),trips/year,7930185952.687597,SC7,Tehran
SC8,2024,Region12,main,CO₂ emissions,t/year,224402.251826626,SC8,Region 12
SC8,2025,Region12,main,CO₂ emissions,t/year,226839.92478365463,SC8,Region 12
SC8,2026,Region12,main,CO₂ emissions,t/year,224786.68729864413,SC8,Region 12
SC8,2027,Region12,main,CO₂ emissions,t/year,222333.19412608683,SC8,Region 12
SC8,2028,Region12,main,CO₂ emissions,t/year,223027.60826859195,SC8,Region 12
SC8,2029,Region12,main,CO₂ emissions,t/year,224098.8024599201,SC8,Region 12
SC8,2030,Region12,main,CO₂ emissions,t/year,226188.55506432045,SC8,Region 12
SC8,2024,Tehran,main,CO₂ emissions,t/year,16086828.297386346,SC8,Tehran
SC8,2025,Tehran,main,CO₂ emissions,t/year,16602338.877619334,SC8,Tehran
SC8,2026,Tehran,main,CO₂ emissions,t/year,15330621.090239933,SC8,Tehran
SC8,2027,Tehran,main,CO₂ emissions,t/year,15428573.98609938,SC8,Tehran
SC8,2028,Tehran,main,CO₂ emissions,t/year,15521794.240600338,SC8,Tehran
SC8,2029,Tehran,main,CO₂ emissions,t/year,15618267.949458884,SC8,Tehran
SC8,2030,Tehran,main,CO₂ emissions,t/year,15677535.425485792,SC8,Tehran
SC8,2024,Region12,main,Climate cost,IRR/year,3366033777399.3896,SC8,Region 12
SC8,2025,Region12,main,Climate cost,IRR/year,3402598871754.82,SC8,Region 12
SC8,2026,Region12,main,Climate cost,IRR/year,3371800309479.662,SC8,Region 12
SC8,2027,Region12,main,Climate cost,IRR/year,3334997911891.3027,SC8,Region 12
SC8,2028,Region12,main,Climate cost,IRR/year,3345414124028.8794,SC8,Region 12
SC8,2029,Region12,main,Climate cost,IRR/year,3361482036898.802,SC8,Region 12
SC8,2030,Region12,main,Climate cost,IRR/year,3392828325964.8066,SC8,Region 12
SC8,2024,Tehran,main,Climate cost,IRR/year,241302424460795.2,SC8,Tehran
SC8,2025,Tehran,main,Climate cost,IRR/year,249035083164290.0,SC8,Tehran
SC8,2026,Tehran,main,Climate cost,IRR/year,229959316353599.0,SC8,Tehran
SC8,2027,Tehran,main,Climate cost,IRR/year,231428609791490.7,SC8,Tehran
SC8,2028,Tehran,main,Climate cost,IRR/year,232826913609005.03,SC8,Tehran
SC8,2029,Tehran,main,Climate cost,IRR/year,234274019241883.25,SC8,Tehran
SC8,2030,Tehran,main,Climate cost,IRR/year,235163031382286.88,SC8,Tehran
SC8,2024,Region12,main,Congestion index,–,1.1548528516149583,SC8,Region 12
SC8,2025,Region12,main,Congestion index,–,1.203085175920222,SC8,Region 12
SC8,2026,Region12,main,Congestion index,–,1.117655911391506,SC8,Region 12
SC8,2027,Region12,main,Congestion index,–,1.1242764271698578,SC8,Region 12
SC8,2028,Region12,main,Congestion index,–,1.1274947628113934,SC8,Region 12
SC8,2029,Region12,main,Congestion index,–,1.1282177875034736,SC8,Region 12
SC8,2030,Region12,main,Congestion index,–,1.1233410511699131,SC8,Region 12
SC8,2024,Tehran,main,Congestion index,–,0.3787866709519157,SC8,Tehran
SC8,2025,Tehran,main,Congestion index,–,0.3946066618107644,SC8,Tehran
SC8,2026,Tehran,main,Congestion index,–,0.3665862376784162,SC8,Tehran
SC8,2027,Tehran,main,Congestion index,–,0.3687577378207586,SC8,Tehran
SC8,2028,Tehran,main,Congestion index,–,0.3698133377978106,SC8,Tehran
SC8,2029,Tehran,main,Congestion index,–,0.3700504867261318,SC8,Tehran
SC8,2030,Tehran,main,Congestion index,–,0.3684509385946825,SC8,Tehran
SC8,2024,Region12,main,Electricity use,kWh/year,76658499.97136042,SC8,Region 12
SC8,2025,Region12,main,Electricity use,kWh/year,75538073.91852638,SC8,Region 12
SC8,2026,Region12,main,Electricity use,kWh/year,76469922.92878671,SC8,Region 12
SC8,2027,Region12,main,Electricity use,kWh/year,75819065.8421618,SC8,Region 12
SC8,2028,Region12,main,Electricity use,kWh/year,75650877.92453426,SC8,Region 12
SC8,2029,Region12,main,Electricity use,kWh/year,76504239.21507138,SC8,Region 12
SC8,2030,Region12,main,Electricity use,kWh/year,78038796.03403813,SC8,Region 12
SC8,2024,Tehran,main,Electricity use,kWh/year,1099176353.070197,SC8,Tehran
SC8,2025,Tehran,main,Electricity use,kWh/year,1261431295.3386638,SC8,Tehran
SC8,2026,Tehran,main,Electricity use,kWh/year,1323763727.9427805,SC8,Tehran
SC8,2027,Tehran,main,Electricity use,kWh/year,1335252801.897397,SC8,Tehran
SC8,2028,Tehran,main,Electricity use,kWh/year,1361492278.6516144,SC8,Tehran
SC8,2029,Tehran,main,Electricity use,kWh/year,1415950422.1575668,SC8,Tehran
SC8,2030,Tehran,main,Electricity use,kWh/year,1492080635.5311265,SC8,Tehran
SC8,2024,Region12,secondary,Energy: CNG,MJ/year,440942983.33309627,SC8,Region 12
SC8,2025,Region12,secondary,Energy: CNG,MJ/year,456266995.7993415,SC8,Region 12
SC8,2026,Region12,secondary,Energy: CNG,MJ/year,463417067.38349015,SC8,Region 12
SC8,2027,Region12,secondary,Energy: CNG,MJ/year,466495807.72140044,SC8,Region 12
SC8,2028,Region12,secondary,Energy: CNG,MJ/year,472236360.1730312,SC8,Region 12
SC8,2029,Region12,secondary,Energy: CNG,MJ/year,474273879.62125105,SC8,Region 12
SC8,2030,Region12,secondary,Energy: CNG,MJ/year,477881766.34241545,SC8,Region 12
SC8,2024,Tehran,secondary,Energy: CNG,MJ/year,28216272001.38787,SC8,Tehran
SC8,2025,Tehran,secondary,Energy: CNG,MJ/year,29668368709.286274,SC8,Tehran
SC8,2026,Tehran,secondary,Energy: CNG,MJ/year,28468680552.03548,SC8,Tehran
SC8,2027,Tehran,secondary,Energy: CNG,MJ/year,28769531917.606903,SC8,Tehran
SC8,2028,Tehran,secondary,Energy: CNG,MJ/year,28982406345.738953,SC8,Tehran
SC8,2029,Tehran,secondary,Energy: CNG,MJ/year,29265979069.06833,SC8,Tehran
SC8,2030,Tehran,secondary,Energy: CNG,MJ/year,29440453087.936966,SC8,Tehran
SC8,2024,Region12,secondary,Energy: diesel,MJ/year,82271359.62532584,SC8,Region 12
SC8,2025,Region12,secondary,Energy: diesel,MJ/year,88022505.03776452,SC8,Region 12
SC8,2026,Region12,secondary,Energy: diesel,MJ/year,90247116.77517606,SC8,Region 12
SC8,2027,Region12,secondary,Energy: diesel,MJ/year,92835210.8922948,SC8,Region 12
SC8,2028,Region12,secondary,Energy: diesel,MJ/year,94099213.51736291,SC8,Region 12
SC8,2029,Region12,secondary,Energy: diesel,MJ/year,95266691.93524724,SC8,Region 12
SC8,2030,Region12,secondary,Energy: diesel,MJ/year,96649700.11069605,SC8,Region 12
SC8,2024,Tehran,secondary,Energy: diesel,MJ/year,1229699746.3646836,SC8,Tehran
SC8,2025,Tehran,secondary,Energy: diesel,MJ/year,2061563236.7941728,SC8,Tehran
SC8,2026,Tehran,secondary,Energy: diesel,MJ/year,2048979933.2547097,SC8,Tehran
SC8,2027,Tehran,secondary,Energy: diesel,MJ/year,2086898574.3191025,SC8,Tehran
SC8,2028,Tehran,secondary,Energy: diesel,MJ/year,2152267071.22642,SC8,Tehran
SC8,2029,Tehran,secondary,Energy: diesel,MJ/year,2181017024.704883,SC8,Tehran
SC8,2030,Tehran,secondary,Energy: diesel,MJ/year,2205974636.081914,SC8,Tehran
SC8,2024,Region12,secondary,Energy: gasoline,MJ/year,2254477443.079964,SC8,Region 12
SC8,2025,Region12,secondary,Energy: gasoline,MJ/year,2281301262.2381134,SC8,Region 12
SC8,2026,Region12,secondary,Energy: gasoline,MJ/year,2235205831.7704277,SC8,Region 12
SC8,2027,Region12,secondary,Energy: gasoline,MJ/year,2199013881.6087513,SC8,Region 12
SC8,2028,Region12,secondary,Energy: gasoline,MJ/year,2204690598.1393366,SC8,Region 12
SC8,2029,Region12,secondary,Energy: gasoline,MJ/year,2210741833.9875555,SC8,Region 12
SC8,2030,Region12,secondary,Energy: gasoline,MJ/year,2224825871.52948,SC8,Region 12
SC8,2024,Tehran,secondary,Energy: gasoline,MJ/year,204978043865.6958,SC8,Tehran
SC8,2025,Tehran,secondary,Energy: gasoline,MJ/year,209251544363.1227,SC8,Tehran
SC8,2026,Tehran,secondary,Energy: gasoline,MJ/year,190905774315.58246,SC8,Tehran
SC8,2027,Tehran,secondary,Energy: gasoline,MJ/year,191978475627.5976,SC8,Tehran
SC8,2028,Tehran,secondary,Energy: gasoline,MJ/year,192904420797.69196,SC8,Tehran
SC8,2029,Tehran,secondary,Energy: gasoline,MJ/year,193628825941.87064,SC8,Tehran
SC8,2030,Tehran,secondary,Energy: gasoline,MJ/year,193718648753.50958,SC8,Tehran
SC8,2024,Region12,main,Final energy,MJ/year,3053662385.935284,SC8,Region 12
SC8,2025,Region12,main,Final energy,MJ/year,3097527829.181915,SC8,Region 12
SC8,2026,Region12,main,Final energy,MJ/year,3064161738.472726,SC8,Region 12
SC8,2027,Region12,main,Final energy,MJ/year,3031293537.254229,SC8,Region 12
SC8,2028,Region12,main,Final energy,MJ/year,3043369332.358054,SC8,Region 12
SC8,2029,Region12,main,Final energy,MJ/year,3055697666.718311,SC8,Region 12
SC8,2030,Region12,main,Final energy,MJ/year,3080297003.7051287,SC8,Region 12
SC8,2024,Tehran,main,Final energy,MJ/year,238381050484.50107,SC8,Tehran
SC8,2025,Tehran,main,Final energy,MJ/year,245522628972.4223,SC8,Tehran
SC8,2026,Tehran,main,Final energy,MJ/year,226188984221.4667,SC8,Tehran
SC8,2027,Tehran,main,Final energy,MJ/year,227641816206.35425,SC8,Tehran
SC8,2028,Tehran,main,Final energy,MJ/year,228940466417.8031,SC8,Tehran
SC8,2029,Tehran,main,Final energy,MJ/year,230173243555.4111,SC8,Tehran
SC8,2030,Tehran,main,Final energy,MJ/year,230736566765.4405,SC8,Tehran
SC8,2024,Region12,main,Health indicator,IRR/year,379808265322728.7,SC8,Region 12
SC8,2025,Region12,main,Health indicator,IRR/year,375313689590137.25,SC8,Region 12
SC8,2026,Region12,main,Health indicator,IRR/year,366352710248861.9,SC8,Region 12
SC8,2027,Region12,main,Health indicator,IRR/year,364810012322932.94,SC8,Region 12
SC8,2028,Region12,main,Health indicator,IRR/year,362860814822719.25,SC8,Region 12
SC8,2029,Region12,main,Health indicator,IRR/year,364115102155810.7,SC8,Region 12
SC8,2030,Region12,main,Health indicator,IRR/year,363543700525178.8,SC8,Region 12
SC8,2024,Tehran,main,Health indicator,IRR/year,1.1373564966276746e+16,SC8,Tehran
SC8,2025,Tehran,main,Health indicator,IRR/year,1.1620969351773874e+16,SC8,Tehran
SC8,2026,Tehran,main,Health indicator,IRR/year,1.1293405495032156e+16,SC8,Tehran
SC8,2027,Tehran,main,Health indicator,IRR/year,1.1448629321093006e+16,SC8,Tehran
SC8,2028,Tehran,main,Health indicator,IRR/year,1.1562064221255616e+16,SC8,Tehran
SC8,2029,Tehran,main,Health indicator,IRR/year,1.171887686613287e+16,SC8,Tehran
SC8,2030,Tehran,main,Health indicator,IRR/year,1.1841436410529878e+16,SC8,Tehran
SC8,2024,Region12,main,Modal share: car,–,0.2130134587404052,SC8,Region 12
SC8,2025,Region12,main,Modal share: car,–,0.2060697152640975,SC8,Region 12
SC8,2026,Region12,main,Modal share: car,–,0.199944669818403,SC8,Region 12
SC8,2027,Region12,main,Modal share: car,–,0.1984133462185557,SC8,Region 12
SC8,2028,Region12,main,Modal share: car,–,0.1974031632215826,SC8,Region 12
SC8,2029,Region12,main,Modal share: car,–,0.1973107462809455,SC8,Region 12
SC8,2030,Region12,main,Modal share: car,–,0.1953743951537558,SC8,Region 12
SC8,2024,Tehran,main,Modal share: car,–,0.5631605432768988,SC8,Tehran
SC8,2025,Tehran,main,Modal share: car,–,0.5192215168491338,SC8,Tehran
SC8,2026,Tehran,main,Modal share: car,–,0.517207922368776,SC8,Tehran
SC8,2027,Tehran,main,Modal share: car,–,0.5201171932922315,SC8,Tehran
SC8,2028,Tehran,main,Modal share: car,–,0.5170352733882836,SC8,Tehran
SC8,2029,Tehran,main,Modal share: car,–,0.5163089956611566,SC8,Tehran
SC8,2030,Tehran,main,Modal share: car,–,0.511648890830073,SC8,Tehran
SC8,2024,Region12,main,Modal share: public transport,–,0.3733598008460717,SC8,Region 12
SC8,2025,Region12,main,Modal share: public transport,–,0.37682409574346953,SC8,Region 12
SC8,2026,Region12,main,Modal share: public transport,–,0.378458260958661,SC8,Region 12
SC8,2027,Region12,main,Modal share: public transport,–,0.3769865616265997,SC8,Region 12
SC8,2028,Region12,main,Modal share: public transport,–,0.3744241355747614,SC8,Region 12
SC8,2029,Region12,main,Modal share: public transport,–,0.3737700538661426,SC8,Region 12
SC8,2030,Region12,main,Modal share: public transport,–,0.37535025606753103,SC8,Region 12
SC8,2024,Tehran,main,Modal share: public transport,–,0.13514515802384758,SC8,Tehran
SC8,2025,Tehran,main,Modal share: public transport,–,0.1689683314701042,SC8,Tehran
SC8,2026,Tehran,main,Modal share: public transport,–,0.1702219404993941,SC8,Tehran
SC8,2027,Tehran,main,Modal share: public transport,–,0.1676588577774836,SC8,Tehran
SC8,2028,Tehran,main,Modal share: public transport,–,0.1689026636092294,SC8,Tehran
SC8,2029,Tehran,main,Modal share: public transport,–,0.169484729564232,SC8,Tehran
SC8,2030,Tehran,main,Modal share: public transport,–,0.1729918229067526,SC8,Tehran
SC8,2024,Region12,secondary,Municipal budget,IRR/year,11929000000000.002,SC8,Region 12
SC8,2025,Region12,secondary,Municipal budget,IRR/year,14881887352068.6,SC8,Region 12
SC8,2026,Region12,secondary,Municipal budget,IRR/year,18565728154888.03,SC8,Region 12
SC8,2027,Region12,secondary,Municipal budget,IRR/year,23161461565107.89,SC8,Region 12
SC8,2028,Region12,secondary,Municipal budget,IRR/year,28894816155687.996,SC8,Region 12
SC8,2029,Region12,secondary,Municipal budget,IRR/year,36047397023026.29,SC8,Region 12
SC8,2030,Region12,secondary,Municipal budget,IRR/year,44970517380498.805,SC8,Region 12
SC8,2024,Tehran,secondary,Municipal budget,IRR/year,1510000000000000.0,SC8,Tehran
SC8,2025,Tehran,secondary,Municipal budget,IRR/year,1883783209122607.2,SC8,Tehran
SC8,2026,Tehran,secondary,Municipal budget,IRR/year,2350092171504814.0,SC8,Tehran
SC8,2027,Tehran,secondary,Municipal budget,IRR/year,2931830577861758.0,SC8,Tehran
SC8,2028,Tehran,secondary,Municipal budget,IRR/year,3657571665276961.0,SC8,Tehran
SC8,2029,Tehran,secondary,Municipal budget,IRR/year,4562961648484340.0,SC8,Tehran
SC8,2030,Tehran,secondary,Municipal budget,IRR/year,5692470554493519.0,SC8,Tehran
SC8,2024,Region12,main,NOₓ emissions,t/year,855.4755922530389,SC8,Region 12
SC8,2025,Region12,main,NOₓ emissions,t/year,843.2827998386288,SC8,Region 12
SC8,2026,Region12,main,NOₓ emissions,t/year,831.563701239471,SC8,Region 12
SC8,2027,Region12,main,NOₓ emissions,t/year,820.9768254688582,SC8,Region 12
SC8,2028,Region12,main,NOₓ emissions,t/year,795.6797475822127,SC8,Region 12
SC8,2029,Region12,main,NOₓ emissions,t/year,795.7675856518032,SC8,Region 12
SC8,2030,Region12,main,NOₓ emissions,t/year,785.5672104851573,SC8,Region 12
SC8,2024,Tehran,main,NOₓ emissions,t/year,61140.81799279409,SC8,Tehran
SC8,2025,Tehran,main,NOₓ emissions,t/year,62621.65659566973,SC8,Tehran
SC8,2026,Tehran,main,NOₓ emissions,t/year,57533.896821769624,SC8,Tehran
SC8,2027,Tehran,main,NOₓ emissions,t/year,57767.1517301096,SC8,Tehran
SC8,2028,Tehran,main,NOₓ emissions,t/year,57651.98191618554,SC8,Tehran
SC8,2029,Tehran,main,NOₓ emissions,t/year,57820.93140816451,SC8,Tehran
SC8,2030,Tehran,main,NOₓ emissions,t/year,57654.094745014365,SC8,Tehran
SC8,2024,Region12,secondary,Non-public transport trips,trips/year,188946576.96827462,SC8,Region 12
SC8,2025,Region12,secondary,Non-public transport trips,trips/year,189528899.18134207,SC8,Region 12
SC8,2026,Region12,secondary,Non-public transport trips,trips/year,186855193.21735144,SC8,Region 12
SC8,2027,Region12,secondary,Non-public transport trips,trips/year,188919287.5788226,SC8,Region 12
SC8,2028,Region12,secondary,Non-public transport trips,trips/year,189386290.95232403,SC8,Region 12
SC8,2029,Region12,secondary,Non-public transport trips,trips/year,191225760.27902496,SC8,Region 12
SC8,2030,Region12,secondary,Non-public transport trips,trips/year,190907128.60259402,SC8,Region 12
SC8,2024,Tehran,secondary,Non-public transport trips,trips/year,6384946853.09059,SC8,Tehran
SC8,2025,Tehran,secondary,Non-public transport trips,trips/year,6209097737.456181,SC8,Tehran
SC8,2026,Tehran,secondary,Non-public transport trips,trips/year,6149533325.213658,SC8,Tehran
SC8,2027,Tehran,secondary,Non-public transport trips,trips/year,6243393022.843883,SC8,Tehran
SC8,2028,Tehran,secondary,Non-public transport trips,trips/year,6245351399.502697,SC8,Tehran
SC8,2029,Tehran,secondary,Non-public transport trips,trips/year,6316694239.584906,SC8,Tehran
SC8,2030,Tehran,secondary,Non-public transport trips,trips/year,6317129891.384541,SC8,Tehran
SC8,2024,Region12,main,PCE-weighted VKT,PCE-km/year,943972142.0334442,SC8,Region 12
SC8,2025,Region12,main,PCE-weighted VKT,PCE-km/year,964374060.5491772,SC8,Region 12
SC8,2026,Region12,main,PCE-weighted VKT,PCE-km/year,940988309.6799164,SC8,Region 12
SC8,2027,Region12,main,PCE-weighted VKT,PCE-km/year,936879100.3079826,SC8,Region 12
SC8,2028,Region12,main,PCE-weighted VKT,PCE-km/year,935667520.5492848,SC8,Region 12
SC8,2029,Region12,main,PCE-weighted VKT,PCE-km/year,940848636.9177328,SC8,Region 12
SC8,2030,Region12,main,PCE-weighted VKT,PCE-km/year,941984272.0789826,SC8,Region 12
SC8,2024,Tehran,main,PCE-weighted VKT,PCE-km/year,67334951364.62139,SC8,Tehran
SC8,2025,Tehran,main,PCE-weighted VKT,PCE-km/year,70008894647.93759,SC8,Tehran
SC8,2026,Tehran,main,PCE-weighted VKT,PCE-km/year,65082508637.14008,SC8,Tehran
SC8,2027,Tehran,main,PCE-weighted VKT,PCE-km/year,65666575108.676605,SC8,Tehran
SC8,2028,Tehran,main,PCE-weighted VKT,PCE-km/year,66189110889.243805,SC8,Tehran
SC8,2029,Tehran,main,PCE-weighted VKT,PCE-km/year,66685640321.05344,SC8,Tehran
SC8,2030,Tehran,main,PCE-weighted VKT,PCE-km/year,66954099658.40975,SC8,Tehran
SC8,2024,Region12,main,PM₂.₅ emissions,t/year,27.42541132767233,SC8,Region 12
SC8,2025,Region12,main,PM₂.₅ emissions,t/year,25.25590684608012,SC8,Region 12
SC8,2026,Region12,main,PM₂.₅ emissions,t/year,25.285309004201743,SC8,Region 12
SC8,2027,Region12,main,PM₂.₅ emissions,t/year,25.23047205266922,SC8,Region 12
SC8,2028,Region12,main,PM₂.₅ emissions,t/year,23.450848428522974,SC8,Region 12
SC8,2029,Region12,main,PM₂.₅ emissions,t/year,23.51260615105807,SC8,Region 12
SC8,2030,Region12,main,PM₂.₅ emissions,t/year,22.646616632364964,SC8,Region 12
SC8,2024,Tehran,main,PM₂.₅ emissions,t/year,1100.1637161330132,SC8,Tehran
SC8,2025,Tehran,main,PM₂.₅ emissions,t/year,1096.306669946865,SC8,Tehran
SC8,2026,Tehran,main,PM₂.₅ emissions,t/year,1024.3807456753082,SC8,Tehran
SC8,2027,Tehran,main,PM₂.₅ emissions,t/year,1028.3530867886777,SC8,Tehran
SC8,2028,Tehran,main,PM₂.₅ emissions,t/year,1008.8909239104506,SC8,Tehran
SC8,2029,Tehran,main,PM₂.₅ emissions,t/year,1013.1090407674611,SC8,Tehran
SC8,2030,Tehran,main,PM₂.₅ emissions,t/year,1002.6945372972713,SC8,Tehran
SC8,2024,Region12,secondary,Population,persons,245721.85714285728,SC8,Region 12
SC8,2025,Region12,secondary,Population,persons,246411.88095238103,SC8,Region 12
SC8,2026,Region12,secondary,Population,persons,247101.90476190465,SC8,Region 12
SC8,2027,Region12,secondary,Population,persons,247791.9285714284,SC8,Region 12
SC8,2028,Region12,secondary,Population,persons,248481.9523809522,SC8,Region 12
SC8,2029,Region12,secondary,Population,persons,249171.976190476,SC8,Region 12
SC8,2030,Region12,secondary,Population,persons,249861.9999999996,SC8,Region 12
SC8,2024,Tehran,secondary,Population,persons,9866595.865701033,SC8,Tehran
SC8,2025,Tehran,secondary,Population,persons,9985370.797942055,SC8,Tehran
SC8,2026,Tehran,secondary,Population,persons,10106654.30078097,SC8,Tehran
SC8,2027,Tehran,secondary,Population,persons,10229314.033513317,SC8,Tehran
SC8,2028,Tehran,secondary,Population,persons,10353484.295975644,SC8,Tehran
SC8,2029,Tehran,secondary,Population,persons,10479094.900944673,SC8,Tehran
SC8,2030,Tehran,secondary,Population,persons,10606266.60217042,SC8,Tehran
SC8,2024,Region12,secondary,Public transport trips,trips/year,112576653.145888,SC8,Region 12
SC8,2025,Region12,secondary,Public transport trips,trips/year,114604970.38387537,SC8,Region 12
SC8,2026,Region12,secondary,Public transport trips,trips/year,113776576.9121259,SC8,Region 12
SC8,2027,Region12,secondary,Public transport trips,trips/year,114315403.58941941,SC8,Region 12
SC8,2028,Region12,secondary,Public transport trips,trips/year,113352835.86217798,SC8,Region 12
SC8,2029,Region12,secondary,Public transport trips,trips/year,114134533.42713106,SC8,Region 12
SC8,2030,Region12,secondary,Public transport trips,trips/year,114715551.0782497,SC8,Region 12
SC8,2024,Tehran,secondary,Public transport trips,trips/year,997733503.420207,SC8,Tehran
SC8,2025,Tehran,secondary,Public transport trips,trips/year,1262455962.1039615,SC8,Tehran
SC8,2026,Tehran,secondary,Public transport trips,trips/year,1261524673.7345145,SC8,Tehran
SC8,2027,Tehran,secondary,Public transport trips,trips/year,1257609518.2209282,SC8,Tehran
SC8,2028,Tehran,secondary,Public transport trips,trips/year,1269233386.227164,SC8,Tehran
SC8,2029,Tehran,secondary,Public transport trips,trips/year,1289059037.2579894,SC8,Tehran
SC8,2030,Tehran,secondary,Public transport trips,trips/year,1321403881.749201,SC8,Tehran
SC8,2024,Region12,main,Time loss (car),hours/year,56870190.6818192,SC8,Region 12
SC8,2025,Region12,main,Time loss (car),hours/year,59104318.73909748,SC8,Region 12
SC8,2026,Region12,main,Time loss (car),hours/year,51652903.28676785,SC8,Region 12
SC8,2027,Region12,main,Time loss (car),hours/year,52169949.773960605,SC8,Region 12
SC8,2028,Region12,main,Time loss (car),hours/year,52583144.50883764,SC8,Region 12
SC8,2029,Region12,main,Time loss (car),hours/year,53065611.62978658,SC8,Region 12
SC8,2030,Region12,main,Time loss (car),hours/year,52649768.64954179,SC8,Region 12
SC8,2024,Tehran,main,Time loss (car),hours/year,797684297.8769062,SC8,Tehran
SC8,2025,Tehran,main,Time loss (car),hours/year,863964673.5053062,SC8,Tehran
SC8,2026,Tehran,main,Time loss (car),hours/year,719254832.7168552,SC8,Tehran
SC8,2027,Tehran,main,Time loss (car),hours/year,730615541.2443818,SC8,Tehran
SC8,2028,Tehran,main,Time loss (car),hours/year,738731904.318502,SC8,Tehran
SC8,2029,Tehran,main,Time loss (car),hours/year,743869329.1516621,SC8,Tehran
SC8,2030,Tehran,main,Time loss (car),hours/year,741934027.0290356,SC8,Tehran
SC8,2024,Region12,secondary,Trips total (effective),trips/year,301523230.1141626,SC8,Region 12
SC8,2025,Region12,secondary,Trips total (effective),trips/year,304133869.56521744,SC8,Region 12
SC8,2026,Region12,secondary,Trips total (effective),trips/year,300631770.1294773,SC8,Region 12
SC8,2027,Region12,secondary,Trips total (effective),trips/year,303234691.16824204,SC8,Region 12
SC8,2028,Region12,secondary,Trips total (effective),trips/year,302739126.814502,SC8,Region 12
SC8,2029,Region12,secondary,Trips total (effective),trips/year,305360293.706156,SC8,Region 12
SC8,2030,Region12,secondary,Trips total (effective),trips/year,305622679.6808437,SC8,Region 12
SC8,2024,Tehran,secondary,Trips total (effective),trips/year,7382680356.510797,SC8,Tehran
SC8,2025,Tehran,secondary,Trips total (effective),trips/year,7471553699.560142,SC8,Tehran
SC8,2026,Tehran,secondary,Trips total (effective),trips/year,7411057998.948173,SC8,Tehran
SC8,2027,Tehran,secondary,Trips total (effective),trips/year,7501002541.064811,SC8,Tehran
SC8,2028,Tehran,secondary,Trips total (effective),trips/year,7514584785.729861,SC8,Tehran
SC8,2029,Tehran,secondary,Trips total (effective),trips/year,7605753276.842895,SC8,Tehran
SC8,2030,Tehran,secondary,Trips total (effective),trips/year,7638533773.133741,SC8,Tehran
SC9,2024,Region12,main,CO₂ emissions,t/year,225772.7460209352,SC9,Region 12
SC9,2025,Region12,main,CO₂ emissions,t/year,226226.56913778567,SC9,Region 12
SC9,2026,Region12,main,CO₂ emissions,t/year,225747.88804428573,SC9,Region 12
SC9,2027,Region12,main,CO₂ emissions,t/year,222511.8636104274,SC9,Region 12
SC9,2028,Region12,main,CO₂ emissions,t/year,223303.0997257413,SC9,Region 12
SC9,2029,Region12,main,CO₂ emissions,t/year,223273.71406660025,SC9,Region 12
SC9,2030,Region12,main,CO₂ emissions,t/year,224105.41621697543,SC9,Region 12
SC9,2024,Tehran,main,CO₂ emissions,t/year,16113673.876390489,SC9,Tehran
SC9,2025,Tehran,main,CO₂ emissions,t/year,16596898.38252106,SC9,Tehran
SC9,2026,Tehran,main,CO₂ emissions,t/year,15677734.379285784,SC9,Tehran
SC9,2027,Tehran,main,CO₂ emissions,t/year,15658566.456272537,SC9,Tehran
SC9,2028,Tehran,main,CO₂ emissions,t/year,15908697.007288646,SC9,Tehran
SC9,2029,Tehran,main,CO₂ emissions,t/year,15944571.698002892,SC9,Tehran
SC9,2030,Tehran,main,CO₂ emissions,t/year,16088147.975392262,SC9,Tehran
SC9,2024,Region12,main,Climate cost,IRR/year,3386591190314.028,SC9,Region 12
SC9,2025,Region12,main,Climate cost,IRR/year,3393398537066.785,SC9,Region 12
SC9,2026,Region12,main,Climate cost,IRR/year,3386218320664.286,SC9,Region 12
SC9,2027,Region12,main,Climate cost,IRR/year,3337677954156.41,SC9,Region 12
SC9,2028,Region12,main,Climate cost,IRR/year,3349546495886.12,SC9,Region 12
SC9,2029,Region12,main,Climate cost,IRR/year,3349105710999.004,SC9,Region 12
SC9,2030,Region12,main,Climate cost,IRR/year,3361581243254.632,SC9,Region 12
SC9,2024,Tehran,main,Climate cost,IRR/year,241705108145857.3,SC9,Tehran
SC9,2025,Tehran,main,Climate cost,IRR/year,248953475737815.9,SC9,Tehran
SC9,2026,Tehran,main,Climate cost,IRR/year,235166015689286.8,SC9,Tehran
SC9,2027,Tehran,main,Climate cost,IRR/year,234878496844088.03,SC9,Tehran
SC9,2028,Tehran,main,Climate cost,IRR/year,238630455109329.7,SC9,Tehran
SC9,2029,Tehran,main,Climate cost,IRR/year,239168575470043.4,SC9,Tehran
SC9,2030,Tehran,main,Climate cost,IRR/year,241322219630884.0,SC9,Tehran
SC9,2024,Region12,main,Congestion index,–,1.1536784295277207,SC9,Region 12
SC9,2025,Region12,main,Congestion index,–,1.1952942348208515,SC9,Region 12
SC9,2026,Region12,main,Congestion index,–,1.1347392692638454,SC9,Region 12
SC9,2027,Region12,main,Congestion index,–,1.1339555923530384,SC9,Region 12
SC9,2028,Region12,main,Congestion index,–,1.1477124393998477,SC9,Region 12
SC9,2029,Region12,main,Congestion index,–,1.1442079647110837,SC9,Region 12
SC9,2030,Region12,main,Congestion index,–,1.146399326474686,SC9,Region 12
SC9,2024,Tehran,main,Congestion index,–,0.3784014656574965,SC9,Tehran
SC9,2025,Tehran,main,Congestion index,–,0.3920512672957956,SC9,Tehran
SC9,2026,Tehran,main,Congestion index,–,0.3721895041448709,SC9,Tehran
SC9,2027,Tehran,main,Congestion index,–,0.3719324615547856,SC9,Tehran
SC9,2028,Tehran,main,Congestion index,–,0.3764446470582188,SC9,Tehran
SC9,2029,Tehran,main,Congestion index,–,0.3752951947284819,SC9,Tehran
SC9,2030,Tehran,main,Congestion index,–,0.3760139517771617,SC9,Tehran
SC9,2024,Region12,main,Electricity use,kWh/year,80706998.29268324,SC9,Region 12
SC9,2025,Region12,main,Electricity use,kWh/year,78349942.97114526,SC9,Region 12
SC9,2026,Region12,main,Electricity use,kWh/year,79672323.73669355,SC9,Region 12
SC9,2027,Region12,main,Electricity use,kWh/year,79138929.03311685,SC9,Region 12
SC9,2028,Region12,main,Electricity use,kWh/year,79728282.31484067,SC9,Region 12
SC9,2029,Region12,main,Electricity use,kWh/year,80882504.02991566,SC9,Region 12
SC9,2030,Region12,main,Electricity use,kWh/year,82312910.81659542,SC9,Region 12
SC9,2024,Tehran,main,Electricity use,kWh/year,1165562619.6544454,SC9,Tehran
SC9,2025,Tehran,main,Electricity use,kWh/year,1403263669.7726774,SC9,Tehran
SC9,2026,Tehran,main,Electricity use,kWh/year,1517011933.783759,SC9,Tehran
SC9,2027,Tehran,main,Electricity use,kWh/year,1520156218.7748082,SC9,Tehran
SC9,2028,Tehran,main,Electricity use,kWh/year,1593784301.8179245,SC9,Tehran
SC9,2029,Tehran,main,Electricity use,kWh/year,1664259132.512972,SC9,Tehran
SC9,2030,Tehran,main,Electricity use,kWh/year,1761075878.8419323,SC9,Tehran
SC9,2024,Region12,secondary,Energy: CNG,MJ/year,437443248.8158822,SC9,Region 12
SC9,2025,Region12,secondary,Energy: CNG,MJ/year,452686210.4700072,SC9,Region 12
SC9,2026,Region12,secondary,Energy: CNG,MJ/year,456513186.6953562,SC9,Region 12
SC9,2027,Region12,secondary,Energy: CNG,MJ/year,458190710.6481142,SC9,Region 12
SC9,2028,Region12,secondary,Energy: CNG,MJ/year,459602260.03706175,SC9,Region 12
SC9,2029,Region12,secondary,Energy: CNG,MJ/year,459563665.3018981,SC9,Region 12
SC9,2030,Region12,secondary,Energy: CNG,MJ/year,460020931.35251284,SC9,Region 12
SC9,2024,Tehran,secondary,Energy: CNG,MJ/year,28158820879.728146,SC9,Tehran
SC9,2025,Tehran,secondary,Energy: CNG,MJ/year,29344717926.317562,SC9,Tehran
SC9,2026,Tehran,secondary,Energy: CNG,MJ/year,28679524007.212627,SC9,Tehran
SC9,2027,Tehran,secondary,Energy: CNG,MJ/year,28844942496.211594,SC9,Tehran
SC9,2028,Tehran,secondary,Energy: CNG,MJ/year,29299669450.77762,SC9,Tehran
SC9,2029,Tehran,secondary,Energy: CNG,MJ/year,29513988653.35934,SC9,Tehran
SC9,2030,Tehran,secondary,Energy: CNG,MJ/year,30143699103.669804,SC9,Tehran
SC9,2024,Region12,secondary,Energy: diesel,MJ/year,77086402.95907025,SC9,Region 12
SC9,2025,Region12,secondary,Energy: diesel,MJ/year,82031484.28304501,SC9,Region 12
SC9,2026,Region12,secondary,Energy: diesel,MJ/year,84782167.35701287,SC9,Region 12
SC9,2027,Region12,secondary,Energy: diesel,MJ/year,87619766.22460082,SC9,Region 12
SC9,2028,Region12,secondary,Energy: diesel,MJ/year,89878061.15131897,SC9,Region 12
SC9,2029,Region12,secondary,Energy: diesel,MJ/year,91223677.23272242,SC9,Region 12
SC9,2030,Region12,secondary,Energy: diesel,MJ/year,93791517.17001471,SC9,Region 12
SC9,2024,Tehran,secondary,Energy: diesel,MJ/year,1160501071.542337,SC9,Tehran
SC9,2025,Tehran,secondary,Energy: diesel,MJ/year,1861264580.8264298,SC9,Tehran
SC9,2026,Tehran,secondary,Energy: diesel,MJ/year,1922936338.851321,SC9,Tehran
SC9,2027,Tehran,secondary,Energy: diesel,MJ/year,2023888404.4689212,SC9,Tehran
SC9,2028,Tehran,secondary,Energy: diesel,MJ/year,2088327604.5371165,SC9,Tehran
SC9,2029,Tehran,secondary,Energy: diesel,MJ/year,2129451446.8994033,SC9,Tehran
SC9,2030,Tehran,secondary,Energy: diesel,MJ/year,2158711326.1170073,SC9,Tehran
SC9,2024,Region12,secondary,Energy: gasoline,MJ/year,2249981065.8287888,SC9,Region 12
SC9,2025,Region12,secondary,Energy: gasoline,MJ/year,2258397869.415783,SC9,Region 12
SC9,2026,Region12,secondary,Energy: gasoline,MJ/year,2234599195.729616,SC9,Region 12
SC9,2027,Region12,secondary,Energy: gasoline,MJ/year,2186749756.602438,SC9,Region 12
SC9,2028,Region12,secondary,Energy: gasoline,MJ/year,2190194378.532695,SC9,Region 12
SC9,2029,Region12,secondary,Energy: gasoline,MJ/year,2179008889.7232614,SC9,Region 12
SC9,2030,Region12,secondary,Energy: gasoline,MJ/year,2176662910.7430773,SC9,Region 12
SC9,2024,Tehran,secondary,Energy: gasoline,MJ/year,204952836713.53693,SC9,Tehran
SC9,2025,Tehran,secondary,Energy: gasoline,MJ/year,208485512303.65097,SC9,Tehran
SC9,2026,Tehran,secondary,Energy: gasoline,MJ/year,194429138250.1432,SC9,Tehran
SC9,2027,Tehran,secondary,Energy: gasoline,MJ/year,193881280843.23746,SC9,Tehran
SC9,2028,Tehran,secondary,Energy: gasoline,MJ/year,196548453059.59525,SC9,Tehran
SC9,2029,Tehran,secondary,Energy: gasoline,MJ/year,196288929056.86475,SC9,Tehran
SC9,2030,Tehran,secondary,Energy: gasoline,MJ/year,197083397680.51157,SC9,Tehran
SC9,2024,Region12,main,Final energy,MJ/year,3055055911.457401,SC9,Region 12
SC9,2025,Region12,main,Final energy,MJ/year,3075175358.8649583,SC9,Region 12
SC9,2026,Region12,main,Final energy,MJ/year,3062714915.234082,SC9,Region 12
SC9,2027,Region12,main,Final energy,MJ/year,3017460377.994374,SC9,Region 12
SC9,2028,Region12,main,Final energy,MJ/year,3026696516.054502,SC9,Region 12
SC9,2029,Region12,main,Final energy,MJ/year,3020973246.7655783,SC9,Region 12
SC9,2030,Region12,main,Final energy,MJ/year,3026801838.2053485,SC9,Region 12
SC9,2024,Tehran,main,Final energy,MJ/year,238468184095.56345,SC9,Tehran
SC9,2025,Tehran,main,Final energy,MJ/year,244743244021.97656,SC9,Tehran
SC9,2026,Tehran,main,Final energy,MJ/year,230492841557.8287,SC9,Tehran
SC9,2027,Tehran,main,Final energy,MJ/year,230222674131.5073,SC9,Tehran
SC9,2028,Tehran,main,Final energy,MJ/year,233674073601.4545,SC9,Tehran
SC9,2029,Tehran,main,Final energy,MJ/year,233923702034.1702,SC9,Tehran
SC9,2030,Tehran,main,Final energy,MJ/year,235725681274.12933,SC9,Tehran
SC9,2024,Region12,main,Health indicator,IRR/year,379425965730499.25,SC9,Region 12
SC9,2025,Region12,main,Health indicator,IRR/year,375707886222381.7,SC9,Region 12
SC9,2026,Region12,main,Health indicator,IRR/year,370320292055908.5,SC9,Region 12
SC9,2027,Region12,main,Health indicator,IRR/year,368527242898387.1,SC9,Region 12
SC9,2028,Region12,main,Health indicator,IRR/year,369745014152531.9,SC9,Region 12
SC9,2029,Region12,main,Health indicator,IRR/year,370672384115988.1,SC9,Region 12
SC9,2030,Region12,main,Health indicator,IRR/year,371501204209968.56,SC9,Region 12
SC9,2024,Tehran,main,Health indicator,IRR/year,1.1372869906157196e+16,SC9,Tehran
SC9,2025,Tehran,main,Health indicator,IRR/year,1.1632381994015774e+16,SC9,Tehran
SC9,2026,Tehran,main,Health indicator,IRR/year,1.1440834241021766e+16,SC9,Tehran
SC9,2027,Tehran,main,Health indicator,IRR/year,1.1566659309013802e+16,SC9,Tehran
SC9,2028,Tehran,main,Health indicator,IRR/year,1.1765900569395018e+16,SC9,Tehran
SC9,2029,Tehran,main,Health indicator,IRR/year,1.191125550249758e+16,SC9,Tehran
SC9,2030,Tehran,main,Health indicator,IRR/year,1.2085060776618922e+16,SC9,Tehran
SC9,2024,Region12,main,Modal share: car,–,0.2114253589944129,SC9,Region 12
SC9,2025,Region12,main,Modal share: car,–,0.2066925591649532,SC9,Region 12
SC9,2026,Region12,main,Modal share: car,–,0.1993433055165932,SC9,Region 12
SC9,2027,Region12,main,Modal share: car,–,0.1974002491359636,SC9,Region 12
SC9,2028,Region12,main,Modal share: car,–,0.1942816492919214,SC9,Region 12
SC9,2029,Region12,main,Modal share: car,–,0.1922665523454776,SC9,Region 12
SC9,2030,Region12,main,Modal share: car,–,0.1891827257849623,SC9,Region 12
SC9,2024,Tehran,main,Modal share: car,–,0.5610855607313853,SC9,Tehran
SC9,2025,Tehran,main,Modal share: car,–,0.5179686646196747,SC9,Tehran
SC9,2026,Tehran,main,Modal share: car,–,0.5115207583165975,SC9,Tehran
SC9,2027,Tehran,main,Modal share: car,–,0.5134695890836546,SC9,Tehran
SC9,2028,Tehran,main,Modal share: car,–,0.5076589138846643,SC9,Tehran
SC9,2029,Tehran,main,Modal share: car,–,0.5046742938219035,SC9,Tehran
SC9,2030,Tehran,main,Modal share: car,–,0.4965577317566184,SC9,Tehran
SC9,2024,Region12,main,Modal share: public transport,–,0.37793621768607333,SC9,Region 12
SC9,2025,Region12,main,Modal share: public transport,–,0.3790446352584623,SC9,Region 12
SC9,2026,Region12,main,Modal share: public transport,–,0.3813667897774592,SC9,Region 12
SC9,2027,Region12,main,Modal share: public transport,–,0.38060155007267893,SC9,Region 12
SC9,2028,Region12,main,Modal share: public transport,–,0.3808891782011723,SC9,Region 12
SC9,2029,Region12,main,Modal share: public transport,–,0.3819254478607722,SC9,Region 12
SC9,2030,Region12,main,Modal share: public transport,–,0.3848635117136266,SC9,Region 12
SC9,2024,Tehran,main,Modal share: public transport,–,0.1383227010650679,SC9,Tehran
SC9,2025,Tehran,main,Modal share: public transport,–,0.17394066391877588,SC9,Tehran
SC9,2026,Tehran,main,Modal share: public transport,–,0.17820191784170009,SC9,Tehran
SC9,2027,Tehran,main,Modal share: public transport,–,0.1770173476398986,SC9,Tehran
SC9,2028,Tehran,main,Modal share: public transport,–,0.1799944884162713,SC9,Tehran
SC9,2029,Tehran,main,Modal share: public transport,–,0.18207820138781322,SC9,Tehran
SC9,2030,Tehran,main,Modal share: public transport,–,0.18563650848405172,SC9,Tehran
SC9,2024,Region12,secondary,Municipal budget,IRR/year,11929000000000.002,SC9,Region 12
SC9,2025,Region12,secondary,Municipal budget,IRR/year,14881887352068.6,SC9,Region 12
SC9,2026,Region12,secondary,Municipal budget,IRR/year,18565728154888.03,SC9,Region 12
SC9,2027,Region12,secondary,Municipal budget,IRR/year,23161461565107.89,SC9,Region 12
SC9,2028,Region12,secondary,Municipal budget,IRR/year,28894816155687.996,SC9,Region 12
SC9,2029,Region12,secondary,Municipal budget,IRR/year,36047397023026.29,SC9,Region 12
SC9,2030,Region12,secondary,Municipal budget,IRR/year,44970517380498.805,SC9,Region 12
SC9,2024,Tehran,secondary,Municipal budget,IRR/year,1510000000000000.0,SC9,Tehran
SC9,2025,Tehran,secondary,Municipal budget,IRR/year,1883783209122607.2,SC9,Tehran
SC9,2026,Tehran,secondary,Municipal budget,IRR/year,2350092171504814.0,SC9,Tehran
SC9,2027,Tehran,secondary,Municipal budget,IRR/year,2931830577861758.0,SC9,Tehran
SC9,2028,Tehran,secondary,Municipal budget,IRR/year,3657571665276961.0,SC9,Tehran
SC9,2029,Tehran,secondary,Municipal budget,IRR/year,4562961648484340.0,SC9,Tehran
SC9,2030,Tehran,secondary,Municipal budget,IRR/year,5692470554493519.0,SC9,Tehran
SC9,2024,Region12,main,NOₓ emissions,t/year,852.4554354565074,SC9,Region 12
SC9,2025,Region12,main,NOₓ emissions,t/year,848.746285941027,SC9,Region 12
SC9,2026,Region12,main,NOₓ emissions,t/year,846.0167543588643,SC9,Region 12
SC9,2027,Region12,main,NOₓ emissions,t/year,834.6372292117561,SC9,Region 12
SC9,2028,Region12,main,NOₓ emissions,t/year,825.8452726439818,SC9,Region 12
SC9,2029,Region12,main,NOₓ emissions,t/year,823.9278289578441,SC9,Region 12
SC9,2030,Region12,main,NOₓ emissions,t/year,819.0638440400228,SC9,Region 12
SC9,2024,Tehran,main,NOₓ emissions,t/year,61123.34523207832,SC9,Tehran
SC9,2025,Tehran,main,NOₓ emissions,t/year,62594.08996350764,SC9,Tehran
SC9,2026,Tehran,main,NOₓ emissions,t/year,58926.34014197063,SC9,Tehran
SC9,2027,Tehran,main,NOₓ emissions,t/year,58823.206831798874,SC9,Tehran
SC9,2028,Tehran,main,NOₓ emissions,t/year,59500.70627387176,SC9,Tehran
SC9,2029,Tehran,main,NOₓ emissions,t/year,59506.80488638163,SC9,Tehran
SC9,2030,Tehran,main,NOₓ emissions,t/year,59793.079396960835,SC9,Tehran
SC9,2024,Region12,secondary,Non-public transport trips,trips/year,187566680.98032847,SC9,Region 12
SC9,2025,Region12,secondary,Non-public transport trips,trips/year,188853557.90612483,SC9,Region 12
SC9,2026,Region12,secondary,Non-public transport trips,trips/year,189776323.5204934,SC9,Region 12
SC9,2027,Region12,secondary,Non-public transport trips,trips/year,191656222.11612147,SC9,Region 12
SC9,2028,Region12,secondary,Non-public transport trips,trips/year,193225844.94101638,SC9,Region 12
SC9,2029,Region12,secondary,Non-public transport trips,trips/year,194572604.9211706,SC9,Region 12
SC9,2030,Region12,secondary,Non-public transport trips,trips/year,195324324.07225493,SC9,Region 12
SC9,2024,Tehran,secondary,Non-public transport trips,trips/year,6361489175.425051,SC9,Tehran
SC9,2025,Tehran,secondary,Non-public transport trips,trips/year,6171930525.475886,SC9,Tehran
SC9,2026,Tehran,secondary,Non-public transport trips,trips/year,6214448005.179089,SC9,Tehran
SC9,2027,Tehran,secondary,Non-public transport trips,trips/year,6298755922.112185,SC9,Tehran
SC9,2028,Tehran,secondary,Non-public transport trips,trips/year,6351841701.426397,SC9,Tehran
SC9,2029,Tehran,secondary,Non-public transport trips,trips/year,6412272249.73789,SC9,Tehran
SC9,2030,Tehran,secondary,Non-public transport trips,trips/year,6461482949.931068,SC9,Tehran
SC9,2024,Region12,main,PCE-weighted VKT,PCE-km/year,937719323.8534852,SC9,Region 12
SC9,2025,Region12,main,PCE-weighted VKT,PCE-km/year,960028656.0801,SC9,Region 12
SC9,2026,Region12,main,PCE-weighted VKT,PCE-km/year,963471590.6646128,SC9,Region 12
SC9,2027,Region12,main,PCE-weighted VKT,PCE-km/year,955932018.070605,SC9,Region 12
SC9,2028,Region12,main,PCE-weighted VKT,PCE-km/year,963020461.651394,SC9,Region 12
SC9,2029,Region12,main,PCE-weighted VKT,PCE-km/year,963961225.0994576,SC9,Region 12
SC9,2030,Region12,main,PCE-weighted VKT,PCE-km/year,967742499.948299,SC9,Region 12
SC9,2024,Tehran,main,PCE-weighted VKT,PCE-km/year,67266475407.69312,SC9,Tehran
SC9,2025,Tehran,main,PCE-weighted VKT,PCE-km/year,69555530924.77734,SC9,Tehran
SC9,2026,Tehran,main,PCE-weighted VKT,PCE-km/year,66104815853.48409,SC9,Tehran
SC9,2027,Tehran,main,PCE-weighted VKT,PCE-km/year,66251588706.80577,SC9,Tehran
SC9,2028,Tehran,main,PCE-weighted VKT,PCE-km/year,67398590247.75708,SC9,Tehran
SC9,2029,Tehran,main,PCE-weighted VKT,PCE-km/year,67647760132.33888,SC9,Tehran
SC9,2030,Tehran,main,PCE-weighted VKT,PCE-km/year,68339029420.22183,SC9,Tehran
SC9,2024,Region12,main,PM₂.₅ emissions,t/year,27.369766751259945,SC9,Region 12
SC9,2025,Region12,main,PM₂.₅ emissions,t/year,26.48995455514175,SC9,Region 12
SC9,2026,Region12,main,PM₂.₅ emissions,t/year,26.798717030574753,SC9,Region 12
SC9,2027,Region12,main,PM₂.₅ emissions,t/year,26.763421962150268,SC9,Region 12
SC9,2028,Region12,main,PM₂.₅ emissions,t/year,26.205415905068605,SC9,Region 12
SC9,2029,Region12,main,PM₂.₅ emissions,t/year,26.351414565445722,SC9,Region 12
SC9,2030,Region12,main,PM₂.₅ emissions,t/year,26.08915921813106,SC9,Region 12
SC9,2024,Tehran,main,PM₂.₅ emissions,t/year,1101.245485161711,SC9,Tehran
SC9,2025,Tehran,main,PM₂.₅ emissions,t/year,1117.3491211006744,SC9,Tehran
SC9,2026,Tehran,main,PM₂.₅ emissions,t/year,1074.6173226614917,SC9,Tehran
SC9,2027,Tehran,main,PM₂.₅ emissions,t/year,1074.6076940685011,SC9,Tehran
SC9,2028,Tehran,main,PM₂.₅ emissions,t/year,1082.4772437482375,SC9,Tehran
SC9,2029,Tehran,main,PM₂.₅ emissions,t/year,1087.6654316272277,SC9,Tehran
SC9,2030,Tehran,main,PM₂.₅ emissions,t/year,1092.7520728245102,SC9,Tehran
SC9,2024,Region12,secondary,Population,persons,245721.85714285728,SC9,Region 12
SC9,2025,Region12,secondary,Population,persons,246411.88095238103,SC9,Region 12
SC9,2026,Region12,secondary,Population,persons,247101.90476190465,SC9,Region 12
SC9,2027,Region12,secondary,Population,persons,247791.9285714284,SC9,Region 12
SC9,2028,Region12,secondary,Population,persons,248481.9523809522,SC9,Region 12
SC9,2029,Region12,secondary,Population,persons,249171.976190476,SC9,Region 12
SC9,2030,Region12,secondary,Population,persons,249861.9999999996,SC9,Region 12
SC9,2024,Tehran,secondary,Population,persons,9866597.582532018,SC9,Tehran
SC9,2025,Tehran,secondary,Population,persons,9985344.64827891,SC9,Tehran
SC9,2026,Tehran,secondary,Population,persons,10106265.65079772,SC9,Tehran
SC9,2027,Tehran,secondary,Population,persons,10228627.743391171,SC9,Tehran
SC9,2028,Tehran,secondary,Population,persons,10352283.797426168,SC9,Tehran
SC9,2029,Tehran,secondary,Population,persons,10477398.079109382,SC9,Tehran
SC9,2030,Tehran,secondary,Population,persons,10603938.040634794,SC9,Tehran
SC9,2024,Region12,secondary,Public transport trips,trips/year,113956549.13383415,SC9,Region 12
SC9,2025,Region12,secondary,Public transport trips,trips/year,115280311.6590926,SC9,Region 12
SC9,2026,Region12,secondary,Public transport trips,trips/year,116990788.8565243,SC9,Region 12
SC9,2027,Region12,secondary,Public transport trips,trips/year,117766932.13718672,SC9,Region 12
SC9,2028,Region12,secondary,Public transport trips,trips/year,118876347.65125377,SC9,Region 12
SC9,2029,Region12,secondary,Public transport trips,trips/year,120231821.58002122,SC9,Region 12
SC9,2030,Region12,secondary,Public transport trips,trips/year,122205732.73901126,SC9,Region 12
SC9,2024,Tehran,secondary,Public transport trips,trips/year,1021192465.704532,SC9,Tehran
SC9,2025,Tehran,secondary,Public transport trips,trips/year,1299603607.598808,SC9,Tehran
SC9,2026,Tehran,secondary,Public transport trips,trips/year,1347565268.030306,SC9,Tehran
SC9,2027,Tehran,secondary,Public transport trips,trips/year,1354814786.8802607,SC9,Tehran
SC9,2028,Tehran,secondary,Public transport trips,trips/year,1394254649.997732,SC9,Tehran
SC9,2029,Tehran,secondary,Public transport trips,trips/year,1427440862.9557042,SC9,Tehran
SC9,2030,Tehran,secondary,Public transport trips,trips/year,1472913688.9739165,SC9,Tehran
SC9,2024,Region12,main,Time loss (car),hours/year,56358065.57114617,SC9,Region 12
SC9,2025,Region12,main,Time loss (car),hours/year,58690767.01472978,SC9,Region 12
SC9,2026,Region12,main,Time loss (car),hours/year,52706474.904902354,SC9,Region 12
SC9,2027,Region12,main,Time loss (car),hours/year,52588952.88944408,SC9,Region 12
SC9,2028,Region12,main,Time loss (car),hours/year,53180255.07171359,SC9,Region 12
SC9,2029,Region12,main,Time loss (car),hours/year,52835890.80762626,SC9,Region 12
SC9,2030,Region12,main,Time loss (car),hours/year,52592686.86839437,SC9,Region 12
SC9,2024,Tehran,main,Time loss (car),hours/year,796650604.9307147,SC9,Tehran
SC9,2025,Tehran,main,Time loss (car),hours/year,853637852.9767077,SC9,Tehran
SC9,2026,Tehran,main,Time loss (car),hours/year,746372849.2960881,SC9,Tehran
SC9,2027,Tehran,main,Time loss (car),hours/year,745351060.31583,SC9,Tehran
SC9,2028,Tehran,main,Time loss (car),hours/year,768943082.5552142,SC9,Tehran
SC9,2029,Tehran,main,Time loss (car),hours/year,766439380.896157,SC9,Tehran
SC9,2030,Tehran,main,Time loss (car),hours/year,773016178.220446,SC9,Tehran
SC9,2024,Region12,secondary,Trips total (effective),trips/year,301523230.1141626,SC9,Region 12
SC9,2025,Region12,secondary,Trips total (effective),trips/year,304133869.56521744,SC9,Region 12
SC9,2026,Region12,secondary,Trips total (effective),trips/year,306767112.3770177,SC9,Region 12
SC9,2027,Region12,secondary,Trips total (effective),trips/year,309423154.2533082,SC9,Region 12
SC9,2028,Region12,secondary,Trips total (effective),trips/year,312102192.59227014,SC9,Region 12
SC9,2029,Region12,secondary,Trips total (effective),trips/year,314804426.5011918,SC9,Region 12
SC9,2030,Region12,secondary,Trips total (effective),trips/year,317530056.8112662,SC9,Region 12
SC9,2024,Tehran,secondary,Trips total (effective),trips/year,7382681641.129582,SC9,Tehran
SC9,2025,Tehran,secondary,Trips total (effective),trips/year,7471534133.074695,SC9,Tehran
SC9,2026,Tehran,secondary,Trips total (effective),trips/year,7562013273.209394,SC9,Tehran
SC9,2027,Tehran,secondary,Trips total (effective),trips/year,7653570708.992445,SC9,Tehran
SC9,2028,Tehran,secondary,Trips total (effective),trips/year,7746096351.4241295,SC9,Tehran
SC9,2029,Tehran,secondary,Trips total (effective),trips/year,7839713112.693594,SC9,Tehran
SC9,2030,Tehran,secondary,Trips total (effective),trips/year,7934396638.904984,SC9,Tehran
