scenario,geo,metric,effect,n,median,p05,p25,p75,p95,min,max,sign_fraction,all_same_direction,span90
SC1,Region 12,CO₂ emissions,delta_mean_pct,32,-0.2124185686936858,-0.2464423376347522,-0.2217940159945087,-0.2055899036960331,-0.1980683970075689,-0.2537598718838921,-0.1853204834234671,1.0,True,0.0483739406271832
SC1,Region 12,CO₂ emissions,delta_2030_pct,32,-0.5462160606125144,-0.6476243652100604,-0.5682573060696957,-0.5209545211825918,-0.4758799243333479,-0.6898155316119583,-0.455811220597171,1.0,True,0.1717444408767124
SC1,Region 12,Congestion index,delta_mean_pct,32,-2.2433830795766534,-2.4028774933652386,-2.2798550903250367,-2.188110200598623,-2.162600080607423,-2.447081105773512,-2.1556313768985302,1.0,True,0.2402774127578157
SC1,Region 12,Congestion index,delta_2030_pct,32,-4.213152971417895,-5.201426140067312,-4.471945234258362,-4.167432165738779,-4.120216816824346,-5.353745916256008,-4.041779974710165,1.0,True,1.081209323242966
SC1,Region 12,Electricity use,delta_mean_pct,32,0.5916968663663216,0.5573970570420375,0.5733468453874813,0.6221445554882226,0.8057606872565858,0.54796532034892,0.9615985709430548,1.0,True,0.2483636302145483
SC1,Region 12,Electricity use,delta_2030_pct,32,1.1571383435637423,1.1035953432577206,1.1309641913681572,1.2065070229984112,1.4159323432225788,1.0917934469802404,1.9509866869200516,1.0,True,0.3123369999648582
SC1,Region 12,Final energy,delta_mean_pct,32,-0.2956973003090691,-0.3197781816840077,-0.3056421123616952,-0.289042789785971,-0.274116151306616,-0.3309535728371113,-0.2569157264479207,1.0,True,0.0456620303773916
SC1,Region 12,Final energy,delta_2030_pct,32,-0.7175435099938268,-0.791788830206203,-0.7447162781100125,-0.6996789961375347,-0.6331842111036924,-0.8302131399293851,-0.6008503203654489,1.0,True,0.1586046191025106
SC1,Region 12,Health indicator,delta_mean_pct,32,-0.8945101925975403,-0.953458686055406,-0.9244203460788324,-0.8648624522426305,-0.8531712828273545,-0.9761915058506038,-0.8481848452277078,1.0,True,0.1002874032280514
SC1,Region 12,Health indicator,delta_2030_pct,32,-1.7506813848687974,-2.081882533795464,-1.8775825530082328,-1.724263158325193,-1.7038601721887503,-2.111639147188752,-1.6853389031337045,1.0,True,0.3780223616067137
SC1,Region 12,Modal share: car,delta_mean_pct,32,-0.7473698533974127,-0.7840537023992492,-0.7697380927532217,-0.7281585635338006,-0.6508140828049318,-0.8316523204000711,-0.6090148528383226,1.0,True,0.1332396195943174
SC1,Region 12,Modal share: car,delta_2030_pct,32,-1.5892188626748869,-1.6660066196836427,-1.6235404734001064,-1.5338846047890242,-1.3547325921668292,-1.8152099266733568,-1.2586099167986906,1.0,True,0.3112740275168135
SC1,Region 12,Modal share: public transport,delta_mean_pct,32,0.5067757166221346,0.4681024053214656,0.4908855230082483,0.5368202874723438,0.6482974031552022,0.3817992001580744,0.7497201090966492,1.0,True,0.1801949978337366
SC1,Region 12,Modal share: public transport,delta_2030_pct,32,1.068669641034345,0.9268382561403326,1.0348566515288418,1.137916168879328,1.324308497402474,0.6800174462982783,1.7242244725275566,1.0,True,0.3974702412621416
SC1,Region 12,NOₓ emissions,delta_mean_pct,32,-0.2790570476282009,-0.3031135575936267,-0.2906136262531487,-0.2724600627195427,-0.2649022078266598,-0.3063666365380679,-0.2584820765046897,1.0,True,0.0382113497669668
SC1,Region 12,NOₓ emissions,delta_2030_pct,32,-0.6678176172923498,-0.7412478241269561,-0.6959160339793518,-0.6492691953392602,-0.6154063328419022,-0.7625401155318029,-0.6055403016375142,1.0,True,0.1258414912850539
SC1,Region 12,PM₂.₅ emissions,delta_mean_pct,32,-0.1504109286704246,-0.1740265779796857,-0.1585209949889252,-0.1392929168769848,-0.117904969004113,-0.1904504472233561,-0.1076401708308711,1.0,True,0.0561216089755727
SC1,Region 12,PM₂.₅ emissions,delta_2030_pct,32,-0.3454684803455151,-0.388859771569746,-0.3596032617645903,-0.332969441445776,-0.2960442258603882,-0.4071056769291529,-0.2691734213791858,1.0,True,0.0928155457093577
SC1,Region 12,Time loss (car),delta_mean_pct,32,-4.186970479135672,-4.404007812815837,-4.2645834355572205,-4.143127291512292,-4.102097078218111,-4.481165939062962,-3.9830833051843255,1.0,True,0.3019107345977261
SC1,Region 12,Time loss (car),delta_2030_pct,32,-7.976745855363392,-9.277616363195245,-8.371572793812035,-7.857394716298009,-7.662363002436004,-9.58292229959796,-7.592533377636198,1.0,True,1.6152533607592403
SC1,Region 12,PCE-weighted VKT,delta_mean_pct,32,-2.220858403810796,-2.2488434914850752,-2.240239323964897,-2.2024518170403287,-2.1913299047160946,-2.260294248884657,-2.178111704254644,1.0,True,0.0575135867689806
SC1,Region 12,PCE-weighted VKT,delta_2030_pct,32,-4.321663367157243,-4.405175395818029,-4.36780597709787,-4.294039361512115,-4.251793308271967,-4.422396809860914,-4.206276196002743,1.0,True,0.1533820875460616
SC1,Tehran,CO₂ emissions,delta_mean_pct,32,-2.308142263531693,-2.5872385588692146,-2.403036861506155,-2.2323177470898328,-2.2180609952063954,-2.613136911285617,-2.21735250177912,1.0,True,0.3691775636628192
SC1,Tehran,CO₂ emissions,delta_2030_pct,32,-4.27651977477502,-5.495802748771448,-4.690099776799294,-4.250889372831041,-4.226032467831081,-5.660733927210839,-4.221704490282571,1.0,True,1.2697702809403664
SC1,Tehran,Congestion index,delta_mean_pct,32,-2.243383079576658,-2.402877493365236,-2.2798550903250474,-2.1881102005985893,-2.1626000806074472,-2.447081105773531,-2.1556313768985342,1.0,True,0.2402774127577887
SC1,Tehran,Congestion index,delta_2030_pct,32,-4.213152971417884,-5.20142614006731,-4.4719452342583725,-4.167432165738761,-4.120216816824336,-5.353745916256024,-4.041779974710174,1.0,True,1.081209323242974
SC1,Tehran,Electricity use,delta_mean_pct,32,-1.0057153021622436,-1.2679411466105843,-1.056135471808409,-0.9543439745365012,-0.9147533675231272,-1.2871370236091266,-0.8865348521424353,1.0,True,0.3531877790874574
SC1,Tehran,Electricity use,delta_2030_pct,32,-1.8101003703562912,-2.324345545477175,-1.9652435437652256,-1.723469030272899,-1.632965020662231,-2.616019782021429,-1.5951677793144805,1.0,True,0.691380524814944
SC1,Tehran,Final energy,delta_mean_pct,32,-2.34648274886362,-2.605132059415614,-2.4289418296135192,-2.249854060583857,-2.2356654125826063,-2.630277287705457,-2.227872356524048,1.0,True,0.3694666468330077
SC1,Tehran,Final energy,delta_2030_pct,32,-4.3303490383576975,-5.53494428758942,-4.746747466005057,-4.290648842329151,-4.265801741046635,-5.710166788477083,-4.249004497129352,1.0,True,1.2691425465427848
SC1,Tehran,Health indicator,delta_mean_pct,32,-1.1423533117901137,-1.2527905398625874,-1.1868854488611162,-1.1186109689602548,-1.1125957661645804,-1.2677693265604997,-1.1112019135380142,1.0,True,0.1401947736980069
SC1,Tehran,Health indicator,delta_2030_pct,32,-2.128853400401523,-2.679788623437308,-2.278992428217122,-2.1146375297266173,-2.107411079287966,-2.7172610362024443,-2.106746346961812,1.0,True,0.5723775441493419
SC1,Tehran,Modal share: car,delta_mean_pct,32,-0.6864815315595438,-1.080437093407538,-0.852514239411835,-0.5213738053989254,-0.4899552318279928,-1.155787575771716,-0.4690461349825284,1.0,True,0.5904818615795453
SC1,Tehran,Modal share: car,delta_2030_pct,32,-1.1263851788105534,-2.4355422368223407,-1.4471726260105104,-1.0577062169254663,-0.9968395798525086,-2.8606425275434915,-0.9526356049571778,1.0,True,1.438702656969832
SC1,Tehran,Modal share: public transport,delta_mean_pct,32,1.5872609258170594,1.3544636617766952,1.4083941115284049,2.014329640692508,2.991815043299149,1.246052888871185,3.4198627394637624,1.0,True,1.6373513815224543
SC1,Tehran,Modal share: public transport,delta_2030_pct,32,2.8075450795223715,2.6810377163617924,2.7594516662221955,3.056422776348205,6.464884192720998,2.510138841345385,8.382634801313046,1.0,True,3.7838464763592055
SC1,Tehran,NOₓ emissions,delta_mean_pct,32,-2.338397117397656,-2.546642780063535,-2.4052321863003576,-2.247423816009261,-2.230081562339366,-2.57427524016032,-2.217899998579384,1.0,True,0.316561217724169
SC1,Tehran,NOₓ emissions,delta_2030_pct,32,-4.326588019558208,-5.4908008692010215,-4.68977628509915,-4.287365276435328,-4.255616524028799,-5.548120273899096,-4.230200430695316,1.0,True,1.2351843451722226
SC1,Tehran,PM₂.₅ emissions,delta_mean_pct,32,-2.149593638868547,-2.304983014940215,-2.208008092633194,-2.1026477427770107,-2.092541628071284,-2.3373429476207237,-2.088513091180982,1.0,True,0.2124413868689312
SC1,Tehran,PM₂.₅ emissions,delta_2030_pct,32,-4.005777680107592,-4.891676662721563,-4.261953954468405,-3.980819612365668,-3.967917143326389,-5.018643787264286,-3.960430913679025,1.0,True,0.923759519395174
SC1,Tehran,STOCK::brts_total,delta_mean_pct,32,0.0,0.0,0.0,0.0,0.0,0.0,0.0,1.0,True,0.0
SC1,Tehran,STOCK::brts_total,delta_2030_pct,32,0.0,0.0,0.0,0.0,0.0,0.0,0.0,1.0,True,0.0
SC1,Tehran,STOCK::buses_total,delta_mean_pct,32,0.0,0.0,0.0,0.0,0.0,0.0,0.0,1.0,True,0.0
SC1,Tehran,STOCK::buses_total,delta_2030_pct,32,0.0,0.0,0.0,0.0,0.0,0.0,0.0,1.0,True,0.0
SC1,Tehran,STOCK::cost_index_bus_fare,delta_mean_pct,32,0.0,0.0,0.0,0.0,0.0,0.0,0.0,1.0,True,0.0
SC1,Tehran,STOCK::cost_index_bus_fare,delta_2030_pct,32,0.0,0.0,0.0,0.0,0.0,0.0,0.0,1.0,True,0.0
SC1,Tehran,STOCK::cost_index_metro_fare,delta_mean_pct,32,0.0,0.0,0.0,0.0,0.0,0.0,0.0,1.0,True,0.0
SC1,Tehran,STOCK::cost_index_metro_fare,delta_2030_pct,32,0.0,0.0,0.0,0.0,0.0,0.0,0.0,1.0,True,0.0
SC1,Tehran,STOCK::cost_index_rhc_fare,delta_mean_pct,32,0.0,0.0,0.0,0.0,0.0,0.0,0.0,1.0,True,0.0
SC1,Tehran,STOCK::cost_index_rhc_fare,delta_2030_pct,32,0.0,0.0,0.0,0.0,0.0,0.0,0.0,1.0,True,0.0
SC1,Tehran,STOCK::inflation_index_effective,delta_mean_pct,32,0.0,0.0,0.0,0.0,0.0,0.0,0.0,1.0,True,0.0
SC1,Tehran,STOCK::inflation_index_effective,delta_2030_pct,32,0.0,0.0,0.0,0.0,0.0,0.0,0.0,1.0,True,0.0
SC1,Tehran,STOCK::len_bik,delta_mean_pct,32,0.0,0.0,0.0,0.0,0.0,0.0,0.0,1.0,True,0.0
SC1,Tehran,STOCK::len_bik,delta_2030_pct,32,0.0,0.0,0.0,0.0,0.0,0.0,0.0,1.0,True,0.0
SC1,Tehran,STOCK::len_brt,delta_mean_pct,32,0.0,0.0,0.0,0.0,0.0,0.0,0.0,1.0,True,0.0
SC1,Tehran,STOCK::len_brt,delta_2030_pct,32,0.0,0.0,0.0,0.0,0.0,0.0,0.0,1.0,True,0.0
SC1,Tehran,STOCK::len_hwy,delta_mean_pct,32,0.0,0.0,0.0,0.0,0.0,0.0,0.0,1.0,True,0.0
SC1,Tehran,STOCK::len_hwy,delta_2030_pct,32,0.0,0.0,0.0,0.0,0.0,0.0,0.0,1.0,True,0.0
SC1,Tehran,STOCK::len_met,delta_mean_pct,32,0.0,0.0,0.0,0.0,0.0,0.0,0.0,1.0,True,0.0
SC1,Tehran,STOCK::len_met,delta_2030_pct,32,0.0,0.0,0.0,0.0,0.0,0.0,0.0,1.0,True,0.0
SC1,Tehran,STOCK::metro_cars_total,delta_mean_pct,32,0.0,0.0,0.0,0.0,0.0,0.0,0.0,1.0,True,0.0
SC1,Tehran,STOCK::metro_cars_total,delta_2030_pct,32,0.0,0.0,0.0,0.0,0.0,0.0,0.0,1.0,True,0.0
SC1,Tehran,STOCK::motorcycles_total,delta_mean_pct,32,0.0,0.0,0.0,0.0,0.0,0.0,0.0,1.0,True,0.0
SC1,Tehran,STOCK::motorcycles_total,delta_2030_pct,32,0.0,0.0,0.0,0.0,0.0,0.0,0.0,1.0,True,0.0
SC1,Tehran,STOCK::population_city,delta_mean_pct,32,0.0087464448777335,0.0083232929010033,0.0086093286033194,0.0089870314440322,0.0091999163226278,0.0081956654765251,0.0092892906968455,1.0,True,0.0008766234216244
SC1,Tehran,STOCK::population_city,delta_2030_pct,32,0.0231590046302931,0.0221990566967825,0.0227205941124232,0.0238497928371933,0.0250758187228534,0.0217280902642299,0.0254434820074587,1.0,True,0.0028767620260708
SC1,Tehran,STOCK::private_cars_total,delta_mean_pct,32,0.0,0.0,0.0,0.0,0.0,0.0,0.0,1.0,True,0.0
SC1,Tehran,STOCK::private_cars_total,delta_2030_pct,32,0.0,0.0,0.0,0.0,0.0,0.0,0.0,1.0,True,0.0
SC1,Tehran,STOCK::taxis_total,delta_mean_pct,32,0.0,0.0,0.0,0.0,0.0,0.0,0.0,1.0,True,0.0
SC1,Tehran,STOCK::taxis_total,delta_2030_pct,32,0.0,0.0,0.0,0.0,0.0,0.0,0.0,1.0,True,0.0
SC1,Tehran,STOCK::transport_financial_balance_IRR,delta_mean_pct,32,0.0451423349916091,-0.6868139332168404,-0.229461117163619,0.152989340176404,0.1956061133731385,-0.9411163106655844,0.2822406148249763,0.53125,False,0.882420046589979
SC1,Tehran,STOCK::transport_financial_balance_IRR,delta_2030_pct,32,0.0776064894568695,-1.3277233090463614,-0.5419539720550277,0.2503816355954966,0.317120198178848,-1.84412208644335,0.453766063597284,0.6875,False,1.6448435072252094
SC1,Tehran,Time loss (car),delta_mean_pct,32,-5.349478270278254,-5.854032885712858,-5.520305856738993,-5.183021676126484,-5.144169052198403,-5.932931192887206,-5.118724225191587,1.0,True,0.7098638335144551
SC1,Tehran,Time loss (car),delta_2030_pct,32,-9.703664984185457,-12.1983555413482,-10.443737646482674,-9.613164337150042,-9.548175546885863,-12.378407900316288,-9.502535725776806,1.0,True,2.650179994462336
SC1,Tehran,PCE-weighted VKT,delta_mean_pct,32,-2.2545526529666624,-2.4162260548281767,-2.2918340309166645,-2.1988247861891934,-2.173173892887694,-2.4606034150168967,-2.166148514121496,1.0,True,0.2430521619404828
SC1,Tehran,PCE-weighted VKT,delta_2030_pct,32,-4.213152971417904,-5.201426140067303,-4.471945234258348,-4.167432165738768,-4.120216816824335,-5.353745916256042,-4.0417799747101775,1.0,True,1.0812093232429678
SC10,Region 12,CO₂ emissions,delta_mean_pct,32,-2.5338154679780214,-3.059752254926566,-2.7322440043154144,-2.409272709704368,-2.229592468208952,-3.208307313448905,-2.0670944070780464,1.0,True,0.8301597867176143
SC10,Region 12,CO₂ emissions,delta_2030_pct,32,-3.6370943277555474,-4.371415739033382,-3.918066846681417,-3.5308471988173835,-3.277428257487893,-4.6905120495151245,-3.0898177740246444,1.0,True,1.093987481545489
SC10,Region 12,Congestion index,delta_mean_pct,32,-5.866126532672213,-6.838991202147058,-6.397863727771815,-5.223988720189077,-4.90257748774665,-7.302514428543127,-4.414630466717308,1.0,True,1.936413714400408
SC10,Region 12,Congestion index,delta_2030_pct,32,-7.860278236186158,-9.208721973107478,-8.62225229856865,-7.048926920461204,-6.466776595924333,-9.804094104445882,-5.951399718188291,1.0,True,2.741945377183145
SC10,Region 12,Electricity use,delta_mean_pct,32,16.27575034205479,14.810461285440262,15.337571693713093,17.220601925239805,19.01857481550964,14.212332450059575,19.27976092192132,1.0,True,4.208113530069376
SC10,Region 12,Electricity use,delta_2030_pct,32,18.4969565351422,16.664270298318502,17.251243091587295,20.07718598094582,23.17434062661489,15.684890693129374,23.279433785350072,1.0,True,6.51007032829639
SC10,Region 12,Final energy,delta_mean_pct,32,-4.778664318743635,-5.077465850008191,-4.9496717015766905,-4.686118975341312,-4.169754881321863,-5.233046535780424,-3.936389950669921,1.0,True,0.9077109686863284
SC10,Region 12,Final energy,delta_2030_pct,32,-6.46513848401608,-6.851474439249423,-6.703830360306964,-6.271942679774458,-5.666468876905626,-7.032150256522415,-5.392943455489967,1.0,True,1.1850055623437967
SC10,Region 12,Health indicator,delta_mean_pct,32,-5.526892335138342,-6.0802482663387645,-5.804377748323473,-5.339998068511808,-4.881181766580558,-6.266430977042224,-4.605176922354675,1.0,True,1.1990664997582066
SC10,Region 12,Health indicator,delta_2030_pct,32,-8.752735784449474,-9.60228314144662,-9.06287499995183,-8.33493796507025,-7.610761187452923,-9.84622709739928,-7.135731627949676,1.0,True,1.9915219539936988
SC10,Region 12,Modal share: car,delta_mean_pct,32,-5.859378791681873,-6.55032478708553,-6.168888787819693,-5.5853584422910405,-4.973108714716248,-6.873151187305758,-4.707418762874792,1.0,True,1.577216072369282
SC10,Region 12,Modal share: car,delta_2030_pct,32,-6.558153544682097,-7.53619678502652,-6.944743454027387,-6.253112558692598,-5.722289212946546,-7.774954355568062,-5.527092421497738,1.0,True,1.813907572079974
SC10,Region 12,Modal share: public transport,delta_mean_pct,32,11.89754603230296,11.002979988936968,11.545865848774463,12.343453747181623,13.341554051726536,10.645152946956363,14.197346175174497,1.0,True,2.338574062789567
SC10,Region 12,Modal share: public transport,delta_2030_pct,32,12.839916354635472,11.88821601303342,12.450807677646347,13.465571919840189,15.024627535544,11.46737810169628,16.135447337645687,1.0,True,3.1364115225105813
SC10,Region 12,NOₓ emissions,delta_mean_pct,32,-11.49866916908804,-12.312406190128508,-11.792841144456649,-10.934720334521815,-9.578649444734074,-12.900406713499097,-9.343742531943509,1.0,True,2.733756745394434
SC10,Region 12,NOₓ emissions,delta_2030_pct,32,-18.34131648831923,-19.942536228703474,-19.03305658320509,-17.571719544173963,-15.4756363010617,-20.58995968686618,-15.096234519211508,1.0,True,4.466899927641775
SC10,Region 12,PM₂.₅ emissions,delta_mean_pct,32,-19.95315039215228,-21.17319929708071,-20.43821456584544,-18.728581971333792,-17.95940823773047,-21.800726920664875,-17.631572658120415,1.0,True,3.213791059350239
SC10,Region 12,PM₂.₅ emissions,delta_2030_pct,32,-31.32761069678243,-33.27421291977663,-32.14394591875528,-29.57066590634097,-28.37862078281508,-34.24595935496749,-28.01188713368177,1.0,True,4.895592136961554
SC10,Region 12,Time loss (car),delta_mean_pct,32,-14.065452515241224,-15.66199517557323,-15.054736859764136,-13.361025993854492,-12.520129090986172,-15.897779668057028,-11.8629843965282,1.0,True,3.1418660845870576
SC10,Region 12,Time loss (car),delta_2030_pct,32,-17.715242292948723,-19.76345770915687,-18.524195189902464,-16.47851966939218,-15.398292379241054,-20.1193798707788,-14.735903382165583,1.0,True,4.365165329915817
SC10,Region 12,PCE-weighted VKT,delta_mean_pct,32,-4.894343919151698,-5.561477401129708,-5.291820252802557,-4.688688127299744,-4.228654876464684,-5.646317794696167,-3.918512354196423,1.0,True,1.3328225246650245
SC10,Region 12,PCE-weighted VKT,delta_2030_pct,32,-5.462736874992096,-6.183786480483279,-5.742213992433582,-5.114563586940541,-4.662181961286151,-6.2679082941723,-4.537617085587215,1.0,True,1.521604519197128
SC10,Tehran,CO₂ emissions,delta_mean_pct,32,-5.445506506066593,-6.603961189105895,-6.00632666002797,-5.191156518647814,-4.633268593714133,-6.912590842376216,-4.444464925735801,1.0,True,1.9706925953917624
SC10,Tehran,CO₂ emissions,delta_2030_pct,32,-7.694960059998555,-9.725004374107474,-8.71221848179601,-7.493976519072451,-6.49859235001486,-9.899428850934823,-6.200401393363961,1.0,True,3.226412024092614
SC10,Tehran,Congestion index,delta_mean_pct,32,-5.866126532672207,-6.838991202147073,-6.39786372777182,-5.223988720189063,-4.902577487746655,-7.302514428543149,-4.414630466717351,1.0,True,1.9364137144004188
SC10,Tehran,Congestion index,delta_2030_pct,32,-7.860278236186144,-9.208721973107478,-8.622252298568634,-7.0489269204612,-6.466776595924339,-9.80409410444586,-5.951399718188299,1.0,True,2.7419453771831392
SC10,Tehran,Electricity use,delta_mean_pct,32,33.14567984341207,30.83260199042323,32.073488588613,34.329524232507474,35.816277234796495,30.140190252365297,36.080876490025496,1.0,True,4.983675244373266
SC10,Tehran,Electricity use,delta_2030_pct,32,36.43181667543225,33.601425545101826,35.1196761358837,37.98738730349452,39.93491960485299,32.75272639813416,40.57063719746678,1.0,True,6.333494059751168
SC10,Tehran,Final energy,delta_mean_pct,32,-6.466634380367239,-7.565815101168113,-7.035048698893587,-6.117357828060479,-5.468978916067183,-7.874490411197188,-5.337514040537674,1.0,True,2.09683618510093
SC10,Tehran,Final energy,delta_2030_pct,32,-9.171165630253508,-11.056884874686473,-9.972065774564642,-8.603811379146478,-7.547321913319631,-11.14662165385189,-7.435638757787363,1.0,True,3.50956296136684
SC10,Tehran,Health indicator,delta_mean_pct,32,-4.022937357626852,-4.494464980973343,-4.268066301710549,-3.872534001365024,-3.5250792171666707,-4.800569094560829,-3.425458703662203,1.0,True,0.9693857638066724
SC10,Tehran,Health indicator,delta_2030_pct,32,-6.047781429150082,-6.994542632438782,-6.462730175138848,-5.850919678361167,-5.200016655473747,-7.2976795802281185,-5.137256709098561,1.0,True,1.7945259769650352
SC10,Tehran,Modal share: car,delta_mean_pct,32,-9.06890013743242,-10.539410517853817,-9.947249187142242,-8.446367537690524,-7.558650807321459,-11.174100592761937,-7.384280999304711,1.0,True,2.9807597105323564
SC10,Tehran,Modal share: car,delta_2030_pct,32,-10.761082898249567,-12.785766807103302,-11.754890295771204,-9.91043406844026,-8.695497960584769,-13.193937320885071,-8.597710908600858,1.0,True,4.0902688465185335
SC10,Tehran,Modal share: public transport,delta_mean_pct,32,43.5133187067447,36.74732429573313,39.76251223739319,45.58351184262031,49.8372002798548,36.03613496222784,52.11774173954581,1.0,True,13.089875984121669
SC10,Tehran,Modal share: public transport,delta_2030_pct,32,48.99580549903399,41.61626868686521,45.54257815963248,52.68544602448691,57.31721530247,40.02093339711335,59.1225974723682,1.0,True,15.700946615604783
SC10,Tehran,NOₓ emissions,delta_mean_pct,32,-7.850509915685768,-8.883750156372884,-8.369868121305888,-7.487128298689061,-6.766447204744147,-9.47220443344462,-6.594383882261065,1.0,True,2.1173029516287363
SC10,Tehran,NOₓ emissions,delta_2030_pct,32,-11.68895612981289,-13.751744426209488,-12.532930127973144,-11.187736642795802,-9.880294584548658,-14.279660731238971,-9.813289857213842,1.0,True,3.87144984166083
SC10,Tehran,PM₂.₅ emissions,delta_mean_pct,32,-9.492481169454043,-10.520964182661352,-9.869969311963471,-8.971755380244245,-8.42835949608329,-11.371369761762905,-8.074335397855373,1.0,True,2.0926046865780616
SC10,Tehran,PM₂.₅ emissions,delta_2030_pct,32,-15.249682982290157,-17.21957832816485,-15.849154374849178,-14.442407038531364,-13.365338300560673,-18.275290514996456,-12.931097180878137,1.0,True,3.8542400276041793
SC10,Tehran,STOCK::brts_total,delta_mean_pct,32,2.231610266187328,2.231610266187328,2.231610266187328,2.231610266187328,2.231610266187328,2.231610266187328,2.231610266187328,1.0,True,0.0
SC10,Tehran,STOCK::brts_total,delta_2030_pct,32,6.054948943484458,6.054948943484458,6.054948943484458,6.054948943484458,6.054948943484458,6.054948943484458,6.054948943484458,1.0,True,0.0
SC10,Tehran,STOCK::buses_total,delta_mean_pct,32,2.969651954578415,2.969651954578415,2.969651954578415,2.969651954578415,2.969651954578415,2.969651954578415,2.969651954578415,1.0,True,0.0
SC10,Tehran,STOCK::buses_total,delta_2030_pct,32,7.785470025823924,7.785470025823924,7.785470025823924,7.785470025823924,7.785470025823924,7.785470025823924,7.785470025823924,1.0,True,0.0
SC10,Tehran,STOCK::cost_index_bus_fare,delta_mean_pct,32,-28.562767594618244,-28.562767594618244,-28.562767594618244,-28.562767594618244,-28.562767594618244,-28.562767594618244,-28.562767594618244,1.0,True,0.0
SC10,Tehran,STOCK::cost_index_bus_fare,delta_2030_pct,32,-37.272887981680256,-37.272887981680256,-37.272887981680256,-37.272887981680256,-37.272887981680256,-37.272887981680256,-37.272887981680256,1.0,True,0.0
SC10,Tehran,STOCK::cost_index_metro_fare,delta_mean_pct,32,-23.03998012320194,-23.03998012320194,-23.03998012320194,-23.03998012320194,-23.03998012320194,-23.03998012320194,-23.03998012320194,1.0,True,0.0
SC10,Tehran,STOCK::cost_index_metro_fare,delta_2030_pct,32,-30.856527657481102,-30.856527657481102,-30.856527657481102,-30.856527657481102,-30.856527657481102,-30.856527657481102,-30.856527657481102,1.0,True,0.0
SC10,Tehran,STOCK::cost_index_rhc_fare,delta_mean_pct,32,0.0,0.0,0.0,0.0,0.0,0.0,0.0,1.0,True,0.0
SC10,Tehran,STOCK::cost_index_rhc_fare,delta_2030_pct,32,0.0,0.0,0.0,0.0,0.0,0.0,0.0,1.0,True,0.0
SC10,Tehran,STOCK::inflation_index_effective,delta_mean_pct,32,0.0,0.0,0.0,0.0,0.0,0.0,0.0,1.0,True,0.0
SC10,Tehran,STOCK::inflation_index_effective,delta_2030_pct,32,0.0,0.0,0.0,0.0,0.0,0.0,0.0,1.0,True,0.0
SC10,Tehran,STOCK::len_bik,delta_mean_pct,32,0.0,0.0,0.0,0.0,0.0,0.0,0.0,1.0,True,0.0
SC10,Tehran,STOCK::len_bik,delta_2030_pct,32,0.0,0.0,0.0,0.0,0.0,0.0,0.0,1.0,True,0.0
SC10,Tehran,STOCK::len_brt,delta_mean_pct,32,5.785194747945485,5.785194747945485,5.785194747945485,5.785194747945485,5.785194747945485,5.785194747945485,5.785194747945485,1.0,True,0.0
SC10,Tehran,STOCK::len_brt,delta_2030_pct,32,10.000000000000009,10.000000000000009,10.000000000000009,10.000000000000009,10.000000000000009,10.000000000000009,10.000000000000009,1.0,True,0.0
SC10,Tehran,STOCK::len_hwy,delta_mean_pct,32,0.0,0.0,0.0,0.0,0.0,0.0,0.0,1.0,True,0.0
SC10,Tehran,STOCK::len_hwy,delta_2030_pct,32,0.0,0.0,0.0,0.0,0.0,0.0,0.0,1.0,True,0.0
SC10,Tehran,STOCK::len_met,delta_mean_pct,32,2.852391040037361,2.852391040037361,2.852391040037361,2.852391040037361,2.852391040037361,2.852391040037361,2.852391040037361,1.0,True,0.0
SC10,Tehran,STOCK::len_met,delta_2030_pct,32,5.000000000000004,5.000000000000004,5.000000000000004,5.000000000000004,5.000000000000004,5.000000000000004,5.000000000000004,1.0,True,0.0
SC10,Tehran,STOCK::metro_cars_total,delta_mean_pct,32,0.1066892464013732,0.1066892464013732,0.1066892464013732,0.1066892464013732,0.1066892464013732,0.1066892464013732,0.1066892464013732,1.0,True,0.0
SC10,Tehran,STOCK::metro_cars_total,delta_2030_pct,32,0.2845046570702709,0.2845046570702709,0.2845046570702709,0.2845046570702709,0.2845046570702709,0.2845046570702709,0.2845046570702709,1.0,True,0.0
SC10,Tehran,STOCK::motorcycles_total,delta_mean_pct,32,0.0,0.0,0.0,0.0,0.0,0.0,0.0,1.0,True,0.0
SC10,Tehran,STOCK::motorcycles_total,delta_2030_pct,32,0.0,0.0,0.0,0.0,0.0,0.0,0.0,1.0,True,0.0
SC10,Tehran,STOCK::population_city,delta_mean_pct,32,0.0352529863663811,0.0321311463132338,0.0340911113271543,0.037037884001195,0.0386444721564978,0.0308360207491725,0.0404476557654876,1.0,True,0.0065133258432639
SC10,Tehran,STOCK::population_city,delta_2030_pct,32,0.0820026519771694,0.0734811278574428,0.0793495801942935,0.0866055622558439,0.0902813922067784,0.0714170240639453,0.0940724325559883,1.0,True,0.0168002643493355
SC10,Tehran,STOCK::private_cars_total,delta_mean_pct,32,0.0,0.0,0.0,0.0,0.0,0.0,0.0,1.0,True,0.0
SC10,Tehran,STOCK::private_cars_total,delta_2030_pct,32,0.0,0.0,0.0,0.0,0.0,0.0,0.0,1.0,True,0.0
SC10,Tehran,STOCK::taxis_total,delta_mean_pct,32,0.0,0.0,0.0,0.0,0.0,0.0,0.0,1.0,True,0.0
SC10,Tehran,STOCK::taxis_total,delta_2030_pct,32,0.0,0.0,0.0,0.0,0.0,0.0,0.0,1.0,True,0.0
SC10,Tehran,STOCK::transport_financial_balance_IRR,delta_mean_pct,32,-15.937985242132784,-20.2539833378512,-18.576117837926613,-13.68301420650873,-11.84585214949508,-22.25261693420101,-10.37895432981717,1.0,True,8.408131188356116
SC10,Tehran,STOCK::transport_financial_balance_IRR,delta_2030_pct,32,-22.47567854933248,-28.60079522833555,-25.89636526672533,-19.243758762958265,-16.623788554838377,-31.20416126353231,-14.524850468705877,1.0,True,11.977006673497172
SC10,Tehran,Time loss (car),delta_mean_pct,32,-14.530662521603954,-16.703052271203187,-15.73038570608491,-13.36338564716364,-12.329504870616375,-17.65577859608218,-11.596358691694029,1.0,True,4.373547400586812
SC10,Tehran,Time loss (car),delta_2030_pct,32,-19.22183607410913,-22.55821065067412,-20.97578857852964,-17.65392855238317,-15.951478819213524,-23.43932851656143,-15.289204162571552,1.0,True,6.6067318314605945
SC10,Tehran,PCE-weighted VKT,delta_mean_pct,32,-5.879901323511371,-6.854468157676871,-6.412103583317113,-5.236614371241975,-4.913398564904544,-7.319698669095272,-4.425321590397522,1.0,True,1.941069592772327
SC10,Tehran,PCE-weighted VKT,delta_2030_pct,32,-7.860278236186142,-9.20872197310748,-8.622252298568641,-7.048926920461208,-6.466776595924337,-9.80409410444585,-5.951399718188301,1.0,True,2.741945377183143
SC11,Region 12,CO₂ emissions,delta_mean_pct,32,-2.435658701242322,-2.8908615216370244,-2.592087797760517,-2.381701250223522,-2.2754207449616994,-3.102378603125931,-2.0620802176674875,1.0,True,0.6154407766753249
SC11,Region 12,CO₂ emissions,delta_2030_pct,32,-4.736051434087957,-5.520060510729228,-4.997030668364749,-4.668331101834823,-4.495065720102553,-5.849382089685058,-4.200814567332127,1.0,True,1.0249947906266748
SC11,Region 12,Congestion index,delta_mean_pct,32,-6.486875401003305,-7.46469940001137,-7.035511389137107,-6.013600186343018,-5.603209096630251,-7.811219717243991,-5.268728156811956,1.0,True,1.8614903033811192
SC11,Region 12,Congestion index,delta_2030_pct,32,-10.321254170187569,-11.74793504618174,-11.107251940092013,-9.656441031784729,-8.978575373668702,-12.28722694775752,-8.538045231514584,1.0,True,2.769359672513037
SC11,Region 12,Electricity use,delta_mean_pct,32,11.033187128290429,9.907786275547483,10.325930087060076,11.841322937087494,13.426000912369696,9.53463539273536,13.569095112245217,1.0,True,3.518214636822212
SC11,Region 12,Electricity use,delta_2030_pct,32,15.312179548347627,13.612649674127514,14.319257217143749,16.8142422717826,19.87653835615608,13.00045358885074,20.218963078279188,1.0,True,6.263888682028568
SC11,Region 12,Final energy,delta_mean_pct,32,-4.108575002827353,-4.384975436219287,-4.265932743578716,-4.017622646075921,-3.6262780833639456,-4.49209508145046,-3.5141186835095093,1.0,True,0.7586973528553416
SC11,Region 12,Final energy,delta_2030_pct,32,-7.2640284427440065,-7.82215133889048,-7.5458162510905185,-7.121839779948802,-6.678031424739014,-7.951957743095488,-6.5539269012017325,1.0,True,1.1441199141514664
SC11,Region 12,Health indicator,delta_mean_pct,32,-5.146707812451977,-5.553445593375929,-5.317884446042449,-4.9575951722049245,-4.624390302832548,-5.740759741655683,-4.342320157214723,1.0,True,0.9290552905433812
SC11,Region 12,Health indicator,delta_2030_pct,32,-8.967377857165804,-9.73169835073342,-9.210000211654078,-8.66563807736905,-8.04807325644827,-9.94980942158369,-7.6355798652739875,1.0,True,1.6836250942851514
SC11,Region 12,Modal share: car,delta_mean_pct,32,-5.860322632660376,-6.35994264400064,-6.050438010907733,-5.658507330888016,-5.24960891485705,-6.605909187527589,-5.165293662399023,1.0,True,1.1103337291435895
SC11,Region 12,Modal share: car,delta_2030_pct,32,-10.25289901510123,-10.864332672620709,-10.47274577994766,-9.986179929904608,-9.46302129322726,-11.212305869865558,-9.342699907798767,1.0,True,1.401311379393448
SC11,Region 12,Modal share: public transport,delta_mean_pct,32,8.187196245165133,7.512453072451078,7.910500665190571,8.496274210299568,9.44349577236061,7.452112317870957,9.738402020791057,1.0,True,1.931042699909532
SC11,Region 12,Modal share: public transport,delta_2030_pct,32,11.161132928489105,10.175917928980192,10.64755869005823,11.582945022677274,13.468027982291911,10.067247677748808,14.216063032056184,1.0,True,3.2921100533117187
SC11,Region 12,NOₓ emissions,delta_mean_pct,32,-9.090105727078072,-9.694516377080095,-9.30344900520808,-8.653943805001283,-7.670277443502962,-10.089355791328437,-7.492207167077313,1.0,True,2.0242389335771334
SC11,Region 12,NOₓ emissions,delta_2030_pct,32,-16.052931393696202,-17.13916723193465,-16.44892212092401,-15.39004195642788,-13.873961542633207,-17.575869439487242,-13.63307340151159,1.0,True,3.2652056893014425
SC11,Region 12,PM₂.₅ emissions,delta_mean_pct,32,-15.01341708376423,-15.976264845198624,-15.349896845463636,-14.107246295681808,-13.34424518198406,-16.396068324139424,-13.301557972883456,1.0,True,2.632019663214564
SC11,Region 12,PM₂.₅ emissions,delta_2030_pct,32,-24.17589575598644,-25.70655189394394,-24.72715963636497,-22.87700476779641,-21.820604152707567,-26.2955427914968,-21.577481329310917,1.0,True,3.885947741236372
SC11,Region 12,Time loss (car),delta_mean_pct,32,-15.156723880461843,-16.402644637463546,-15.759110368091626,-14.517899498952644,-13.70311499528398,-16.630670414418617,-13.218303190776147,1.0,True,2.6995296421795665
SC11,Region 12,Time loss (car),delta_2030_pct,32,-24.350790062237092,-26.031287121267997,-24.966382318837688,-23.345257947379217,-22.108573926784043,-26.32331932472149,-21.66407559955274,1.0,True,3.922713194483951
SC11,Region 12,PCE-weighted VKT,delta_mean_pct,32,-4.424127062001616,-4.839358083369238,-4.615999763173004,-4.285703931719353,-3.9466199135887,-4.858315979727637,-3.8549875946430734,1.0,True,0.8927381697805372
SC11,Region 12,PCE-weighted VKT,delta_2030_pct,32,-7.25128954257401,-7.937663495258389,-7.590260507671852,-7.0522304933699616,-6.771722847408432,-7.991649815705525,-6.491126368984547,1.0,True,1.1659406478499568
SC11,Tehran,CO₂ emissions,delta_mean_pct,32,-6.667661542421794,-7.769953446911288,-7.128627685172663,-6.415384785410403,-5.869747476736839,-8.05729968129022,-5.625050766313435,1.0,True,1.900205970174449
SC11,Tehran,CO₂ emissions,delta_2030_pct,32,-10.85807103192981,-12.878681330439248,-11.737302360104504,-10.590270717625687,-9.60261411157169,-13.017978508823722,-9.260913313571397,1.0,True,3.276067218867558
SC11,Tehran,Congestion index,delta_mean_pct,32,-6.486875401003307,-7.464699400011391,-7.035511389137107,-6.013600186342986,-5.603209096630246,-7.81121971724401,-5.26872815681196,1.0,True,1.861490303381145
SC11,Tehran,Congestion index,delta_2030_pct,32,-10.321254170187574,-11.747935046181746,-11.10725194009203,-9.656441031784723,-8.9785753736687,-12.28722694775754,-8.53804523151458,1.0,True,2.769359672513046
SC11,Tehran,Electricity use,delta_mean_pct,32,25.747239036345903,23.58005240989394,24.64204216558,26.793147461741466,28.13283709473796,22.91950706658205,28.31735577061324,1.0,True,4.552784684844017
SC11,Tehran,Electricity use,delta_2030_pct,32,31.38095959287987,28.75986637315489,30.09727045530409,32.923679044567045,34.719573267896926,27.918028887839256,35.31263929025373,1.0,True,5.959706894742034
SC11,Tehran,Final energy,delta_mean_pct,32,-7.464155888193027,-8.540425175628247,-8.019738598501213,-7.137283515718083,-6.521118125110409,-8.777175877818468,-6.421936095714274,1.0,True,2.0193070505178383
SC11,Tehran,Final energy,delta_2030_pct,32,-12.1676124759229,-14.102786145082929,-12.959583439348668,-11.651685055172882,-10.575845199301602,-14.21698474912844,-10.419527400851422,1.0,True,3.526940945781325
SC11,Tehran,Health indicator,delta_mean_pct,32,-4.267111742820573,-4.705765276300014,-4.4948869437993935,-4.121777191883501,-3.795059221557999,-4.912495905011091,-3.77909396064041,1.0,True,0.9107060547420156
SC11,Tehran,Health indicator,delta_2030_pct,32,-7.08039956071043,-7.951271905138912,-7.429013817114426,-6.852935896749573,-6.257969177793424,-8.149472768157102,-6.238659203155886,1.0,True,1.693302727345488
SC11,Tehran,Modal share: car,delta_mean_pct,32,-9.198879668915897,-10.746835856222605,-9.97956847243236,-8.655715393291247,-7.667028050837909,-11.248607942958884,-7.613594202468433,1.0,True,3.079807805384696
SC11,Tehran,Modal share: car,delta_2030_pct,32,-12.54139833093426,-14.708555415732006,-13.511774907772878,-11.73886176843654,-10.326110782478734,-15.204690803643578,-10.282171468843364,1.0,True,4.382444633253272
SC11,Tehran,Modal share: public transport,delta_mean_pct,32,38.0890294148798,31.3215010736796,34.7286891291202,40.54065345927136,45.24485947962045,30.89882874315797,47.53125571918008,1.0,True,13.92335840594085
SC11,Tehran,Modal share: public transport,delta_2030_pct,32,48.68550812049893,40.59099017944096,44.76961754351369,52.80994668225675,57.86657795867693,39.1266544515275,60.07429017161796,1.0,True,17.27558777923597
SC11,Tehran,NOₓ emissions,delta_mean_pct,32,-8.415023894508538,-9.368731635318074,-8.891168204252082,-8.06875832596603,-7.393420795148985,-9.828793726159896,-7.3815612789332015,1.0,True,1.9753108401690893
SC11,Tehran,NOₓ emissions,delta_2030_pct,32,-13.956415068707887,-15.852180542018631,-14.702293955431854,-13.420956989645282,-12.20225783569515,-16.301316195466942,-12.177778046977815,1.0,True,3.6499227063234816
SC11,Tehran,PM₂.₅ emissions,delta_mean_pct,32,-8.95804917850063,-9.892640834235834,-9.290255246539306,-8.670238267510209,-8.081001442515221,-10.486758645053444,-7.915584846794552,1.0,True,1.8116393917206128
SC11,Tehran,PM₂.₅ emissions,delta_2030_pct,32,-15.117594358637412,-16.959092380608254,-15.644871038846611,-14.702222198622536,-13.550062066194933,-17.632152405503657,-13.350365760114904,1.0,True,3.4090303144133216
SC11,Tehran,STOCK::brts_total,delta_mean_pct,32,2.231610266187328,2.231610266187328,2.231610266187328,2.231610266187328,2.231610266187328,2.231610266187328,2.231610266187328,1.0,True,0.0
SC11,Tehran,STOCK::brts_total,delta_2030_pct,32,6.054948943484458,6.054948943484458,6.054948943484458,6.054948943484458,6.054948943484458,6.054948943484458,6.054948943484458,1.0,True,0.0
SC11,Tehran,STOCK::buses_total,delta_mean_pct,32,2.969651954578415,2.969651954578415,2.969651954578415,2.969651954578415,2.969651954578415,2.969651954578415,2.969651954578415,1.0,True,0.0
SC11,Tehran,STOCK::buses_total,delta_2030_pct,32,7.785470025823924,7.785470025823924,7.785470025823924,7.785470025823924,7.785470025823924,7.785470025823924,7.785470025823924,1.0,True,0.0
SC11,Tehran,STOCK::cost_index_bus_fare,delta_mean_pct,32,-13.23227111794798,-13.23227111794798,-13.23227111794798,-13.23227111794798,-13.23227111794798,-13.23227111794798,-13.23227111794798,1.0,True,0.0
SC11,Tehran,STOCK::cost_index_bus_fare,delta_2030_pct,32,-18.49386565334654,-18.49386565334654,-18.49386565334654,-18.49386565334654,-18.49386565334654,-18.49386565334654,-18.49386565334654,1.0,True,0.0
SC11,Tehran,STOCK::cost_index_metro_fare,delta_mean_pct,32,0.0,0.0,0.0,0.0,0.0,0.0,0.0,1.0,True,0.0
SC11,Tehran,STOCK::cost_index_metro_fare,delta_2030_pct,32,0.0,0.0,0.0,0.0,0.0,0.0,0.0,1.0,True,0.0
SC11,Tehran,STOCK::cost_index_rhc_fare,delta_mean_pct,32,0.0,0.0,0.0,0.0,0.0,0.0,0.0,1.0,True,0.0
SC11,Tehran,STOCK::cost_index_rhc_fare,delta_2030_pct,32,0.0,0.0,0.0,0.0,0.0,0.0,0.0,1.0,True,0.0
SC11,Tehran,STOCK::inflation_index_effective,delta_mean_pct,32,0.0,0.0,0.0,0.0,0.0,0.0,0.0,1.0,True,0.0
SC11,Tehran,STOCK::inflation_index_effective,delta_2030_pct,32,0.0,0.0,0.0,0.0,0.0,0.0,0.0,1.0,True,0.0
SC11,Tehran,STOCK::len_bik,delta_mean_pct,32,0.049442325635033,0.049442325635033,0.049442325635033,0.049442325635033,0.049442325635033,0.049442325635033,0.049442325635033,1.0,True,0.0
SC11,Tehran,STOCK::len_bik,delta_2030_pct,32,0.07538882466327,0.07538882466327,0.07538882466327,0.07538882466327,0.07538882466327,0.07538882466327,0.07538882466327,1.0,True,0.0
SC11,Tehran,STOCK::len_brt,delta_mean_pct,32,5.785194747945485,5.785194747945485,5.785194747945485,5.785194747945485,5.785194747945485,5.785194747945485,5.785194747945485,1.0,True,0.0
SC11,Tehran,STOCK::len_brt,delta_2030_pct,32,10.000000000000009,10.000000000000009,10.000000000000009,10.000000000000009,10.000000000000009,10.000000000000009,10.000000000000009,1.0,True,0.0
SC11,Tehran,STOCK::len_hwy,delta_mean_pct,32,0.0,0.0,0.0,0.0,0.0,0.0,0.0,1.0,True,0.0
SC11,Tehran,STOCK::len_hwy,delta_2030_pct,32,0.0,0.0,0.0,0.0,0.0,0.0,0.0,1.0,True,0.0
SC11,Tehran,STOCK::len_met,delta_mean_pct,32,2.852391040037361,2.852391040037361,2.852391040037361,2.852391040037361,2.852391040037361,2.852391040037361,2.852391040037361,1.0,True,0.0
SC11,Tehran,STOCK::len_met,delta_2030_pct,32,5.000000000000004,5.000000000000004,5.000000000000004,5.000000000000004,5.000000000000004,5.000000000000004,5.000000000000004,1.0,True,0.0
SC11,Tehran,STOCK::metro_cars_total,delta_mean_pct,32,0.1066892464013732,0.1066892464013732,0.1066892464013732,0.1066892464013732,0.1066892464013732,0.1066892464013732,0.1066892464013732,1.0,True,0.0
SC11,Tehran,STOCK::metro_cars_total,delta_2030_pct,32,0.2845046570702709,0.2845046570702709,0.2845046570702709,0.2845046570702709,0.2845046570702709,0.2845046570702709,0.2845046570702709,1.0,True,0.0
SC11,Tehran,STOCK::motorcycles_total,delta_mean_pct,32,0.0,0.0,0.0,0.0,0.0,0.0,0.0,1.0,True,0.0
SC11,Tehran,STOCK::motorcycles_total,delta_2030_pct,32,0.0,0.0,0.0,0.0,0.0,0.0,0.0,1.0,True,0.0
SC11,Tehran,STOCK::population_city,delta_mean_pct,32,0.0354617347402941,0.0324257615141817,0.0342298457541828,0.0368075379786056,0.0384224402148173,0.0320988836492348,0.0391501408047622,1.0,True,0.0059966787006356
SC11,Tehran,STOCK::population_city,delta_2030_pct,32,0.0863809386264436,0.0789194238034545,0.084196951963113,0.0897082544071647,0.0948913403566612,0.0783799357071575,0.0959684363114666,1.0,True,0.0159719165532067
SC11,Tehran,STOCK::private_cars_total,delta_mean_pct,32,0.0,0.0,0.0,0.0,0.0,0.0,0.0,1.0,True,0.0
SC11,Tehran,STOCK::private_cars_total,delta_2030_pct,32,0.0,0.0,0.0,0.0,0.0,0.0,0.0,1.0,True,0.0
SC11,Tehran,STOCK::taxis_total,delta_mean_pct,32,0.0,0.0,0.0,0.0,0.0,0.0,0.0,1.0,True,0.0
SC11,Tehran,STOCK::taxis_total,delta_2030_pct,32,0.0,0.0,0.0,0.0,0.0,0.0,0.0,1.0,True,0.0
SC11,Tehran,STOCK::transport_financial_balance_IRR,delta_mean_pct,32,-14.197410961753295,-18.267565358904783,-16.687963571758424,-11.935193882605834,-10.046245240093825,-20.19514009981109,-8.764215359603188,1.0,True,8.221320118810961
SC11,Tehran,STOCK::transport_financial_balance_IRR,delta_2030_pct,32,-20.392297815803296,-26.316667808985,-23.63447077886301,-17.13100106812075,-14.381668477266984,-28.876109103733643,-12.52849154023451,1.0,True,11.93499933171802
SC11,Tehran,Time loss (car),delta_mean_pct,32,-16.094538729716565,-18.234699024673848,-17.40888696731082,-15.357587083713236,-14.10003313855148,-18.991959275669466,-13.745166747631083,1.0,True,4.134665886122368
SC11,Tehran,Time loss (car),delta_2030_pct,32,-24.913752953612665,-28.201494498206177,-26.397922596874476,-23.5812317476207,-21.734761474483697,-28.96665761673929,-21.29948191841488,1.0,True,6.46673302372248
SC11,Tehran,PCE-weighted VKT,delta_mean_pct,32,-6.497961473607788,-7.4789659052058,-7.049235138535565,-6.0235742042768345,-5.610930879420612,-7.826785170050395,-5.275973206013529,1.0,True,1.868035025785188
SC11,Tehran,PCE-weighted VKT,delta_2030_pct,32,-10.312215094449437,-11.73903977125586,-11.09829208818006,-9.647334946899052,-8.969400964020384,-12.278386030196891,-8.52882641908963,1.0,True,2.769638807235477
SC2,Region 12,CO₂ emissions,delta_mean_pct,32,-0.6912002843642313,-0.769216238541011,-0.710996201899639,-0.6673680441344806,-0.6470673065794408,-0.7716021297065189,-0.6443478004331192,1.0,True,0.1221489319615701
SC2,Region 12,CO₂ emissions,delta_2030_pct,32,-1.9953238204052823,-2.184819374457215,-2.058858484729636,-1.938284781986624,-1.880982931858897,-2.267476325532278,-1.8734402753657915,1.0,True,0.3038364425983177
SC2,Region 12,Congestion index,delta_mean_pct,32,-0.5411526677142495,-0.6475365399459311,-0.574733374322917,-0.4992104257044107,-0.4633033317352208,-0.6587377165905015,-0.4328819939938607,1.0,True,0.1842332082107102
SC2,Region 12,Congestion index,delta_2030_pct,32,-1.245273306915224,-1.507487617333167,-1.3205136982847292,-1.1322013159551536,-1.0401652257128704,-1.5350716903069432,-0.891754268584649,1.0,True,0.4673223916202966
SC2,Region 12,Electricity use,delta_mean_pct,32,1.1868359168025542,1.0967597045117834,1.1475315561157535,1.3038230990882873,1.7630840116584858,0.9977315317974764,2.153699950901698,1.0,True,0.6663243071467024
SC2,Region 12,Electricity use,delta_2030_pct,32,2.179000979812988,1.9660040277546875,2.0944416940328097,2.3848430540051107,3.7429769544123377,1.8277579679075784,4.619480608310222,1.0,True,1.7769729266576502
SC2,Region 12,Final energy,delta_mean_pct,32,-0.9043636460541592,-0.9560348272792584,-0.9323957857429668,-0.8970890700911927,-0.8725827883713912,-0.9793427698760808,-0.8645962500894939,1.0,True,0.0834520389078671
SC2,Region 12,Final energy,delta_2030_pct,32,-2.479390312227269,-2.6012216026110746,-2.544945166169508,-2.4356559525943577,-2.37609315342578,-2.7567397907428,-2.344481698604447,1.0,True,0.2251284491852945
SC2,Region 12,Health indicator,delta_mean_pct,32,-0.3669316224471759,-0.4032359941255944,-0.3778857512958671,-0.3540613892559803,-0.3290957355189567,-0.420299806731835,-0.3218241987964143,1.0,True,0.0741402586066377
SC2,Region 12,Health indicator,delta_2030_pct,32,-0.975753814288876,-1.088591432318726,-1.0144704598113372,-0.9414304616913244,-0.8936713785824426,-1.1348360086902824,-0.8667542302970647,1.0,True,0.1949200537362834
SC2,Region 12,Modal share: car,delta_mean_pct,32,-2.5194917936769987,-2.6191145775505045,-2.556014193293114,-2.4456792604940185,-2.297967895919385,-2.679979936055271,-2.2895604779683985,1.0,True,0.3211466816311192
SC2,Region 12,Modal share: car,delta_2030_pct,32,-5.571952031083058,-5.825635981098372,-5.655442394497143,-5.426959019330054,-5.1001874986715245,-5.877488217106294,-5.049878699702755,1.0,True,0.725448482426847
SC2,Region 12,Modal share: public transport,delta_mean_pct,32,1.161450344560367,1.065885655140853,1.1162720366796848,1.2328848817462037,1.5659094485114329,0.9681132596086142,1.7109286912159605,1.0,True,0.5000237933705798
SC2,Region 12,Modal share: public transport,delta_2030_pct,32,2.6472650885376505,2.4523222918733527,2.526628491943732,2.788461943162229,3.75918355255796,2.2502759117391733,4.3037341974357135,1.0,True,1.3068612606846073
SC2,Region 12,NOₓ emissions,delta_mean_pct,32,-0.6200204904360959,-0.6779717837805235,-0.6457198884725626,-0.5906272022959693,-0.5604522508334203,-0.7258350531639954,-0.5331514715315577,1.0,True,0.1175195329471031
SC2,Region 12,NOₓ emissions,delta_2030_pct,32,-1.7989360110064812,-1.9661316868382488,-1.8690092019135416,-1.712981829888447,-1.6311140804002011,-2.1522378532675543,-1.5868434149877515,1.0,True,0.3350176064380472
SC2,Region 12,PM₂.₅ emissions,delta_mean_pct,32,0.4441645287229142,0.379006892284632,0.4219090045500188,0.478753227821316,0.5194156646173159,0.3642781643240833,0.5198253228153329,1.0,True,0.1404087723326839
SC2,Region 12,PM₂.₅ emissions,delta_2030_pct,32,0.6092651323871702,0.4631648892979564,0.5576276325661516,0.6861255944080767,0.7850607045676293,0.4133409435235571,0.8284987946604846,1.0,True,0.3218958152696729
SC2,Region 12,Time loss (car),delta_mean_pct,32,-3.423284384901248,-3.6102673746050615,-3.4992059005825094,-3.319560464208787,-3.173951656796118,-3.641385055723919,-3.047474786844807,1.0,True,0.4363157178089434
SC2,Region 12,Time loss (car),delta_2030_pct,32,-7.380427848395167,-7.779181519998538,-7.572377089131534,-7.089061738099455,-6.850018912657156,-7.993443254084141,-6.563421323955857,1.0,True,0.9291626073413825
SC2,Region 12,PCE-weighted VKT,delta_mean_pct,32,-0.6842104650290051,-0.7422738567952984,-0.7254387960099924,-0.6604013086092126,-0.6219669821953758,-0.7940879432739854,-0.602022841772422,1.0,True,0.1203068745999226
SC2,Region 12,PCE-weighted VKT,delta_2030_pct,32,-1.9166310388254253,-2.0839770494250995,-2.000218184281214,-1.86045509060294,-1.7739576126636991,-2.309802146776712,-1.754056509593356,1.0,True,0.3100194367614004
SC2,Tehran,CO₂ emissions,delta_mean_pct,32,-0.642929744142348,-0.7590482698229931,-0.6942449458593146,-0.6208645017020584,-0.5892501105214796,-0.7888249415023569,-0.5679946637344956,1.0,True,0.1697981593015135
SC2,Tehran,CO₂ emissions,delta_2030_pct,32,-1.5523646559863078,-1.828361211126416,-1.626911814131926,-1.495284051210554,-1.433656582605816,-1.9555711169625416,-1.3820942505107032,1.0,True,0.3947046285205999
SC2,Tehran,Congestion index,delta_mean_pct,32,-0.5411526677142795,-0.6475365399459406,-0.5747333743229146,-0.4992104257043996,-0.463303331735207,-0.6587377165905447,-0.4328819939938996,1.0,True,0.1842332082107336
SC2,Tehran,Congestion index,delta_2030_pct,32,-1.2452733069152109,-1.5074876173331495,-1.3205136982847383,-1.1322013159551534,-1.0401652257128768,-1.53507169030693,-0.8917542685846774,1.0,True,0.4673223916202726
SC2,Tehran,Electricity use,delta_mean_pct,32,2.266835349213065,2.07964052384311,2.163348388931932,2.3151331068833687,2.3901661416055484,2.0663198919463377,2.423558576019557,1.0,True,0.3105256177624382
SC2,Tehran,Electricity use,delta_2030_pct,32,3.807780159126718,3.33904527353272,3.6232665717451127,3.95040536118921,4.100208888936751,3.2358290783852106,4.164031181506725,1.0,True,0.7611636154040311
SC2,Tehran,Final energy,delta_mean_pct,32,-0.6985953147459558,-0.8311809182678144,-0.7367058896884106,-0.6610354887383876,-0.6325351103569448,-0.859410352448365,-0.6055199979200857,1.0,True,0.1986458079108696
SC2,Tehran,Final energy,delta_2030_pct,32,-1.6448021695559745,-1.9488014305835832,-1.708760927534918,-1.568136720806982,-1.4980410924353924,-2.0974856831963886,-1.4411258185644866,1.0,True,0.4507603381481908
SC2,Tehran,Health indicator,delta_mean_pct,32,-0.2747407596382507,-0.320389133668748,-0.2865186063279745,-0.2589723917077547,-0.2497425266233333,-0.3292399404746887,-0.2423371679304326,1.0,True,0.0706466070454146
SC2,Tehran,Health indicator,delta_2030_pct,32,-0.6723913468834141,-0.7734599174806298,-0.7000367780669506,-0.6415659996671257,-0.6138618211921585,-0.8525525354878871,-0.6023047301857657,1.0,True,0.1595980962884713
SC2,Tehran,Modal share: car,delta_mean_pct,32,-1.4212587627661537,-1.7140850326563035,-1.5119754099557092,-1.359608996484685,-1.2695354894960988,-1.7390086758196963,-1.2445404423717967,1.0,True,0.4445495431602049
SC2,Tehran,Modal share: car,delta_2030_pct,32,-3.189829342444246,-4.16401050264851,-3.311648027564023,-3.0696424993306057,-2.888726605041068,-4.820373632262469,-2.8117214072733936,1.0,True,1.2752838976074417
SC2,Tehran,Modal share: public transport,delta_mean_pct,32,2.930288517869047,2.7710733417733984,2.8861269326826786,3.0178117453261986,3.1644250710284547,2.689397564905702,3.5147753095408376,1.0,True,0.3933517292550563
SC2,Tehran,Modal share: public transport,delta_2030_pct,32,5.485989225940188,5.06310361987821,5.39137419163855,5.596670536948796,6.649898249496372,4.847730083378976,9.968757154982324,1.0,True,1.5867946296181623
SC2,Tehran,NOₓ emissions,delta_mean_pct,32,-0.6321195459664527,-0.753941903331481,-0.6628119450537466,-0.6008426644750215,-0.5721467853517829,-0.7603213142298337,-0.5552360902566155,1.0,True,0.1817951179796981
SC2,Tehran,NOₓ emissions,delta_2030_pct,32,-1.527227070197413,-1.7971699418536928,-1.6023222267453583,-1.4596676285332837,-1.3935265876078324,-1.9564979646864695,-1.3598826721636998,1.0,True,0.4036433542458604
SC2,Tehran,PM₂.₅ emissions,delta_mean_pct,32,0.0368570564347714,-0.0128917002402852,0.0087202846877244,0.0574398648830225,0.0817545054911809,-0.0391564415296034,0.0949513458001172,0.84375,False,0.0946462057314662
SC2,Tehran,PM₂.₅ emissions,delta_2030_pct,32,-0.1652763242795716,-0.3126292279314316,-0.2238906158084167,-0.1276649878408818,-0.0543034856506498,-0.3876897866612082,-0.0009056485280247,1.0,True,0.2583257422807818
SC2,Tehran,STOCK::brts_total,delta_mean_pct,32,0.0,0.0,0.0,0.0,0.0,0.0,0.0,1.0,True,0.0
SC2,Tehran,STOCK::brts_total,delta_2030_pct,32,0.0,0.0,0.0,0.0,0.0,0.0,0.0,1.0,True,0.0
SC2,Tehran,STOCK::buses_total,delta_mean_pct,32,0.0,0.0,0.0,0.0,0.0,0.0,0.0,1.0,True,0.0
SC2,Tehran,STOCK::buses_total,delta_2030_pct,32,0.0,0.0,0.0,0.0,0.0,0.0,0.0,1.0,True,0.0
SC2,Tehran,STOCK::cost_index_bus_fare,delta_mean_pct,32,0.0,0.0,0.0,0.0,0.0,0.0,0.0,1.0,True,0.0
SC2,Tehran,STOCK::cost_index_bus_fare,delta_2030_pct,32,0.0,0.0,0.0,0.0,0.0,0.0,0.0,1.0,True,0.0
SC2,Tehran,STOCK::cost_index_metro_fare,delta_mean_pct,32,0.0,0.0,0.0,0.0,0.0,0.0,0.0,1.0,True,0.0
SC2,Tehran,STOCK::cost_index_metro_fare,delta_2030_pct,32,0.0,0.0,0.0,0.0,0.0,0.0,0.0,1.0,True,0.0
SC2,Tehran,STOCK::cost_index_rhc_fare,delta_mean_pct,32,0.0,0.0,0.0,0.0,0.0,0.0,0.0,1.0,True,0.0
SC2,Tehran,STOCK::cost_index_rhc_fare,delta_2030_pct,32,0.0,0.0,0.0,0.0,0.0,0.0,0.0,1.0,True,0.0
SC2,Tehran,STOCK::inflation_index_effective,delta_mean_pct,32,0.0,0.0,0.0,0.0,0.0,0.0,0.0,1.0,True,0.0
SC2,Tehran,STOCK::inflation_index_effective,delta_2030_pct,32,0.0,0.0,0.0,0.0,0.0,0.0,0.0,1.0,True,0.0
SC2,Tehran,STOCK::len_bik,delta_mean_pct,32,0.07606511636158,0.07606511636158,0.07606511636158,0.07606511636158,0.07606511636158,0.07606511636158,0.07606511636158,1.0,True,0.0
SC2,Tehran,STOCK::len_bik,delta_2030_pct,32,0.1159828071742273,0.1159828071742273,0.1159828071742273,0.1159828071742273,0.1159828071742273,0.1159828071742273,0.1159828071742273,1.0,True,0.0
SC2,Tehran,STOCK::len_brt,delta_mean_pct,32,0.0,0.0,0.0,0.0,0.0,0.0,0.0,1.0,True,0.0
SC2,Tehran,STOCK::len_brt,delta_2030_pct,32,0.0,0.0,0.0,0.0,0.0,0.0,0.0,1.0,True,0.0
SC2,Tehran,STOCK::len_hwy,delta_mean_pct,32,0.0,0.0,0.0,0.0,0.0,0.0,0.0,1.0,True,0.0
SC2,Tehran,STOCK::len_hwy,delta_2030_pct,32,0.0,0.0,0.0,0.0,0.0,0.0,0.0,1.0,True,0.0
SC2,Tehran,STOCK::len_met,delta_mean_pct,32,0.0,0.0,0.0,0.0,0.0,0.0,0.0,1.0,True,0.0
SC2,Tehran,STOCK::len_met,delta_2030_pct,32,0.0,0.0,0.0,0.0,0.0,0.0,0.0,1.0,True,0.0
SC2,Tehran,STOCK::metro_cars_total,delta_mean_pct,32,0.0,0.0,0.0,0.0,0.0,0.0,0.0,1.0,True,0.0
SC2,Tehran,STOCK::metro_cars_total,delta_2030_pct,32,0.0,0.0,0.0,0.0,0.0,0.0,0.0,1.0,True,0.0
SC2,Tehran,STOCK::motorcycles_total,delta_mean_pct,32,0.0,0.0,0.0,0.0,0.0,0.0,0.0,1.0,True,0.0
SC2,Tehran,STOCK::motorcycles_total,delta_2030_pct,32,0.0,0.0,0.0,0.0,0.0,0.0,0.0,1.0,True,0.0
SC2,Tehran,STOCK::population_city,delta_mean_pct,32,0.0016195141285531,0.0015003762881831,0.0015347881399183,0.0017022704285124,0.0018248765749313,0.0014632078900137,0.0018932382490468,1.0,True,0.0003245002867481
SC2,Tehran,STOCK::population_city,delta_2030_pct,32,0.0054530028833242,0.0050969535640335,0.0052062709823205,0.0057265465493163,0.0061695847784826,0.0049636401571092,0.0064653504461142,1.0,True,0.001072631214449
SC2,Tehran,STOCK::private_cars_total,delta_mean_pct,32,0.0,0.0,0.0,0.0,0.0,0.0,0.0,1.0,True,0.0
SC2,Tehran,STOCK::private_cars_total,delta_2030_pct,32,0.0,0.0,0.0,0.0,0.0,0.0,0.0,1.0,True,0.0
SC2,Tehran,STOCK::taxis_total,delta_mean_pct,32,0.0,0.0,0.0,0.0,0.0,0.0,0.0,1.0,True,0.0
SC2,Tehran,STOCK::taxis_total,delta_2030_pct,32,0.0,0.0,0.0,0.0,0.0,0.0,0.0,1.0,True,0.0
SC2,Tehran,STOCK::transport_financial_balance_IRR,delta_mean_pct,32,-0.8965113903349522,-1.0711827366851767,-0.973028943861971,-0.7793735071830745,-0.6641498986985369,-1.2364578807036293,-0.6527299148547462,1.0,True,0.4070328379866398
SC2,Tehran,STOCK::transport_financial_balance_IRR,delta_2030_pct,32,-1.4400373852707342,-1.8145173247071176,-1.57914631218233,-1.2713362819353589,-1.0860651086314126,-2.4965007845713134,-1.0764771349346072,1.0,True,0.7284522160757052
SC2,Tehran,Time loss (car),delta_mean_pct,32,-1.7183613621929157,-2.0005528500173217,-1.7927319482608297,-1.6112843245146675,-1.5160171009050327,-2.0795583453869115,-1.445350311625118,1.0,True,0.484535749112289
SC2,Tehran,Time loss (car),delta_2030_pct,32,-3.9033777539237473,-4.607349680716217,-4.0490390864478645,-3.67268207171924,-3.489947725036996,-4.853551465364167,-3.3503670596545723,1.0,True,1.1174019556792207
SC2,Tehran,PCE-weighted VKT,delta_mean_pct,32,-0.5243804646896739,-0.6315909260033238,-0.5581937354271401,-0.4817813994580112,-0.4459792757121842,-0.6429099128894937,-0.4153630199998841,1.0,True,0.1856116502911395
SC2,Tehran,PCE-weighted VKT,delta_2030_pct,32,-1.2299596457277864,-1.49221461709677,-1.3052117044463134,-1.1168701209623284,-1.02481975890187,-1.5198029674672844,-0.8763857880386325,1.0,True,0.4673948581949001
SC3,Region 12,CO₂ emissions,delta_mean_pct,32,-0.5150280024136681,-0.5770149528753808,-0.5349976507778872,-0.5010903138508457,-0.4871808932053486,-0.592237756620188,-0.4775490983065049,1.0,True,0.0898340596700322
SC3,Region 12,CO₂ emissions,delta_2030_pct,32,-1.3766836143482997,-1.5255602161622843,-1.427710143459781,-1.3488909779605418,-1.2930419482676,-1.70836204695159,-1.2718099208300848,1.0,True,0.2325182678946844
SC3,Region 12,Congestion index,delta_mean_pct,32,-0.0955557502416967,-0.1108223223807773,-0.1006134098842012,-0.0892932660285842,-0.0809781387287612,-0.1121823226382842,-0.0604957408970046,1.0,True,0.0298441836520161
SC3,Region 12,Congestion index,delta_2030_pct,32,-0.2169155960220795,-0.2531360079039293,-0.2283168208832658,-0.2024287886159634,-0.1861583638004092,-0.2558445039575824,0.0856751736713666,0.96875,False,0.0669776441035201
SC3,Region 12,Electricity use,delta_mean_pct,32,0.7063443936214704,0.6562067390604777,0.6838749597557505,0.7810439054505425,1.1813797094309313,0.5857276300600027,1.471375486071571,1.0,True,0.5251729703704536
SC3,Region 12,Electricity use,delta_2030_pct,32,1.6857533633058308,1.5284068028210962,1.6255575655952843,1.8911564174906663,2.671783961084596,1.4139849999085403,4.047321205093403,1.0,True,1.1433771582634995
SC3,Region 12,Final energy,delta_mean_pct,32,-0.6364144863133958,-0.6737907004111134,-0.655880107204693,-0.6263375181574308,-0.6068227071974245,-0.7205461466149363,-0.6034028950599041,1.0,True,0.0669679932136889
SC3,Region 12,Final energy,delta_2030_pct,32,-1.6839436719435683,-1.8127100401745893,-1.738873921357432,-1.6522759618027734,-1.5978067029661227,-2.0002506796331496,-1.584978921442061,1.0,True,0.2149033372084665
SC3,Region 12,Health indicator,delta_mean_pct,32,-0.1568033699513769,-0.1673110565752956,-0.162735878947308,-0.1528816676829649,-0.1430308094278272,-0.1838050104991639,-0.1392918859473381,1.0,True,0.0242802471474683
SC3,Region 12,Health indicator,delta_2030_pct,32,-0.4075708215610436,-0.4442664999484128,-0.4289332198568829,-0.396978893478003,-0.3736355519635859,-0.4972537158131619,-0.3657645949872655,1.0,True,0.0706309479848268
SC3,Region 12,Modal share: car,delta_mean_pct,32,-2.146372582968377,-2.244074063797319,-2.170449333511728,-2.105228720948608,-1.966204807935228,-2.27788475176467,-1.919596314694803,1.0,True,0.277869255862091
SC3,Region 12,Modal share: car,delta_2030_pct,32,-5.4106342261148965,-5.628885551296765,-5.468104093187895,-5.2671033363893045,-4.922415473385921,-5.717606208184727,-4.855496733256736,1.0,True,0.7064700779108444
SC3,Region 12,Modal share: public transport,delta_mean_pct,32,0.6481647461290305,0.5877202855449479,0.6252775266341117,0.7049697242052332,0.9964743672242438,0.5288716077723181,1.101940270314769,1.0,True,0.4087540816792958
SC3,Region 12,Modal share: public transport,delta_2030_pct,32,1.6249167906261437,1.4498490337420789,1.547104546108375,1.7836966609280664,2.4787368286681515,1.3281251581312856,3.182487981269266,1.0,True,1.0288877949260726
SC3,Region 12,NOₓ emissions,delta_mean_pct,32,-0.4709163548264155,-0.5143265385213716,-0.4937507921891558,-0.4544574515778715,-0.4300136972300297,-0.5669515255463757,-0.4179511593219152,1.0,True,0.0843128412913418
SC3,Region 12,NOₓ emissions,delta_2030_pct,32,-1.2591859906175695,-1.425785106438645,-1.3088524399354833,-1.2163141679016911,-1.1463112044219408,-1.5773906189025286,-1.113752013474711,1.0,True,0.2794739020167043
SC3,Region 12,PM₂.₅ emissions,delta_mean_pct,32,0.2381030738083872,0.2049052702884757,0.2219024243214707,0.2558891217851167,0.2882542620314566,0.2002210840856151,0.3124342844539127,1.0,True,0.0833489917429808
SC3,Region 12,PM₂.₅ emissions,delta_2030_pct,32,0.5234725589210663,0.4415560243746281,0.4918468204368123,0.5692263655079048,0.7035621306408613,0.4337024421449579,0.8019942402629852,1.0,True,0.2620061062662331
SC3,Region 12,Time loss (car),delta_mean_pct,32,-2.382368959021912,-2.4774374558374497,-2.4034243984310777,-2.341661749328696,-2.187702420451988,-2.536884315448944,-2.1395084596176805,1.0,True,0.2897350353854615
SC3,Region 12,Time loss (car),delta_2030_pct,32,-5.732291587069127,-5.935772020880149,-5.776516912853188,-5.5335385760445455,-5.22760843830445,-6.076150611150553,-5.14066086423385,1.0,True,0.7081635825756996
SC3,Region 12,PCE-weighted VKT,delta_mean_pct,32,-0.4291028297907854,-0.4756862514300001,-0.4540016963126476,-0.4111503193147228,-0.3875376891652381,-0.546848066419518,-0.3763773674451924,1.0,True,0.0881485622647619
SC3,Region 12,PCE-weighted VKT,delta_2030_pct,32,-1.1481923132397782,-1.31945418893845,-1.231723016390268,-1.1132070761294932,-1.0369912111269477,-1.4890370336835252,-1.026195613639192,1.0,True,0.2824629778115026
SC3,Tehran,CO₂ emissions,delta_mean_pct,32,-0.1254419947586741,-0.1393330541815969,-0.1318550468401207,-0.1218766087636757,-0.115558874888253,-0.146664281608169,-0.1144928345519414,1.0,True,0.0237741792933438
SC3,Tehran,CO₂ emissions,delta_2030_pct,32,-0.285196327749986,-0.3176745791001532,-0.2996606512788516,-0.2765900985935532,-0.2628540682623631,-0.3353363773278349,-0.2611239548973592,1.0,True,0.0548205108377901
SC3,Tehran,Congestion index,delta_mean_pct,32,-0.095555750241713,-0.1108223223807997,-0.1006134098842072,-0.0892932660285461,-0.0809781387287733,-0.1121823226383137,-0.0604957408970432,1.0,True,0.0298441836520264
SC3,Tehran,Congestion index,delta_2030_pct,32,-0.2169155960220716,-0.2531360079039402,-0.2283168208832803,-0.2024287886159502,-0.1861583638003981,-0.2558445039575837,0.0856751736713917,0.96875,False,0.0669776441035421
SC3,Tehran,Electricity use,delta_mean_pct,32,0.3912392528842852,0.3615781784018643,0.3795120210903235,0.4050927472177718,0.4213016100860826,0.3582927952393206,0.4260509114086708,1.0,True,0.0597234316842183
SC3,Tehran,Electricity use,delta_2030_pct,32,0.8613424796010417,0.7671965148286359,0.8301028280971942,0.8993783251284746,0.9330745193615584,0.7582740192800898,0.9462308800642796,1.0,True,0.1658780045329225
SC3,Tehran,Final energy,delta_mean_pct,32,-0.1335370260074331,-0.1496895232663737,-0.1385126337224917,-0.1282770128220639,-0.1220408016843543,-0.1568087602376166,-0.1192452225641759,1.0,True,0.0276487215820194
SC3,Tehran,Final energy,delta_2030_pct,32,-0.3030114003802181,-0.3434227268949162,-0.3158711636877529,-0.2928040675308822,-0.2818306824850827,-0.3604958390782634,-0.2740013028737267,1.0,True,0.0615920444098334
SC3,Tehran,Health indicator,delta_mean_pct,32,-0.0543548362809519,-0.0599281346231216,-0.0560668764031744,-0.0520707069126795,-0.050266233378544,-0.0608146983400331,-0.0484256076213295,1.0,True,0.0096619012445776
SC3,Tehran,Health indicator,delta_2030_pct,32,-0.1217769307156125,-0.1343762518335118,-0.1259229157520111,-0.1166134876118409,-0.1106261790414273,-0.136256955281307,-0.0773730644686029,1.0,True,0.0237500727920845
SC3,Tehran,Modal share: car,delta_mean_pct,32,-0.3017555011841746,-0.3512036524414687,-0.3164180497354426,-0.2902833405605491,-0.2729845410821942,-0.4749479782399017,-0.2629174785768242,1.0,True,0.0782191113592745
SC3,Tehran,Modal share: car,delta_2030_pct,32,-0.7487083764602078,-0.8715638967823476,-0.783308640911395,-0.7211120083484078,-0.6811278369837375,-1.8311539699687227,-0.6536320957429672,1.0,True,0.1904360597986101
SC3,Tehran,Modal share: public transport,delta_mean_pct,32,0.4868154224873792,0.4493265082789583,0.4724418938763048,0.4979890622121969,0.5209947412346707,0.4395076016170224,0.8025119193887242,1.0,True,0.0716682329557124
SC3,Tehran,Modal share: public transport,delta_2030_pct,32,1.2140915254147564,1.1125817689151016,1.1822760998618538,1.2394195271866622,1.291659630668868,1.0824930354268307,3.5610401020663214,1.0,True,0.1790778617537665
SC3,Tehran,NOₓ emissions,delta_mean_pct,32,-0.1244483504626618,-0.1401857740276755,-0.1278296325171614,-0.1196798517321061,-0.114415200672607,-0.1416273325835221,-0.1091328712274442,1.0,True,0.0257705733550684
SC3,Tehran,NOₓ emissions,delta_2030_pct,32,-0.2839134888484311,-0.3201559142857927,-0.2944731986511965,-0.2717090243451358,-0.2561397624916786,-0.3240763459571234,-0.2089128160902474,1.0,True,0.0640161517941141
SC3,Tehran,PM₂.₅ emissions,delta_mean_pct,32,-0.003510190502102,-0.0117155963820111,-0.0065165099223925,0.0009150650857392,0.0042899910160863,-0.0164251531792891,0.0209148675113604,0.6875,False,0.0160055873980974
SC3,Tehran,PM₂.₅ emissions,delta_2030_pct,32,0.0061510134826322,-0.0136402343431359,-0.0014148842511595,0.0161605738733664,0.024559684912347,-0.0247275524595454,0.1724430901856396,0.6875,False,0.0381999192554829
SC3,Tehran,STOCK::brts_total,delta_mean_pct,32,0.0,0.0,0.0,0.0,0.0,0.0,0.0,1.0,True,0.0
SC3,Tehran,STOCK::brts_total,delta_2030_pct,32,0.0,0.0,0.0,0.0,0.0,0.0,0.0,1.0,True,0.0
SC3,Tehran,STOCK::buses_total,delta_mean_pct,32,0.0,0.0,0.0,0.0,0.0,0.0,0.0,1.0,True,0.0
SC3,Tehran,STOCK::buses_total,delta_2030_pct,32,0.0,0.0,0.0,0.0,0.0,0.0,0.0,1.0,True,0.0
SC3,Tehran,STOCK::cost_index_bus_fare,delta_mean_pct,32,0.0,0.0,0.0,0.0,0.0,0.0,0.0,1.0,True,0.0
SC3,Tehran,STOCK::cost_index_bus_fare,delta_2030_pct,32,0.0,0.0,0.0,0.0,0.0,0.0,0.0,1.0,True,0.0
SC3,Tehran,STOCK::cost_index_metro_fare,delta_mean_pct,32,0.0,0.0,0.0,0.0,0.0,0.0,0.0,1.0,True,0.0
SC3,Tehran,STOCK::cost_index_metro_fare,delta_2030_pct,32,0.0,0.0,0.0,0.0,0.0,0.0,0.0,1.0,True,0.0
SC3,Tehran,STOCK::cost_index_rhc_fare,delta_mean_pct,32,0.0,0.0,0.0,0.0,0.0,0.0,0.0,1.0,True,0.0
SC3,Tehran,STOCK::cost_index_rhc_fare,delta_2030_pct,32,0.0,0.0,0.0,0.0,0.0,0.0,0.0,1.0,True,0.0
SC3,Tehran,STOCK::inflation_index_effective,delta_mean_pct,32,0.0,0.0,0.0,0.0,0.0,0.0,0.0,1.0,True,0.0
SC3,Tehran,STOCK::inflation_index_effective,delta_2030_pct,32,0.0,0.0,0.0,0.0,0.0,0.0,0.0,1.0,True,0.0
SC3,Tehran,STOCK::len_bik,delta_mean_pct,32,0.0,0.0,0.0,0.0,0.0,0.0,0.0,1.0,True,0.0
SC3,Tehran,STOCK::len_bik,delta_2030_pct,32,0.0,0.0,0.0,0.0,0.0,0.0,0.0,1.0,True,0.0
SC3,Tehran,STOCK::len_brt,delta_mean_pct,32,0.0,0.0,0.0,0.0,0.0,0.0,0.0,1.0,True,0.0
SC3,Tehran,STOCK::len_brt,delta_2030_pct,32,0.0,0.0,0.0,0.0,0.0,0.0,0.0,1.0,True,0.0
SC3,Tehran,STOCK::len_hwy,delta_mean_pct,32,0.0,0.0,0.0,0.0,0.0,0.0,0.0,1.0,True,0.0
SC3,Tehran,STOCK::len_hwy,delta_2030_pct,32,0.0,0.0,0.0,0.0,0.0,0.0,0.0,1.0,True,0.0
SC3,Tehran,STOCK::len_met,delta_mean_pct,32,0.0,0.0,0.0,0.0,0.0,0.0,0.0,1.0,True,0.0
SC3,Tehran,STOCK::len_met,delta_2030_pct,32,0.0,0.0,0.0,0.0,0.0,0.0,0.0,1.0,True,0.0
SC3,Tehran,STOCK::metro_cars_total,delta_mean_pct,32,0.0,0.0,0.0,0.0,0.0,0.0,0.0,1.0,True,0.0
SC3,Tehran,STOCK::metro_cars_total,delta_2030_pct,32,0.0,0.0,0.0,0.0,0.0,0.0,0.0,1.0,True,0.0
SC3,Tehran,STOCK::motorcycles_total,delta_mean_pct,32,0.0,0.0,0.0,0.0,0.0,0.0,0.0,1.0,True,0.0
SC3,Tehran,STOCK::motorcycles_total,delta_2030_pct,32,0.0,0.0,0.0,0.0,0.0,0.0,0.0,1.0,True,0.0
SC3,Tehran,STOCK::population_city,delta_mean_pct,32,0.0003184867973987,0.0002993499028523,0.000309053725462,0.0003273610083127,0.0003410328332066,0.0002924754029753,0.0003439904693787,1.0,True,4.168293035432686e-05
SC3,Tehran,STOCK::population_city,delta_2030_pct,32,0.0010866289644232,0.0010158973590972,0.0010503054148887,0.0011127042393442,0.0011610445553492,0.0009966869851959,0.0011684238316455,1.0,True,0.000145147196252
SC3,Tehran,STOCK::private_cars_total,delta_mean_pct,32,0.0,0.0,0.0,0.0,0.0,0.0,0.0,1.0,True,0.0
SC3,Tehran,STOCK::private_cars_total,delta_2030_pct,32,0.0,0.0,0.0,0.0,0.0,0.0,0.0,1.0,True,0.0
SC3,Tehran,STOCK::taxis_total,delta_mean_pct,32,0.0,0.0,0.0,0.0,0.0,0.0,0.0,1.0,True,0.0
SC3,Tehran,STOCK::taxis_total,delta_2030_pct,32,0.0,0.0,0.0,0.0,0.0,0.0,0.0,1.0,True,0.0
SC3,Tehran,STOCK::transport_financial_balance_IRR,delta_mean_pct,32,-0.1205360261335616,-0.1486358210742624,-0.1302715412555531,-0.1057760714971246,-0.0889280588954764,-0.290029794171004,-0.0876115840468126,1.0,True,0.0597077621787859
SC3,Tehran,STOCK::transport_financial_balance_IRR,delta_2030_pct,32,-0.2265512431452379,-0.2766332266488721,-0.2450266581912386,-0.2002843085050671,-0.1699230151261121,-0.8279795805545787,-0.1674596339638487,1.0,True,0.10671021152276
SC3,Tehran,Time loss (car),delta_mean_pct,32,-0.3310745874825548,-0.3762249678489238,-0.3442368767929789,-0.3116965955071311,-0.2984751482213671,-0.3871899775862586,-0.2842070170624172,1.0,True,0.0777498196275566
SC3,Tehran,Time loss (car),delta_2030_pct,32,-0.7383687446239393,-0.8405799537703048,-0.7698204555015391,-0.6972064211713522,-0.6565978665724088,-0.8679004874168572,-0.3948082785247769,1.0,True,0.183982087197896
SC3,Tehran,PCE-weighted VKT,delta_mean_pct,32,-0.0963550639486397,-0.1117379916166299,-0.1014500898549645,-0.0900443587964015,-0.0816795564403823,-0.1131140329769103,-0.060611046181058,1.0,True,0.0300584351762475
SC3,Tehran,PCE-weighted VKT,delta_2030_pct,32,-0.2169155960220619,-0.2531360079039324,-0.2283168208832827,-0.202428788615963,-0.1861583638003989,-0.2558445039575708,0.0856751736713768,0.96875,False,0.0669776441035334
SC4,Region 12,CO₂ emissions,delta_mean_pct,32,-1.1645038360862427,-1.4039222158445115,-1.2661187184463318,-1.0733099692708128,-0.9967569832170704,-1.5412545889760083,-0.848754474790969,1.0,True,0.4071652326274412
SC4,Region 12,CO₂ emissions,delta_2030_pct,32,-1.442116622743201,-1.7264448295570085,-1.535293572467314,-1.3193818703759368,-1.2283170495935511,-1.808552620411236,-1.061694534424613,1.0,True,0.4981277799634573
SC4,Region 12,Congestion index,delta_mean_pct,32,-1.1372750317225209,-1.433692176966913,-1.3144881813666272,-0.9607342568463108,-0.8176855913267204,-1.4394905537519378,-0.7589888193592912,1.0,True,0.616006585640193
SC4,Region 12,Congestion index,delta_2030_pct,32,-1.0631864902034602,-1.468477080585169,-1.2211264863217994,-0.950252672442726,-0.8407853804338,-1.8975511036416404,-0.7739397423889408,1.0,True,0.627691700151369
SC4,Region 12,Electricity use,delta_mean_pct,32,5.854064964412451,5.400073305297767,5.674325175711377,6.172628063371066,6.8895936383931495,5.2473328569423145,7.111063244037815,1.0,True,1.489520333095383
SC4,Region 12,Electricity use,delta_2030_pct,32,5.156245477273568,4.753813716235337,5.051447758580935,5.735882698036772,7.182806095861451,4.623836300240892,7.590661023727034,1.0,True,2.4289923796261137
SC4,Region 12,Final energy,delta_mean_pct,32,-1.9659496511335195,-2.17908931754835,-2.0766245812426263,-1.887387195297771,-1.665395737692848,-2.254044431531247,-1.6022572519948963,1.0,True,0.5136935798555022
SC4,Region 12,Final energy,delta_2030_pct,32,-2.1890122281396955,-2.44670209204162,-2.313844200956686,-2.100227873561509,-1.9147012986673888,-2.5331947285892085,-1.776063535773947,1.0,True,0.5320007933742312
SC4,Region 12,Health indicator,delta_mean_pct,32,-0.8657467329930302,-0.9544812000440034,-0.9143907445770796,-0.784075439148481,-0.7128835448614272,-0.965133971423832,-0.7069403868440058,1.0,True,0.2415976551825761
SC4,Region 12,Health indicator,delta_2030_pct,32,-0.8914603491394442,-1.0327479330839575,-0.9759003870262424,-0.8486564056037205,-0.7733850630704214,-1.2184851057939088,-0.770986206561743,1.0,True,0.2593628700135363
SC4,Region 12,Modal share: car,delta_mean_pct,32,-3.166914338545152,-3.57683650579641,-3.340263333064376,-3.04596531872988,-2.6947439032733915,-3.691444991655837,-2.4660025427381758,1.0,True,0.8820926025230187
SC4,Region 12,Modal share: car,delta_2030_pct,32,-3.135881486699488,-3.5147900663638296,-3.2571487179284606,-2.973079370378367,-2.7048428722270703,-3.630816459237043,-2.6068544198588435,1.0,True,0.8099471941367593
SC4,Region 12,Modal share: public transport,delta_mean_pct,32,5.935936507101546,5.489889763475047,5.708453992129377,6.192826020480823,6.6778226242970655,5.373780967445541,6.863914169974692,1.0,True,1.187932860822018
SC4,Region 12,Modal share: public transport,delta_2030_pct,32,5.79528448703085,5.423057728263149,5.583262145606909,6.1699658796257975,6.970542929793209,5.245392369474602,7.438000171392213,1.0,True,1.5474852015300593
SC4,Region 12,NOₓ emissions,delta_mean_pct,32,-1.918460195434776,-2.119766878163019,-2.041827456860354,-1.82621262447976,-1.718626271207229,-2.169712743397144,-1.5914520802343175,1.0,True,0.4011406069557897
SC4,Region 12,NOₓ emissions,delta_2030_pct,32,-2.0947453182269964,-2.2915608161662373,-2.2038196582874114,-2.014399323006528,-1.9011692234817412,-2.4200894394252708,-1.820225285717828,1.0,True,0.3903915926844958
SC4,Region 12,PM₂.₅ emissions,delta_mean_pct,32,-1.5975111014470709,-1.7476709811335418,-1.6869461967995971,-1.537937046097904,-1.3214113380936174,-1.850050179546716,-1.2433341681332666,1.0,True,0.4262596430399243
SC4,Region 12,PM₂.₅ emissions,delta_2030_pct,32,-1.6300108976324577,-1.820230700283385,-1.7292370888520805,-1.577099299829346,-1.4125628528982164,-1.919990136271708,-1.36111403357076,1.0,True,0.4076678473851687
SC4,Region 12,Time loss (car),delta_mean_pct,32,-4.906017779292798,-5.404156037192421,-5.198470046979292,-4.600880776178518,-4.106771298714701,-5.5554372521486535,-3.9825336006053975,1.0,True,1.29738473847772
SC4,Region 12,Time loss (car),delta_2030_pct,32,-4.737376442304162,-5.450396470062615,-5.043648008982271,-4.497465497055145,-4.12735101408839,-6.048822655549015,-3.913178020346928,1.0,True,1.323045455974225
SC4,Region 12,PCE-weighted VKT,delta_mean_pct,32,-2.767304198089211,-3.080845650520097,-2.9555890927903348,-2.6621045659159828,-2.38824473311993,-3.1703391804370225,-2.151017872665863,1.0,True,0.692600917400167
SC4,Region 12,PCE-weighted VKT,delta_2030_pct,32,-2.8605479648731853,-3.228576710279893,-3.039070828566696,-2.743732981536645,-2.5687996577415864,-3.268707084613316,-2.4454111557161338,1.0,True,0.6597770525383062
SC4,Tehran,CO₂ emissions,delta_mean_pct,32,-0.7919919432139971,-1.135186037220264,-1.0123329463811874,-0.6417025493226046,-0.5894155554898086,-1.1566260052104251,-0.5031064481394408,1.0,True,0.5457704817304554
SC4,Tehran,CO₂ emissions,delta_2030_pct,32,-0.7930555589461816,-1.119687474056821,-0.9068850157674512,-0.6808816413069368,-0.6134578591837809,-2.02277428870774,-0.5447233955369662,1.0,True,0.5062296148730401
SC4,Tehran,Congestion index,delta_mean_pct,32,-1.1372750317225346,-1.433692176966922,-1.3144881813666358,-0.9607342568463042,-0.8176855913267229,-1.4394905537518758,-0.7589888193593044,1.0,True,0.6160065856401991
SC4,Tehran,Congestion index,delta_2030_pct,32,-1.063186490203461,-1.4684770805851632,-1.2211264863218152,-0.9502526724427262,-0.8407853804338066,-1.897551103641628,-0.7739397423889295,1.0,True,0.6276917001513567
SC4,Tehran,Electricity use,delta_mean_pct,32,7.084608070886889,6.598597852659075,6.890890278282251,7.186615670099021,7.354754310702337,6.552830581481445,7.38871570692162,1.0,True,0.7561564580432627
SC4,Tehran,Electricity use,delta_2030_pct,32,5.745195939311131,5.202126491820268,5.6413529160005975,5.9004738587284375,6.105751399758619,5.067342987195933,6.1666009082946855,1.0,True,0.9036249079383508
SC4,Tehran,Final energy,delta_mean_pct,32,-1.0082775154341466,-1.3171468709403489,-1.1972499618901478,-0.81957222253507,-0.7261205081440246,-1.361982961002996,-0.6461865800157144,1.0,True,0.5910263627963243
SC4,Tehran,Final energy,delta_2030_pct,32,-0.9649274050064128,-1.3529986321504088,-1.1195248826222937,-0.8347695938918382,-0.7637840643953506,-2.1987841512887707,-0.6764690626563998,1.0,True,0.5892145677550582
SC4,Tehran,Health indicator,delta_mean_pct,32,-0.4551223364328043,-0.5684529302012805,-0.523049870179187,-0.3777260369269996,-0.3232756618066984,-0.6050439506158688,-0.2995454295003319,1.0,True,0.2451772683945821
SC4,Tehran,Health indicator,delta_2030_pct,32,-0.4272719520696657,-0.5862318893544761,-0.4890846972712568,-0.3762187477110416,-0.3403668596212482,-0.9398815363960488,-0.3122149226848779,1.0,True,0.2458650297332278
SC4,Tehran,Modal share: car,delta_mean_pct,32,-1.3770715997014165,-1.78843346194909,-1.6521909900106242,-1.127829709164102,-0.9869579802524876,-1.81601926017532,-0.8871059048356308,1.0,True,0.8014754816966023
SC4,Tehran,Modal share: car,delta_2030_pct,32,-1.1706197011682966,-2.0268765933717097,-1.3683539836701066,-1.0150402193720984,-0.9136401275508262,-2.639714336114741,-0.821299849477719,1.0,True,1.113236465820883
SC4,Tehran,Modal share: public transport,delta_mean_pct,32,8.859678380659165,8.299496564041432,8.639357299654936,9.149308066380788,10.088753065250735,8.276546598319866,10.44568077296305,1.0,True,1.7892565012093051
SC4,Tehran,Modal share: public transport,delta_2030_pct,32,7.962797845892141,7.56503621143092,7.84921424608806,8.119978591525568,9.124472555810751,7.511959232543804,12.906658382490772,1.0,True,1.5594363443798311
SC4,Tehran,NOₓ emissions,delta_mean_pct,32,-0.980790976146741,-1.2244342970032618,-1.1264972900956498,-0.8112079800674484,-0.6877408831721733,-1.3037427214483206,-0.6403793345521349,1.0,True,0.5366934138310885
SC4,Tehran,NOₓ emissions,delta_2030_pct,32,-0.9244034551298956,-1.2852904959030027,-1.060712165032739,-0.8128081138608972,-0.7261161341899044,-2.014676922721983,-0.669431025584097,1.0,True,0.5591743617130983
SC4,Tehran,PM₂.₅ emissions,delta_mean_pct,32,-0.5484505318570678,-0.7297548468858053,-0.6307545937561935,-0.4426191230295858,-0.39727187762754,-0.7400495065713695,-0.3447370298365944,1.0,True,0.3324829692582652
SC4,Tehran,PM₂.₅ emissions,delta_2030_pct,32,-0.5380177946736724,-0.7638221207701587,-0.6325439149844457,-0.471634333777251,-0.4294986892942691,-1.286406860122378,-0.3799197146762968,1.0,True,0.3343234314758895
SC4,Tehran,STOCK::brts_total,delta_mean_pct,32,0.0,0.0,0.0,0.0,0.0,0.0,0.0,1.0,True,0.0
SC4,Tehran,STOCK::brts_total,delta_2030_pct,32,0.0,0.0,0.0,0.0,0.0,0.0,0.0,1.0,True,0.0
SC4,Tehran,STOCK::buses_total,delta_mean_pct,32,0.0,0.0,0.0,0.0,0.0,0.0,0.0,1.0,True,0.0
SC4,Tehran,STOCK::buses_total,delta_2030_pct,32,0.0,0.0,0.0,0.0,0.0,0.0,0.0,1.0,True,0.0
SC4,Tehran,STOCK::cost_index_bus_fare,delta_mean_pct,32,-28.562767594618244,-28.562767594618244,-28.562767594618244,-28.562767594618244,-28.562767594618244,-28.562767594618244,-28.562767594618244,1.0,True,0.0
SC4,Tehran,STOCK::cost_index_bus_fare,delta_2030_pct,32,-37.272887981680256,-37.272887981680256,-37.272887981680256,-37.272887981680256,-37.272887981680256,-37.272887981680256,-37.272887981680256,1.0,True,0.0
SC4,Tehran,STOCK::cost_index_metro_fare,delta_mean_pct,32,-23.03998012320194,-23.03998012320194,-23.03998012320194,-23.03998012320194,-23.03998012320194,-23.03998012320194,-23.03998012320194,1.0,True,0.0
SC4,Tehran,STOCK::cost_index_metro_fare,delta_2030_pct,32,-30.856527657481102,-30.856527657481102,-30.856527657481102,-30.856527657481102,-30.856527657481102,-30.856527657481102,-30.856527657481102,1.0,True,0.0
SC4,Tehran,STOCK::cost_index_rhc_fare,delta_mean_pct,32,0.0,0.0,0.0,0.0,0.0,0.0,0.0,1.0,True,0.0
SC4,Tehran,STOCK::cost_index_rhc_fare,delta_2030_pct,32,0.0,0.0,0.0,0.0,0.0,0.0,0.0,1.0,True,0.0
SC4,Tehran,STOCK::inflation_index_effective,delta_mean_pct,32,0.0,0.0,0.0,0.0,0.0,0.0,0.0,1.0,True,0.0
SC4,Tehran,STOCK::inflation_index_effective,delta_2030_pct,32,0.0,0.0,0.0,0.0,0.0,0.0,0.0,1.0,True,0.0
SC4,Tehran,STOCK::len_bik,delta_mean_pct,32,0.0,0.0,0.0,0.0,0.0,0.0,0.0,1.0,True,0.0
SC4,Tehran,STOCK::len_bik,delta_2030_pct,32,0.0,0.0,0.0,0.0,0.0,0.0,0.0,1.0,True,0.0
SC4,Tehran,STOCK::len_brt,delta_mean_pct,32,0.0,0.0,0.0,0.0,0.0,0.0,0.0,1.0,True,0.0
SC4,Tehran,STOCK::len_brt,delta_2030_pct,32,0.0,0.0,0.0,0.0,0.0,0.0,0.0,1.0,True,0.0
SC4,Tehran,STOCK::len_hwy,delta_mean_pct,32,0.0,0.0,0.0,0.0,0.0,0.0,0.0,1.0,True,0.0
SC4,Tehran,STOCK::len_hwy,delta_2030_pct,32,0.0,0.0,0.0,0.0,0.0,0.0,0.0,1.0,True,0.0
SC4,Tehran,STOCK::len_met,delta_mean_pct,32,0.0,0.0,0.0,0.0,0.0,0.0,0.0,1.0,True,0.0
SC4,Tehran,STOCK::len_met,delta_2030_pct,32,0.0,0.0,0.0,0.0,0.0,0.0,0.0,1.0,True,0.0
SC4,Tehran,STOCK::metro_cars_total,delta_mean_pct,32,0.0,0.0,0.0,0.0,0.0,0.0,0.0,1.0,True,0.0
SC4,Tehran,STOCK::metro_cars_total,delta_2030_pct,32,0.0,0.0,0.0,0.0,0.0,0.0,0.0,1.0,True,0.0
SC4,Tehran,STOCK::motorcycles_total,delta_mean_pct,32,0.0,0.0,0.0,0.0,0.0,0.0,0.0,1.0,True,0.0
SC4,Tehran,STOCK::motorcycles_total,delta_2030_pct,32,0.0,0.0,0.0,0.0,0.0,0.0,0.0,1.0,True,0.0
SC4,Tehran,STOCK::population_city,delta_mean_pct,32,0.0045791012080267,0.0034439429182744,0.0040069295349731,0.0053842222502911,0.0057700264057909,0.0032311271715323,0.0062629592165635,1.0,True,0.0023260834875164
SC4,Tehran,STOCK::population_city,delta_2030_pct,32,0.0093391487099569,0.0067710840020114,0.0078316826889408,0.0106344191387413,0.011666044549751,0.0063246686980444,0.0124046983948915,1.0,True,0.0048949605477396
SC4,Tehran,STOCK::private_cars_total,delta_mean_pct,32,0.0,0.0,0.0,0.0,0.0,0.0,0.0,1.0,True,0.0
SC4,Tehran,STOCK::private_cars_total,delta_2030_pct,32,0.0,0.0,0.0,0.0,0.0,0.0,0.0,1.0,True,0.0
SC4,Tehran,STOCK::taxis_total,delta_mean_pct,32,0.0,0.0,0.0,0.0,0.0,0.0,0.0,1.0,True,0.0
SC4,Tehran,STOCK::taxis_total,delta_2030_pct,32,0.0,0.0,0.0,0.0,0.0,0.0,0.0,1.0,True,0.0
SC4,Tehran,STOCK::transport_financial_balance_IRR,delta_mean_pct,32,-2.6746190780583543,-3.912448625676493,-3.4850777821483208,-2.4389344149352903,-2.112094807983059,-4.028876606514953,-1.9339022964951,1.0,True,1.8003538176934342
SC4,Tehran,STOCK::transport_financial_balance_IRR,delta_2030_pct,32,-3.520842119021546,-4.819501788900476,-4.3208682071481785,-3.2079022402067627,-2.790266377912509,-5.835682540590349,-2.587933481804876,1.0,True,2.029235410987967
SC4,Tehran,Time loss (car),delta_mean_pct,32,-2.6781849147935635,-3.370435252437236,-3.1028297560403097,-2.227700644356496,-1.923249055050941,-3.473515882750335,-1.761794991530545,1.0,True,1.447186197386295
SC4,Tehran,Time loss (car),delta_2030_pct,32,-2.519549697611758,-3.466426816851829,-2.8453540713555805,-2.204381769424173,-1.9781742635611064,-4.981373610805016,-1.7998427910571466,1.0,True,1.4882525532907227
SC4,Tehran,PCE-weighted VKT,delta_mean_pct,32,-1.1375933146271549,-1.4341749736788396,-1.3143042908353062,-0.9609219823486184,-0.8178927277885111,-1.4397475024162478,-0.7591264036364531,1.0,True,0.6162822458903285
SC4,Tehran,PCE-weighted VKT,delta_2030_pct,32,-1.0631864902034478,-1.4684770805851326,-1.2211264863218072,-0.950252672442738,-0.8407853804338005,-1.8975511036416144,-0.7739397423889284,1.0,True,0.6276917001513321
SC5,Region 12,CO₂ emissions,delta_mean_pct,32,-0.8304576183780312,-1.0321410810970644,-0.9441053803905136,-0.7730623731610013,-0.729266698425192,-1.1713816331336873,-0.6492824271735784,1.0,True,0.3028743826718724
SC5,Region 12,CO₂ emissions,delta_2030_pct,32,-1.1759086520435251,-1.4500446127680164,-1.2951335940564055,-1.0940720463975249,-1.0055820178057664,-1.7754608721991665,-0.91756309123217,1.0,True,0.44446259496225
SC5,Region 12,Congestion index,delta_mean_pct,32,-4.473794539638012,-5.271049555950716,-4.913675051736348,-4.083132876719538,-3.6996942288946992,-5.59332258059365,-3.439614118959125,1.0,True,1.571355327056017
SC5,Region 12,Congestion index,delta_2030_pct,32,-6.279951917083346,-7.634182051997458,-7.058600934147214,-5.8202226583015015,-5.166373920180728,-7.972712525584035,-4.903836309618,1.0,True,2.4678081318167298
SC5,Region 12,Electricity use,delta_mean_pct,32,6.799154857040104,6.362464263239851,6.605226090029412,7.170216048796932,7.877789824313775,6.206869056832617,8.188387559451204,1.0,True,1.515325561073924
SC5,Region 12,Electricity use,delta_2030_pct,32,6.740125451056049,6.321656700477188,6.597152716476096,7.301522995657003,9.04859309233209,6.174530453093848,9.440810777355964,1.0,True,2.7269363918549026
SC5,Region 12,Final energy,delta_mean_pct,32,-1.732571187356373,-1.901465776996059,-1.8113380488659108,-1.6276517283174083,-1.5143344372731384,-1.9534949933398305,-1.4515001088107051,1.0,True,0.3871313397229206
SC5,Region 12,Final energy,delta_2030_pct,32,-2.1094080083026547,-2.422836291908833,-2.231657745796387,-2.001585589172738,-1.8804065845957103,-2.543932032969725,-1.7862144827795587,1.0,True,0.5424297073131223
SC5,Region 12,Health indicator,delta_mean_pct,32,-2.184022287803658,-2.4476004045303843,-2.3159149668544075,-2.049036905117984,-1.915804134316042,-2.5063883874256314,-1.818199165480604,1.0,True,0.5317962702143424
SC5,Region 12,Health indicator,delta_2030_pct,32,-3.0949200908028205,-3.607276049387017,-3.32813388270145,-2.912356172320699,-2.6677422439421825,-3.612861326942667,-2.563798503053959,1.0,True,0.9395338054448348
SC5,Region 12,Modal share: car,delta_mean_pct,32,-2.0080358564608174,-2.52546546215184,-2.3124501320026907,-1.878188893256663,-1.7626497578678035,-2.633943726078213,-1.7390318704519372,1.0,True,0.7628157042840364
SC5,Region 12,Modal share: car,delta_2030_pct,32,-2.255273015478968,-2.849348054650023,-2.4037568817534467,-2.0444175016688884,-1.9270158724292603,-3.069445700219573,-1.8651513430293496,1.0,True,0.9223321822207626
SC5,Region 12,Modal share: public transport,delta_mean_pct,32,5.6211152804818,5.220029817124493,5.499997154154384,5.904131067623272,6.46531114175689,5.050789012578973,6.735069622744161,1.0,True,1.2452813246323968
SC5,Region 12,Modal share: public transport,delta_2030_pct,32,6.409638413780673,5.953055359356724,6.240228625312832,6.933471252352802,7.763038086708318,5.782775511188356,8.383570275470609,1.0,True,1.8099827273515936
SC5,Region 12,NOₓ emissions,delta_mean_pct,32,-1.9966024692633573,-2.1713137835656866,-2.1181678654259306,-1.912241303693185,-1.7480917015379172,-2.2145766355519285,-1.675253470589097,1.0,True,0.4232220820277694
SC5,Region 12,NOₓ emissions,delta_2030_pct,32,-2.4143513861224823,-2.6448969013857537,-2.51531796707666,-2.280690334174768,-2.2124242370879905,-2.6716281647318185,-2.096320991704401,1.0,True,0.4324726642977632
SC5,Region 12,PM₂.₅ emissions,delta_mean_pct,32,-2.493441643583264,-2.69434196343867,-2.556400762508248,-2.385410198927786,-2.118465300506671,-2.8248625749317924,-2.053627732458825,1.0,True,0.5758766629319987
SC5,Region 12,PM₂.₅ emissions,delta_2030_pct,32,-2.927985232419511,-3.218083476812328,-3.0527088054623066,-2.829210587452123,-2.680859036875496,-3.250755909061901,-2.5517734545248896,1.0,True,0.537224439936832
SC5,Region 12,Time loss (car),delta_mean_pct,32,-8.794234623316534,-10.085170015727789,-9.424659038568668,-8.253277001614908,-7.499394274307648,-10.221824939861948,-7.384011334520708,1.0,True,2.5857757414201386
SC5,Region 12,Time loss (car),delta_2030_pct,32,-11.883102512570952,-13.629655793463307,-12.602556598225478,-11.052136222994562,-9.907349452699153,-13.803213743016524,-9.766274633640544,1.0,True,3.722306340764158
SC5,Region 12,PCE-weighted VKT,delta_mean_pct,32,-1.930049473172192,-2.278981100858356,-2.1294116908556737,-1.8063879727239316,-1.6490789921041245,-2.353524871019599,-1.562688180133592,1.0,True,0.6299021087542309
SC5,Region 12,PCE-weighted VKT,delta_2030_pct,32,-2.1696027662056285,-2.6065270255330018,-2.3986915335878893,-2.0385390538699726,-1.9000416422408195,-2.6235709234604894,-1.7782517880372857,1.0,True,0.7064853832921822
SC5,Tehran,CO₂ emissions,delta_mean_pct,32,-4.394062513272117,-5.233168095033556,-4.746094196372624,-4.143335008654102,-3.6995984061061367,-5.517812940234658,-3.5056560985963428,1.0,True,1.5335696889274195
SC5,Tehran,CO₂ emissions,delta_2030_pct,32,-6.303121582161284,-7.911065357450735,-7.091227154593294,-6.082016899053815,-5.274773872170336,-8.179945891436496,-4.985951699917631,1.0,True,2.636291485280399
SC5,Tehran,Congestion index,delta_mean_pct,32,-4.473794539638031,-5.271049555950724,-4.913675051736355,-4.083132876719537,-3.6996942288946713,-5.593322580593652,-3.439614118959144,1.0,True,1.571355327056053
SC5,Tehran,Congestion index,delta_2030_pct,32,-6.279951917083346,-7.634182051997468,-7.058600934147227,-5.82022265830148,-5.16637392018072,-7.972712525584029,-4.90383630961801,1.0,True,2.4678081318167475
SC5,Tehran,Electricity use,delta_mean_pct,32,17.999125515758422,16.032329630971326,17.13634152513657,18.62245921133593,19.74672027648194,15.596760736985004,20.158394645104504,1.0,True,3.714390645510616
SC5,Tehran,Electricity use,delta_2030_pct,32,17.77065126349151,14.818078194188422,16.780956272905843,18.659128996744236,19.897018530505065,14.531793841330764,20.93705535490551,1.0,True,5.078940336316643
SC5,Tehran,Final energy,delta_mean_pct,32,-4.808851286929234,-5.690843846219606,-5.3384018065786805,-4.600657967798854,-4.093216779225468,-5.887352778068401,-4.037273499283158,1.0,True,1.5976270669941377
SC5,Tehran,Final energy,delta_2030_pct,32,-6.885919970205527,-8.496619971156093,-7.711235082473179,-6.582586503005283,-5.7303354749121285,-8.691493225187715,-5.606889664084499,1.0,True,2.7662844962439648
SC5,Tehran,Health indicator,delta_mean_pct,32,-2.21654735441564,-2.47123725746096,-2.379733966607498,-2.1010501708932523,-1.9197959299604053,-2.540587783408502,-1.9059327404865376,1.0,True,0.5514413275005547
SC5,Tehran,Health indicator,delta_2030_pct,32,-3.150387358608187,-3.689731418089619,-3.402260770399863,-2.9967132213009675,-2.668987773335976,-3.829131196266135,-2.655532853455017,1.0,True,1.0207436447536429
SC5,Tehran,Modal share: car,delta_mean_pct,32,-7.46880130056149,-8.755546431504099,-8.131247020732488,-6.996883378731854,-6.158538749972663,-9.059491757825004,-6.101710236115956,1.0,True,2.597007681531436
SC5,Tehran,Modal share: car,delta_2030_pct,32,-9.02492719132506,-10.873227592506478,-9.86041758330042,-8.438051356390453,-7.309180541418352,-11.27304037457492,-7.20578002209052,1.0,True,3.5640470510881253
SC5,Tehran,Modal share: public transport,delta_mean_pct,32,32.22323170728659,26.69442326830301,29.08841706604504,34.23352362822428,37.982198215035694,26.05833056068804,39.79263892706138,1.0,True,11.287774946732686
SC5,Tehran,Modal share: public transport,delta_2030_pct,32,38.12119298014549,31.639919072473702,35.16223885121965,41.61887167551328,45.60900453559224,30.446594400272403,46.98883041115975,1.0,True,13.96908546311854
SC5,Tehran,NOₓ emissions,delta_mean_pct,32,-4.701218731875462,-5.267058833361871,-5.027841025696378,-4.397256824178282,-4.007422918225451,-5.4324885185888,-3.968588201997072,1.0,True,1.2596359151364194
SC5,Tehran,NOₓ emissions,delta_2030_pct,32,-6.7308409852075055,-7.865706523416096,-7.275050882634768,-6.263662638082167,-5.580604734266598,-8.145100608474891,-5.565678844410633,1.0,True,2.285101789149498
SC5,Tehran,PM₂.₅ emissions,delta_mean_pct,32,-2.847840279680417,-3.26395432478147,-3.0872356900359543,-2.7455795106354905,-2.535884825798966,-3.405823067802899,-2.482401312408881,1.0,True,0.7280694989825043
SC5,Tehran,PM₂.₅ emissions,delta_2030_pct,32,-4.27111505306725,-5.101599267587242,-4.646066637478098,-4.120458132308749,-3.7034803603575246,-5.259972373969464,-3.591640243207555,1.0,True,1.3981189072297178
SC5,Tehran,STOCK::brts_total,delta_mean_pct,32,2.231610266187328,2.231610266187328,2.231610266187328,2.231610266187328,2.231610266187328,2.231610266187328,2.231610266187328,1.0,True,0.0
SC5,Tehran,STOCK::brts_total,delta_2030_pct,32,6.054948943484458,6.054948943484458,6.054948943484458,6.054948943484458,6.054948943484458,6.054948943484458,6.054948943484458,1.0,True,0.0
SC5,Tehran,STOCK::buses_total,delta_mean_pct,32,2.969651954578415,2.969651954578415,2.969651954578415,2.969651954578415,2.969651954578415,2.969651954578415,2.969651954578415,1.0,True,0.0
SC5,Tehran,STOCK::buses_total,delta_2030_pct,32,7.785470025823924,7.785470025823924,7.785470025823924,7.785470025823924,7.785470025823924,7.785470025823924,7.785470025823924,1.0,True,0.0
SC5,Tehran,STOCK::cost_index_bus_fare,delta_mean_pct,32,0.0,0.0,0.0,0.0,0.0,0.0,0.0,1.0,True,0.0
SC5,Tehran,STOCK::cost_index_bus_fare,delta_2030_pct,32,0.0,0.0,0.0,0.0,0.0,0.0,0.0,1.0,True,0.0
SC5,Tehran,STOCK::cost_index_metro_fare,delta_mean_pct,32,0.0,0.0,0.0,0.0,0.0,0.0,0.0,1.0,True,0.0
SC5,Tehran,STOCK::cost_index_metro_fare,delta_2030_pct,32,0.0,0.0,0.0,0.0,0.0,0.0,0.0,1.0,True,0.0
SC5,Tehran,STOCK::cost_index_rhc_fare,delta_mean_pct,32,0.0,0.0,0.0,0.0,0.0,0.0,0.0,1.0,True,0.0
SC5,Tehran,STOCK::cost_index_rhc_fare,delta_2030_pct,32,0.0,0.0,0.0,0.0,0.0,0.0,0.0,1.0,True,0.0
SC5,Tehran,STOCK::inflation_index_effective,delta_mean_pct,32,0.0,0.0,0.0,0.0,0.0,0.0,0.0,1.0,True,0.0
SC5,Tehran,STOCK::inflation_index_effective,delta_2030_pct,32,0.0,0.0,0.0,0.0,0.0,0.0,0.0,1.0,True,0.0
SC5,Tehran,STOCK::len_bik,delta_mean_pct,32,0.0,0.0,0.0,0.0,0.0,0.0,0.0,1.0,True,0.0
SC5,Tehran,STOCK::len_bik,delta_2030_pct,32,0.0,0.0,0.0,0.0,0.0,0.0,0.0,1.0,True,0.0
SC5,Tehran,STOCK::len_brt,delta_mean_pct,32,5.785194747945485,5.785194747945485,5.785194747945485,5.785194747945485,5.785194747945485,5.785194747945485,5.785194747945485,1.0,True,0.0
SC5,Tehran,STOCK::len_brt,delta_2030_pct,32,10.000000000000009,10.000000000000009,10.000000000000009,10.000000000000009,10.000000000000009,10.000000000000009,10.000000000000009,1.0,True,0.0
SC5,Tehran,STOCK::len_hwy,delta_mean_pct,32,0.0,0.0,0.0,0.0,0.0,0.0,0.0,1.0,True,0.0
SC5,Tehran,STOCK::len_hwy,delta_2030_pct,32,0.0,0.0,0.0,0.0,0.0,0.0,0.0,1.0,True,0.0
SC5,Tehran,STOCK::len_met,delta_mean_pct,32,2.852391040037361,2.852391040037361,2.852391040037361,2.852391040037361,2.852391040037361,2.852391040037361,2.852391040037361,1.0,True,0.0
SC5,Tehran,STOCK::len_met,delta_2030_pct,32,5.000000000000004,5.000000000000004,5.000000000000004,5.000000000000004,5.000000000000004,5.000000000000004,5.000000000000004,1.0,True,0.0
SC5,Tehran,STOCK::metro_cars_total,delta_mean_pct,32,0.1066892464013732,0.1066892464013732,0.1066892464013732,0.1066892464013732,0.1066892464013732,0.1066892464013732,0.1066892464013732,1.0,True,0.0
SC5,Tehran,STOCK::metro_cars_total,delta_2030_pct,32,0.2845046570702709,0.2845046570702709,0.2845046570702709,0.2845046570702709,0.2845046570702709,0.2845046570702709,0.2845046570702709,1.0,True,0.0
SC5,Tehran,STOCK::motorcycles_total,delta_mean_pct,32,0.0,0.0,0.0,0.0,0.0,0.0,0.0,1.0,True,0.0
SC5,Tehran,STOCK::motorcycles_total,delta_2030_pct,32,0.0,0.0,0.0,0.0,0.0,0.0,0.0,1.0,True,0.0
SC5,Tehran,STOCK::population_city,delta_mean_pct,32,0.01903760212896,0.0172115529407325,0.0181496706978966,0.02003311735898,0.020796938716278,0.0169221031221579,0.0213595082263576,1.0,True,0.0035853857755454
SC5,Tehran,STOCK::population_city,delta_2030_pct,32,0.0445315609147682,0.0400027463292412,0.0428347847486618,0.0473352281772939,0.04928468225081,0.0397498949043129,0.0513725461522674,1.0,True,0.0092819359215687
SC5,Tehran,STOCK::private_cars_total,delta_mean_pct,32,0.0,0.0,0.0,0.0,0.0,0.0,0.0,1.0,True,0.0
SC5,Tehran,STOCK::private_cars_total,delta_2030_pct,32,0.0,0.0,0.0,0.0,0.0,0.0,0.0,1.0,True,0.0
SC5,Tehran,STOCK::taxis_total,delta_mean_pct,32,0.0,0.0,0.0,0.0,0.0,0.0,0.0,1.0,True,0.0
SC5,Tehran,STOCK::taxis_total,delta_2030_pct,32,0.0,0.0,0.0,0.0,0.0,0.0,0.0,1.0,True,0.0
SC5,Tehran,STOCK::transport_financial_balance_IRR,delta_mean_pct,32,-10.698223502899983,-13.441649842324097,-12.151936814410284,-8.909088259939251,-7.746147368436812,-14.82034144612576,-6.88431280201061,1.0,True,5.695502473887284
SC5,Tehran,STOCK::transport_financial_balance_IRR,delta_2030_pct,32,-14.97103318811298,-18.92584008411345,-17.149676614916302,-12.49783974337992,-10.829265207387676,-20.673248458295536,-9.57962382478894,1.0,True,8.096574876725771
SC5,Tehran,Time loss (car),delta_mean_pct,32,-11.596566364816464,-13.401282945273929,-12.695582127032292,-10.879988577649568,-9.703577534484632,-14.081695012404262,-9.472694912655774,1.0,True,3.697705410789297
SC5,Tehran,Time loss (car),delta_2030_pct,32,-16.124902332058518,-19.327062618462524,-17.58045742355371,-15.03723450239208,-13.162280942755231,-19.6735547236345,-13.016164184522529,1.0,True,6.164781675707291
SC5,Tehran,PCE-weighted VKT,delta_mean_pct,32,-4.486582330151999,-5.286132829419931,-4.928849790238402,-4.09513818478616,-3.7097023925943655,-5.609552763798923,-3.449720669214753,1.0,True,1.5764304368255655
SC5,Tehran,PCE-weighted VKT,delta_2030_pct,32,-6.279951917083338,-7.63418205199745,-7.058600934147214,-5.820222658301473,-5.166373920180712,-7.972712525584002,-4.903836309617987,1.0,True,2.4678081318167377
SC6,Region 12,CO₂ emissions,delta_mean_pct,32,-0.6464430951200928,-0.7999120709814622,-0.7064289071939378,-0.540993887753789,-0.430781698161697,-1.0301403108085796,-0.3590761149039032,1.0,True,0.3691303728197652
SC6,Region 12,CO₂ emissions,delta_2030_pct,32,-0.8619796935771387,-1.0291747081802678,-0.8985278742502324,-0.6758974862177174,-0.5259200379860729,-1.3029110299575548,-0.4400131230627404,1.0,True,0.5032546701941949
SC6,Region 12,Congestion index,delta_mean_pct,32,-3.097124646228757,-4.101438720829301,-3.484093539015888,-2.7970137412309866,-2.370828989600412,-4.338658559304275,-2.0454155395358016,1.0,True,1.7306097312288893
SC6,Region 12,Congestion index,delta_2030_pct,32,-4.59548552171375,-6.230865308507632,-5.261271063571965,-4.219214593016432,-3.5332858771883227,-6.442524321754325,-3.062733948084311,1.0,True,2.6975794313193098
SC6,Region 12,Electricity use,delta_mean_pct,32,-1.0126090308629012,-1.465187152466756,-1.121499907103748,-0.8597609274432454,-0.671402429258188,-1.7491347423806802,-0.5576123550086429,1.0,True,0.7937847232085681
SC6,Region 12,Electricity use,delta_2030_pct,32,-1.1517958814604905,-1.4963943964697124,-1.2478588433203686,-0.941832387095778,-0.6741294008546741,-1.7899659094354032,-0.5849136479216023,1.0,True,0.8222649956150383
SC6,Region 12,Final energy,delta_mean_pct,32,-0.6227587830868779,-0.7701670256447448,-0.6792826726989856,-0.5182029465438084,-0.4201326928026952,-1.0140494850621011,-0.3466215867313321,1.0,True,0.3500343328420496
SC6,Region 12,Final energy,delta_2030_pct,32,-0.8407023361013237,-1.009294012187582,-0.8749901577844021,-0.667225828289002,-0.5099817884578383,-1.2943366192046029,-0.4336026047093994,1.0,True,0.4993122237297437
SC6,Region 12,Health indicator,delta_mean_pct,32,-4.149112799604083,-4.5393783718347125,-4.302755977480178,-3.840850572697243,-3.570851319614534,-4.726456321462026,-3.2171288329182017,1.0,True,0.9685270522201784
SC6,Region 12,Health indicator,delta_2030_pct,32,-7.320174259262623,-8.106259648271378,-7.605152801055774,-6.823113081657841,-6.254636284910097,-8.335904331781549,-5.649762705986089,1.0,True,1.8516233633612809
SC6,Region 12,Modal share: car,delta_mean_pct,32,-0.9286465257449856,-1.1492820054935475,-1.0018773350796109,-0.7487212016424982,-0.5889240086270432,-1.5033874480309306,-0.510102199276432,1.0,True,0.5603579968665043
SC6,Region 12,Modal share: car,delta_2030_pct,32,-1.118917286496509,-1.3481183951678906,-1.193181045390053,-0.8668506744505791,-0.5934536209944089,-1.729171211912392,-0.5253122456115794,1.0,True,0.7546647741734817
SC6,Region 12,Modal share: public transport,delta_mean_pct,32,1.609276637633068,1.234669451179087,1.4740697256869066,1.8199695691334352,2.1391808155588268,1.1525165642301762,2.7104890339634338,1.0,True,0.9045113643797398
SC6,Region 12,Modal share: public transport,delta_2030_pct,32,1.8500445060625916,1.4393579358578492,1.731029069686326,2.0906371264918007,2.5951971717759603,1.3606737400641613,3.0976807159085613,1.0,True,1.155839235918111
SC6,Region 12,NOₓ emissions,delta_mean_pct,32,-8.930045897881609,-10.210550261767866,-9.512733882594375,-8.2401732396918,-7.146637165524268,-10.628616854020091,-6.8884908023865545,1.0,True,3.063913096243597
SC6,Region 12,NOₓ emissions,delta_2030_pct,32,-16.49875870812223,-18.745223024649203,-17.521680142073073,-15.289857071805606,-13.165506122082164,-19.516005826378844,-12.767752997369362,1.0,True,5.5797169025670375
SC6,Region 12,PM₂.₅ emissions,delta_mean_pct,32,-21.41237233835467,-22.763634573810076,-21.929421226415847,-20.08134869798018,-19.17253712831316,-23.707507106901637,-18.672994711917823,1.0,True,3.591097445496917
SC6,Region 12,PM₂.₅ emissions,delta_2030_pct,32,-36.13382562942688,-38.28827977349161,-36.89303276969247,-33.979578163827895,-32.32416691621668,-39.807018881339786,-31.684615501099124,1.0,True,5.964112857274927
SC6,Region 12,Time loss (car),delta_mean_pct,32,-5.77905282348045,-6.924652573266097,-6.169236844801311,-5.079492985243013,-4.450401081082633,-7.160169876048412,-3.7985383880292622,1.0,True,2.4742514921834635
SC6,Region 12,Time loss (car),delta_2030_pct,32,-8.204213957419864,-10.22682557011592,-8.83627665981317,-7.380728394800948,-6.282185311008884,-10.330250124846206,-5.428729473322193,1.0,True,3.944640259107035
SC6,Region 12,PCE-weighted VKT,delta_mean_pct,32,-0.6083569639946864,-0.7553885323451691,-0.6632361153344455,-0.5143731878757949,-0.4104471995546244,-1.011829933186592,-0.3643425601345426,1.0,True,0.3449413327905447
SC6,Region 12,PCE-weighted VKT,delta_2030_pct,32,-0.7806971932240914,-0.9523547333192904,-0.8422661276776369,-0.6461814530272247,-0.496650959995239,-1.2533029441710006,-0.4854870483303809,1.0,True,0.4557037733240515
SC6,Tehran,CO₂ emissions,delta_mean_pct,32,-4.020075288041355,-4.914409046993804,-4.244151007950294,-3.5214382922038805,-3.126874022770686,-5.251505501210285,-2.763213033758092,1.0,True,1.7875350242231185
SC6,Tehran,CO₂ emissions,delta_2030_pct,32,-5.698479884546472,-7.450980840346189,-6.310824735255141,-5.213109118829493,-4.508895674002973,-7.735809393471468,-3.933900380016367,1.0,True,2.9420851663432157
SC6,Tehran,Congestion index,delta_mean_pct,32,-3.0971246462287523,-4.101438720829301,-3.484093539015915,-2.7970137412310017,-2.370828989600381,-4.338658559304304,-2.045415539535794,1.0,True,1.73060973122892
SC6,Tehran,Congestion index,delta_2030_pct,32,-4.59548552171375,-6.23086530850763,-5.261271063571947,-4.219214593016424,-3.5332858771883124,-6.442524321754338,-3.062733948084343,1.0,True,2.6975794313193173
SC6,Tehran,Electricity use,delta_mean_pct,32,2.547630099043612,0.9626164077196996,1.793927448050742,3.241167374492593,4.175655786151313,0.3192851877690807,4.933380324758605,1.0,True,3.2130393784316134
SC6,Tehran,Electricity use,delta_2030_pct,32,2.1512957497459446,0.1674627713208752,1.2095816013400849,3.1428816664176367,4.111069307228587,-0.602209615081176,5.093798499075919,0.9375,False,3.943606535907712
SC6,Tehran,Final energy,delta_mean_pct,32,-4.054195776671772,-4.994006262937381,-4.337254102981722,-3.609502579902494,-3.2294810414368564,-5.296803887012893,-2.864637432543097,1.0,True,1.7645252215005245
SC6,Tehran,Final energy,delta_2030_pct,32,-5.741468754680849,-7.508294067938889,-6.430756296496511,-5.309555328939192,-4.5984420226141935,-7.813292096115771,-4.065886167973703,1.0,True,2.909852045324696
SC6,Tehran,Health indicator,delta_mean_pct,32,-3.148210641331925,-3.707715893956144,-3.3866014454792737,-3.0500355145294806,-2.715065166216191,-3.836162956185325,-2.601182446129539,1.0,True,0.992650727739953
SC6,Tehran,Health indicator,delta_2030_pct,32,-5.081219838012121,-6.151385106573165,-5.475003913615749,-4.931138248857055,-4.328895045706201,-6.289163200569091,-4.158508276143197,1.0,True,1.822490060866964
SC6,Tehran,Modal share: car,delta_mean_pct,32,-6.196203006311167,-7.834665052229899,-6.838326161924731,-5.7605090430101065,-4.937475167464434,-7.959709947999416,-4.457183426373868,1.0,True,2.8971898847654645
SC6,Tehran,Modal share: car,delta_2030_pct,32,-7.64054553022525,-9.7132150379779,-8.36855921934514,-7.103802041335248,-5.923849527563157,-10.270805417768116,-5.35300739659592,1.0,True,3.789365510414743
SC6,Tehran,Modal share: public transport,delta_mean_pct,32,20.890581794935283,14.24950412321224,18.07606238479904,24.73474865475284,30.145562045653605,13.59076017433012,31.656940907730444,1.0,True,15.896057922441363
SC6,Tehran,Modal share: public transport,delta_2030_pct,32,25.248250385144143,17.070272070315244,21.67877515978904,30.65313246705733,36.87995117344596,16.117198734346182,37.44458347283658,1.0,True,19.80967910313072
SC6,Tehran,NOₓ emissions,delta_mean_pct,32,-5.810952649343777,-6.909819002645945,-6.259585766877197,-5.576823767245899,-4.892659046825664,-7.156289833046933,-4.640476147003815,1.0,True,2.017159955820281
SC6,Tehran,NOₓ emissions,delta_2030_pct,32,-9.47688105638731,-11.37859054988118,-10.115501634085057,-9.01554156304497,-7.780524073444567,-11.81623095345618,-7.393176935821857,1.0,True,3.598066476436612
SC6,Tehran,PM₂.₅ emissions,delta_mean_pct,32,-9.960898449687432,-11.084473492229863,-10.337587097620553,-9.29031643891756,-8.743454493789123,-11.882646374778275,-8.576169537205136,1.0,True,2.34101899844074
SC6,Tehran,PM₂.₅ emissions,delta_2030_pct,32,-16.521683530485426,-18.71274441978498,-17.304430650749175,-15.351940678749854,-14.353777988233478,-19.80819849258563,-14.127940120055506,1.0,True,4.358966431551501
SC6,Tehran,STOCK::brts_total,delta_mean_pct,32,0.0,0.0,0.0,0.0,0.0,0.0,0.0,1.0,True,0.0
SC6,Tehran,STOCK::brts_total,delta_2030_pct,32,0.0,0.0,0.0,0.0,0.0,0.0,0.0,1.0,True,0.0
SC6,Tehran,STOCK::buses_total,delta_mean_pct,32,0.0,0.0,0.0,0.0,0.0,0.0,0.0,1.0,True,0.0
SC6,Tehran,STOCK::buses_total,delta_2030_pct,32,0.0,0.0,0.0,0.0,0.0,0.0,0.0,1.0,True,0.0
SC6,Tehran,STOCK::cost_index_bus_fare,delta_mean_pct,32,0.0,0.0,0.0,0.0,0.0,0.0,0.0,1.0,True,0.0
SC6,Tehran,STOCK::cost_index_bus_fare,delta_2030_pct,32,0.0,0.0,0.0,0.0,0.0,0.0,0.0,1.0,True,0.0
SC6,Tehran,STOCK::cost_index_metro_fare,delta_mean_pct,32,0.0,0.0,0.0,0.0,0.0,0.0,0.0,1.0,True,0.0
SC6,Tehran,STOCK::cost_index_metro_fare,delta_2030_pct,32,0.0,0.0,0.0,0.0,0.0,0.0,0.0,1.0,True,0.0
SC6,Tehran,STOCK::cost_index_rhc_fare,delta_mean_pct,32,0.0,0.0,0.0,0.0,0.0,0.0,0.0,1.0,True,0.0
SC6,Tehran,STOCK::cost_index_rhc_fare,delta_2030_pct,32,0.0,0.0,0.0,0.0,0.0,0.0,0.0,1.0,True,0.0
SC6,Tehran,STOCK::inflation_index_effective,delta_mean_pct,32,0.0,0.0,0.0,0.0,0.0,0.0,0.0,1.0,True,0.0
SC6,Tehran,STOCK::inflation_index_effective,delta_2030_pct,32,0.0,0.0,0.0,0.0,0.0,0.0,0.0,1.0,True,0.0
SC6,Tehran,STOCK::len_bik,delta_mean_pct,32,0.0,0.0,0.0,0.0,0.0,0.0,0.0,1.0,True,0.0
SC6,Tehran,STOCK::len_bik,delta_2030_pct,32,0.0,0.0,0.0,0.0,0.0,0.0,0.0,1.0,True,0.0
SC6,Tehran,STOCK::len_brt,delta_mean_pct,32,0.0,0.0,0.0,0.0,0.0,0.0,0.0,1.0,True,0.0
SC6,Tehran,STOCK::len_brt,delta_2030_pct,32,0.0,0.0,0.0,0.0,0.0,0.0,0.0,1.0,True,0.0
SC6,Tehran,STOCK::len_hwy,delta_mean_pct,32,0.0,0.0,0.0,0.0,0.0,0.0,0.0,1.0,True,0.0
SC6,Tehran,STOCK::len_hwy,delta_2030_pct,32,0.0,0.0,0.0,0.0,0.0,0.0,0.0,1.0,True,0.0
SC6,Tehran,STOCK::len_met,delta_mean_pct,32,0.0,0.0,0.0,0.0,0.0,0.0,0.0,1.0,True,0.0
SC6,Tehran,STOCK::len_met,delta_2030_pct,32,0.0,0.0,0.0,0.0,0.0,0.0,0.0,1.0,True,0.0
SC6,Tehran,STOCK::metro_cars_total,delta_mean_pct,32,0.0,0.0,0.0,0.0,0.0,0.0,0.0,1.0,True,0.0
SC6,Tehran,STOCK::metro_cars_total,delta_2030_pct,32,0.0,0.0,0.0,0.0,0.0,0.0,0.0,1.0,True,0.0
SC6,Tehran,STOCK::motorcycles_total,delta_mean_pct,32,0.0,0.0,0.0,0.0,0.0,0.0,0.0,1.0,True,0.0
SC6,Tehran,STOCK::motorcycles_total,delta_2030_pct,32,0.0,0.0,0.0,0.0,0.0,0.0,0.0,1.0,True,0.0
SC6,Tehran,STOCK::population_city,delta_mean_pct,32,0.0260359720910986,0.0233203421213327,0.0256403327962123,0.0280110625398225,0.0303818194979766,0.0224914969773924,0.0308497693562078,1.0,True,0.0070614773766438
SC6,Tehran,STOCK::population_city,delta_2030_pct,32,0.0635728444822197,0.0563015345400242,0.0622336257077069,0.0682672225308858,0.0742639740340162,0.053807057091221,0.0753086357669742,1.0,True,0.017962439493992
SC6,Tehran,STOCK::private_cars_total,delta_mean_pct,32,0.0,0.0,0.0,0.0,0.0,0.0,0.0,1.0,True,0.0
SC6,Tehran,STOCK::private_cars_total,delta_2030_pct,32,0.0,0.0,0.0,0.0,0.0,0.0,0.0,1.0,True,0.0
SC6,Tehran,STOCK::taxis_total,delta_mean_pct,32,0.0,0.0,0.0,0.0,0.0,0.0,0.0,1.0,True,0.0
SC6,Tehran,STOCK::taxis_total,delta_2030_pct,32,0.0,0.0,0.0,0.0,0.0,0.0,0.0,1.0,True,0.0
SC6,Tehran,STOCK::transport_financial_balance_IRR,delta_mean_pct,32,-10.312819621644325,-13.438056080385593,-11.93161339698747,-8.076984913376801,-6.62772024911172,-14.987903857125383,-5.602577143720126,1.0,True,6.810335831273873
SC6,Tehran,STOCK::transport_financial_balance_IRR,delta_2030_pct,32,-14.328850737980876,-18.770140287610253,-16.660271866438258,-11.182639817793548,-9.232774310193522,-20.735226268982224,-7.753237678891505,1.0,True,9.537365977416732
SC6,Tehran,Time loss (car),delta_mean_pct,32,-9.001068496944704,-11.332049156371593,-9.949680676869598,-8.284184402320886,-7.166281409546649,-11.852173821938926,-6.325348833928563,1.0,True,4.165767746824944
SC6,Tehran,Time loss (car),delta_2030_pct,32,-12.789892675015516,-16.66201723475367,-14.31925611496088,-11.862781318023591,-10.08809802314486,-17.11413745221877,-8.901972669198033,1.0,True,6.573919211608809
SC6,Tehran,PCE-weighted VKT,delta_mean_pct,32,-3.107410355966712,-4.1154204511079975,-3.4966578598990457,-2.8070836350209403,-2.3790786891515623,-4.353364235140108,-2.0526938896202607,1.0,True,1.7363417619564352
SC6,Tehran,PCE-weighted VKT,delta_2030_pct,32,-4.595485521713749,-6.230865308507617,-5.261271063571927,-4.219214593016413,-3.533285877188308,-6.442524321754345,-3.062733948084352,1.0,True,2.6975794313193093
SC7,Region 12,CO₂ emissions,delta_mean_pct,32,-1.1643577857620242,-1.4211905424515645,-1.2290788988782166,-1.0388208705395054,-0.906718620136666,-1.4302192827033793,-0.8760392069956061,1.0,True,0.5144719223148984
SC7,Region 12,CO₂ emissions,delta_2030_pct,32,-2.3956766711879305,-2.918719935358015,-2.5268283828983105,-2.1362415257147704,-1.8758448639620864,-2.9631970236594687,-1.808891551584801,1.0,True,1.0428750713959285
SC7,Region 12,Congestion index,delta_mean_pct,32,0.0047608463058072,0.0038732272100647,0.004405563907852,0.0053349464823643,0.0057077952789531,0.0036153583835113,0.0059065243730334,1.0,True,0.0018345680688884
SC7,Region 12,Congestion index,delta_2030_pct,32,0.0119944864758885,0.0098815624391051,0.0112432555032491,0.0134785823447036,0.0142339436777701,0.0093157781992251,0.0148456639779156,1.0,True,0.0043523812386649
SC7,Region 12,Electricity use,delta_mean_pct,32,8.855823052027507,7.008466600160448,7.864098856954165,10.397538717017984,12.117237164499691,6.856492034238888,17.061284437731302,1.0,True,5.108770564339244
SC7,Region 12,Electricity use,delta_2030_pct,32,17.86158786168513,13.969619025789864,15.788404122581875,21.17769498309735,24.29791536462859,13.58757389702966,33.10184889566951,1.0,True,10.328296338838726
SC7,Region 12,Final energy,delta_mean_pct,32,-2.6178389171793874,-3.1555787305525453,-2.796588470890272,-2.3474678815956347,-1.98514068053159,-3.2552964339621333,-1.9795244447507343,1.0,True,1.1704380500209552
SC7,Region 12,Final energy,delta_2030_pct,32,-5.377821065267604,-6.506649256310846,-5.769000748906901,-4.838296193520558,-4.119062723975359,-6.744093189351546,-4.092097094953237,1.0,True,2.3875865323354866
SC7,Region 12,Health indicator,delta_mean_pct,32,-1.0482063873517866,-1.2179943959599573,-1.105620529123892,-0.9471687308425634,-0.858755470998606,-1.2607909783379303,-0.7437489533415764,1.0,True,0.3592389249613512
SC7,Region 12,Health indicator,delta_2030_pct,32,-2.109686580111463,-2.4431900036048577,-2.20013458756902,-1.9016333428114915,-1.7260080070774424,-2.519516036252662,-1.5060165734548596,1.0,True,0.7171819965274153
SC7,Region 12,Modal share: car,delta_mean_pct,32,0.0,0.0,0.0,0.0,0.0,0.0,0.0,1.0,True,0.0
SC7,Region 12,Modal share: car,delta_2030_pct,32,0.0,0.0,0.0,0.0,0.0,0.0,0.0,1.0,True,0.0
SC7,Region 12,Modal share: public transport,delta_mean_pct,32,0.0,0.0,0.0,0.0,0.0,0.0,0.0,1.0,True,0.0
SC7,Region 12,Modal share: public transport,delta_2030_pct,32,0.0,0.0,0.0,0.0,0.0,0.0,0.0,1.0,True,0.0
SC7,Region 12,NOₓ emissions,delta_mean_pct,32,-2.933094534876523,-3.417216010884457,-3.1831579654084203,-2.5633766479531337,-2.1540884384185386,-3.83865775154903,-2.0781596621789338,1.0,True,1.2631275724659186
SC7,Region 12,NOₓ emissions,delta_2030_pct,32,-5.81836741353293,-6.836442918141942,-6.28430234893078,-5.086225536244131,-4.308447999657234,-7.4726076811639555,-4.194572187579846,1.0,True,2.5279949184847084
SC7,Region 12,PM₂.₅ emissions,delta_mean_pct,32,-1.3819406723754757,-1.6789169425799595,-1.4898842568741308,-1.2218811044229474,-0.9804861828130714,-2.090516452904552,-0.9289368426353694,1.0,True,0.6984307597668883
SC7,Region 12,PM₂.₅ emissions,delta_2030_pct,32,-2.5958010902742363,-3.1259386109714327,-2.818665951296704,-2.3048756129616144,-1.868469746183848,-3.8692798429121367,-1.7914914188218083,1.0,True,1.257468864787585
SC7,Region 12,Time loss (car),delta_mean_pct,32,0.0074807437861331,0.0061195422418112,0.0069572234330784,0.008362971188566,0.0088907231777416,0.0057501849925473,0.0092216663859339,1.0,True,0.0027711809359303
SC7,Region 12,Time loss (car),delta_2030_pct,32,0.0186543694029995,0.015406295052215,0.017402986783412,0.0209181710200045,0.0219923759211436,0.0145514732883508,0.0229612154713037,1.0,True,0.0065860808689286
SC7,Region 12,PCE-weighted VKT,delta_mean_pct,32,0.0,0.0,0.0,0.0,0.0,0.0,0.0,1.0,True,0.0
SC7,Region 12,PCE-weighted VKT,delta_2030_pct,32,0.0,0.0,0.0,0.0,0.0,0.0,0.0,1.0,True,0.0
SC7,Tehran,CO₂ emissions,delta_mean_pct,32,-0.6187231028000447,-0.7468503795138848,-0.6667843350901954,-0.5463117910828736,-0.5023994115715874,-0.7659397633603791,-0.472944825672667,1.0,True,0.2444509679422973
SC7,Tehran,CO₂ emissions,delta_2030_pct,32,-1.2700583347067207,-1.5248038570668507,-1.3622708010368465,-1.1236761467687504,-1.0341575251145494,-1.5748179518802516,-0.974081397199738,1.0,True,0.4906463319523013
SC7,Tehran,Congestion index,delta_mean_pct,32,0.0047608463057892,0.0038732272100779,0.0044055639078489,0.0053349464823449,0.0057077952789325,0.003615358383541,0.0059065243730548,1.0,True,0.0018345680688545
SC7,Tehran,Congestion index,delta_2030_pct,32,0.0119944864758896,0.0098815624391114,0.0112432555032489,0.0134785823447059,0.014233943677767,0.0093157781992233,0.0148456639779094,1.0,True,0.0043523812386556
SC7,Tehran,Electricity use,delta_mean_pct,32,18.638894711648163,12.722948193166454,15.268457857986723,22.171003718794072,24.760672014449423,12.229674741512,27.88069695117236,1.0,True,12.037723821282968
SC7,Tehran,Electricity use,delta_2030_pct,32,34.699455337958426,24.05095155345583,28.33747599732595,40.62472770269628,44.28911674814413,23.4060565855909,49.59216372774706,1.0,True,20.238165194688296
SC7,Tehran,Final energy,delta_mean_pct,32,-1.3023053829380973,-1.5672996263563863,-1.3955043585437228,-1.1452805175609182,-1.049995461834673,-1.5937403546200275,-0.9911184036293104,1.0,True,0.5173041645217133
SC7,Tehran,Final energy,delta_2030_pct,32,-2.677517621898517,-3.207883862268634,-2.858107212755103,-2.358904273966978,-2.1674990813357886,-3.2860714026694398,-2.0472910077356934,1.0,True,1.0403847809328457
SC7,Tehran,Health indicator,delta_mean_pct,32,-0.5933590454058015,-0.7193274531614159,-0.668897399451113,-0.5529640506898892,-0.4810531125326892,-0.7510966479261103,-0.4514739903220169,1.0,True,0.2382743406287266
SC7,Tehran,Health indicator,delta_2030_pct,32,-1.187155868185808,-1.4359503317793816,-1.3366629488101442,-1.1038255530872252,-0.9718505094465468,-1.482463158779892,-0.9203929664562288,1.0,True,0.4640998223328348
SC7,Tehran,Modal share: car,delta_mean_pct,32,0.0,0.0,0.0,0.0,0.0,0.0,0.0,1.0,True,0.0
SC7,Tehran,Modal share: car,delta_2030_pct,32,0.0,0.0,0.0,0.0,0.0,0.0,0.0,1.0,True,0.0
SC7,Tehran,Modal share: public transport,delta_mean_pct,32,0.0,0.0,0.0,0.0,0.0,0.0,0.0,1.0,True,0.0
SC7,Tehran,Modal share: public transport,delta_2030_pct,32,0.0,0.0,0.0,0.0,0.0,0.0,0.0,1.0,True,0.0
SC7,Tehran,NOₓ emissions,delta_mean_pct,32,-1.2665790707851423,-1.5501007088797978,-1.418234458198239,-1.157177420687482,-1.0200774770581469,-1.6069150276802129,-0.959977844545484,1.0,True,0.5300232318216511
SC7,Tehran,NOₓ emissions,delta_2030_pct,32,-2.550604246694022,-3.1162012471062503,-2.854831884077813,-2.3293734189889648,-2.0833569824076523,-3.19247177237328,-1.9564353398283172,1.0,True,1.032844264698598
SC7,Tehran,PM₂.₅ emissions,delta_mean_pct,32,-0.7707476758509302,-1.0435020068151406,-0.845974984079678,-0.6940643885402356,-0.5751345823196432,-1.0632685683713434,-0.4918904574846014,1.0,True,0.4683674244954974
SC7,Tehran,PM₂.₅ emissions,delta_2030_pct,32,-1.5038260854753158,-1.978054027836668,-1.6384559596511152,-1.345285638370384,-1.1264665248789458,-2.028041450661028,-0.9815724075859084,1.0,True,0.8515875029577218
SC7,Tehran,STOCK::brts_total,delta_mean_pct,32,0.0,0.0,0.0,0.0,0.0,0.0,0.0,1.0,True,0.0
SC7,Tehran,STOCK::brts_total,delta_2030_pct,32,0.0,0.0,0.0,0.0,0.0,0.0,0.0,1.0,True,0.0
SC7,Tehran,STOCK::buses_total,delta_mean_pct,32,0.0,0.0,0.0,0.0,0.0,0.0,0.0,1.0,True,0.0
SC7,Tehran,STOCK::buses_total,delta_2030_pct,32,0.0,0.0,0.0,0.0,0.0,0.0,0.0,1.0,True,0.0
SC7,Tehran,STOCK::cost_index_bus_fare,delta_mean_pct,32,0.0,0.0,0.0,0.0,0.0,0.0,0.0,1.0,True,0.0
SC7,Tehran,STOCK::cost_index_bus_fare,delta_2030_pct,32,0.0,0.0,0.0,0.0,0.0,0.0,0.0,1.0,True,0.0
SC7,Tehran,STOCK::cost_index_metro_fare,delta_mean_pct,32,0.0,0.0,0.0,0.0,0.0,0.0,0.0,1.0,True,0.0
SC7,Tehran,STOCK::cost_index_metro_fare,delta_2030_pct,32,0.0,0.0,0.0,0.0,0.0,0.0,0.0,1.0,True,0.0
SC7,Tehran,STOCK::cost_index_rhc_fare,delta_mean_pct,32,0.0,0.0,0.0,0.0,0.0,0.0,0.0,1.0,True,0.0
SC7,Tehran,STOCK::cost_index_rhc_fare,delta_2030_pct,32,0.0,0.0,0.0,0.0,0.0,0.0,0.0,1.0,True,0.0
SC7,Tehran,STOCK::inflation_index_effective,delta_mean_pct,32,0.0,0.0,0.0,0.0,0.0,0.0,0.0,1.0,True,0.0
SC7,Tehran,STOCK::inflation_index_effective,delta_2030_pct,32,0.0,0.0,0.0,0.0,0.0,0.0,0.0,1.0,True,0.0
SC7,Tehran,STOCK::len_bik,delta_mean_pct,32,0.0,0.0,0.0,0.0,0.0,0.0,0.0,1.0,True,0.0
SC7,Tehran,STOCK::len_bik,delta_2030_pct,32,0.0,0.0,0.0,0.0,0.0,0.0,0.0,1.0,True,0.0
SC7,Tehran,STOCK::len_brt,delta_mean_pct,32,0.0,0.0,0.0,0.0,0.0,0.0,0.0,1.0,True,0.0
SC7,Tehran,STOCK::len_brt,delta_2030_pct,32,0.0,0.0,0.0,0.0,0.0,0.0,0.0,1.0,True,0.0
SC7,Tehran,STOCK::len_hwy,delta_mean_pct,32,0.0,0.0,0.0,0.0,0.0,0.0,0.0,1.0,True,0.0
SC7,Tehran,STOCK::len_hwy,delta_2030_pct,32,0.0,0.0,0.0,0.0,0.0,0.0,0.0,1.0,True,0.0
SC7,Tehran,STOCK::len_met,delta_mean_pct,32,0.0,0.0,0.0,0.0,0.0,0.0,0.0,1.0,True,0.0
SC7,Tehran,STOCK::len_met,delta_2030_pct,32,0.0,0.0,0.0,0.0,0.0,0.0,0.0,1.0,True,0.0
SC7,Tehran,STOCK::metro_cars_total,delta_mean_pct,32,0.0,0.0,0.0,0.0,0.0,0.0,0.0,1.0,True,0.0
SC7,Tehran,STOCK::metro_cars_total,delta_2030_pct,32,0.0,0.0,0.0,0.0,0.0,0.0,0.0,1.0,True,0.0
SC7,Tehran,STOCK::motorcycles_total,delta_mean_pct,32,0.0,0.0,0.0,0.0,0.0,0.0,0.0,1.0,True,0.0
SC7,Tehran,STOCK::motorcycles_total,delta_2030_pct,32,0.0,0.0,0.0,0.0,0.0,0.0,0.0,1.0,True,0.0
SC7,Tehran,STOCK::population_city,delta_mean_pct,32,0.0047697641208685,0.0038830843532476,0.0044178579526301,0.0053471449521188,0.0057222594920235,0.0036256972452953,0.0059225552914519,1.0,True,0.0018391751387759
SC7,Tehran,STOCK::population_city,delta_2030_pct,32,0.0119944864758882,0.0098815624390865,0.0112432555032442,0.0134785823446763,0.0142339436777481,0.0093157781992363,0.0148456639779246,1.0,True,0.0043523812386616
SC7,Tehran,STOCK::private_cars_total,delta_mean_pct,32,0.0,0.0,0.0,0.0,0.0,0.0,0.0,1.0,True,0.0
SC7,Tehran,STOCK::private_cars_total,delta_2030_pct,32,0.0,0.0,0.0,0.0,0.0,0.0,0.0,1.0,True,0.0
SC7,Tehran,STOCK::taxis_total,delta_mean_pct,32,0.0,0.0,0.0,0.0,0.0,0.0,0.0,1.0,True,0.0
SC7,Tehran,STOCK::taxis_total,delta_2030_pct,32,0.0,0.0,0.0,0.0,0.0,0.0,0.0,1.0,True,0.0
SC7,Tehran,STOCK::transport_financial_balance_IRR,delta_mean_pct,32,-2.30018351651734,-3.78976350022399,-2.82428502249965,-1.6628206576717863,-1.263611111123759,-3.861837794744968,-0.9466130215802668,1.0,True,2.526152389100231
SC7,Tehran,STOCK::transport_financial_balance_IRR,delta_2030_pct,32,-3.684193182018612,-6.016379734621896,-4.541739143414452,-2.676235533761001,-2.0235765771712777,-6.1296337209212926,-1.5139065930029303,1.0,True,3.9928031574506178
SC7,Tehran,Time loss (car),delta_mean_pct,32,0.0111979365404732,0.0091406540642883,0.0103494715521882,0.0125652020571357,0.0133895897512174,0.0085385925742113,0.0138776535073618,1.0,True,0.0042489356869291
SC7,Tehran,Time loss (car),delta_2030_pct,32,0.0274752732960757,0.0226671413724246,0.0256871396837982,0.0308381183633635,0.0324867338476002,0.0213920268609851,0.033901337641021,1.0,True,0.0098195924751756
SC7,Tehran,PCE-weighted VKT,delta_mean_pct,32,0.0047935971791983,0.0039003642904198,0.0044364578673351,0.0053720200342776,0.0057464588349237,0.0036410562508296,0.0059472006508026,1.0,True,0.0018460945445039
SC7,Tehran,PCE-weighted VKT,delta_2030_pct,32,0.0119944864759012,0.0098815624391039,0.0112432555032431,0.0134785823447176,0.0142339436777685,0.0093157781992182,0.014845663977914,1.0,True,0.0043523812386646
SC8,Region 12,CO₂ emissions,delta_mean_pct,32,-2.2241682816700337,-2.6901366228790686,-2.370420501054708,-2.0679579383213524,-1.8614608689629897,-3.0507532544655245,-1.60489237308899,1.0,True,0.828675753916079
SC8,Region 12,CO₂ emissions,delta_2030_pct,32,-3.2641511488671764,-3.956861004620272,-3.489606031034519,-3.096954838888848,-2.8403104878046523,-4.272006538724678,-2.518616737322723,1.0,True,1.1165505168156198
SC8,Region 12,Congestion index,delta_mean_pct,32,-6.517614923629718,-7.719500850140268,-7.003896852424838,-6.080224514591244,-5.50198677048322,-7.950604518053265,-5.298389274222472,1.0,True,2.2175140796570485
SC8,Region 12,Congestion index,delta_2030_pct,32,-9.905737966719885,-11.825904028100997,-10.815259663394226,-9.56870529505593,-8.665638079887568,-12.05460727644146,-8.33902471973203,1.0,True,3.1602659482134285
SC8,Region 12,Electricity use,delta_mean_pct,32,5.625919376031826,4.8311797635264,5.350693412614025,6.014507855880817,6.9951147479406695,4.617240882700624,7.486871049734048,1.0,True,2.163934984414269
SC8,Region 12,Electricity use,delta_2030_pct,32,5.802316499436966,4.982307189958064,5.493521699444465,6.405857307602376,8.106109944039407,4.634490402121318,9.069168358202464,1.0,True,3.1238027540813427
SC8,Region 12,Final energy,delta_mean_pct,32,-3.1294390181627585,-3.497968773713292,-3.327104946132141,-3.0150824688451503,-2.621570112941624,-3.674812775246519,-2.4891302502057857,1.0,True,0.8763986607716685
SC8,Region 12,Final energy,delta_2030_pct,32,-4.301592608873879,-4.93119339906308,-4.531730878684715,-4.160928029917069,-3.797582481350182,-4.978583978100698,-3.500825946785611,1.0,True,1.1336109177128977
SC8,Region 12,Health indicator,delta_mean_pct,32,-4.9212297153734745,-5.300269585052655,-5.024484951575351,-4.701040245165068,-4.441670447761286,-5.511565241762825,-4.05732315629061,1.0,True,0.8585991372913693
SC8,Region 12,Health indicator,delta_2030_pct,32,-8.20832866800017,-8.935762348436826,-8.332905284101868,-7.874781210143477,-7.39161671768631,-9.171167359135232,-6.829477160983822,1.0,True,1.544145630750516
SC8,Region 12,Modal share: car,delta_mean_pct,32,-5.640370199321676,-6.203431900819522,-5.825365634660292,-5.316697006952966,-4.654990443700689,-6.388427236728376,-4.401163672280571,1.0,True,1.548441457118833
SC8,Region 12,Modal share: car,delta_2030_pct,32,-7.668504920332039,-8.25221972923555,-7.861740530607523,-7.093200986988487,-6.620926317502584,-8.431000235704843,-6.412805513919026,1.0,True,1.6312934117329665
SC8,Region 12,Modal share: public transport,delta_mean_pct,32,8.324243603010139,7.71140454669487,7.937522817784629,8.881550515214085,9.726365916843127,7.6492965079053405,9.931027721115452,1.0,True,2.014961370148259
SC8,Region 12,Modal share: public transport,delta_2030_pct,32,9.390037575783255,8.706464633180735,9.002180054857272,10.08676070966186,11.74148476556774,8.593027417318831,11.912256107173077,1.0,True,3.035020132387004
SC8,Region 12,NOₓ emissions,delta_mean_pct,32,-8.233829886284106,-8.921854919233445,-8.526917477325906,-7.856246424598554,-6.924612758948588,-9.3185824359902,-6.8021812668456585,1.0,True,1.9972421602848565
SC8,Region 12,NOₓ emissions,delta_2030_pct,32,-13.955670260108088,-15.250514056503045,-14.475883440451968,-13.31394038614337,-11.880983082066749,-15.71980859447031,-11.777397131995148,1.0,True,3.3695309744362945
SC8,Region 12,PM₂.₅ emissions,delta_mean_pct,32,-15.358969414030668,-16.363534425075635,-15.771680163247536,-14.416357109531347,-13.739348217577104,-16.887080598318068,-13.549489111480778,1.0,True,2.624186207498532
SC8,Region 12,PM₂.₅ emissions,delta_2030_pct,32,-24.888527813186563,-26.403505710167583,-25.501065601956636,-23.527696630712093,-22.468542185534396,-27.25590418636933,-22.16673429845417,1.0,True,3.93496352463319
SC8,Region 12,Time loss (car),delta_mean_pct,32,-15.038187797436429,-16.354537211485933,-15.384272322761449,-14.211018280454374,-13.365582756962691,-16.49820362791343,-12.181697659043852,1.0,True,2.988954454523242
SC8,Region 12,Time loss (car),delta_2030_pct,32,-21.62552055057416,-23.635899906889986,-22.4705018521858,-20.87552993685885,-19.62820637476397,-23.81034921538285,-18.23710979412244,1.0,True,4.007693532126019
SC8,Region 12,PCE-weighted VKT,delta_mean_pct,32,-5.705877826762219,-6.1209374047787,-5.922620752576327,-5.555424634003074,-5.104887828723723,-6.1610889041050525,-4.8780813461692745,1.0,True,1.0160495760549768
SC8,Region 12,PCE-weighted VKT,delta_2030_pct,32,-8.237074535815712,-8.819965454416305,-8.494945820443604,-8.050886549725499,-7.671764001820681,-8.839187366860106,-7.558751957426907,1.0,True,1.1482014525956243
SC8,Tehran,CO₂ emissions,delta_mean_pct,32,-6.980125170874009,-8.182272186041887,-7.400477170452323,-6.559990246230486,-6.039420967957889,-8.527853391897176,-5.636838494101728,1.0,True,2.1428512180839983
SC8,Tehran,CO₂ emissions,delta_2030_pct,32,-10.753956438565917,-12.774496042900983,-11.527160772651508,-10.27001151594098,-9.453100411276566,-13.04988093340228,-8.880820440463722,1.0,True,3.3213956316244198
SC8,Tehran,Congestion index,delta_mean_pct,32,-6.517614923629735,-7.719500850140264,-7.003896852424816,-6.080224514591237,-5.501986770483229,-7.950604518053258,-5.29838927422246,1.0,True,2.217514079657035
SC8,Tehran,Congestion index,delta_2030_pct,32,-9.905737966719872,-11.825904028101004,-10.815259663394214,-9.568705295055905,-8.665638079887572,-12.05460727644146,-8.33902471973202,1.0,True,3.160265948213434
SC8,Tehran,Electricity use,delta_mean_pct,32,8.728857568231792,6.440778514950566,7.622869083222239,9.681986880000256,10.904930386391085,5.684206966430894,11.532596665644755,1.0,True,4.464151871440517
SC8,Tehran,Electricity use,delta_2030_pct,32,6.172878262820149,3.330259509100959,5.0013455328024286,7.422014911630063,8.895546705231759,2.589916551502103,9.894626894550749,1.0,True,5.5652871961308
SC8,Tehran,Final energy,delta_mean_pct,32,-7.180123092851968,-8.466770001503024,-7.747617492710978,-6.860762699957724,-6.27797284995897,-8.749495946819941,-5.984386292884405,1.0,True,2.188797151544054
SC8,Tehran,Final energy,delta_2030_pct,32,-11.00199183378174,-13.158349952681208,-11.923155450107595,-10.731336010950384,-9.72351228131286,-13.30129883420373,-9.279573101604914,1.0,True,3.4348376713683493
SC8,Tehran,Health indicator,delta_mean_pct,32,-4.231283151203006,-4.756709255255687,-4.427591910194696,-4.096951535132666,-3.770980945910922,-4.89027442139427,-3.690434174326067,1.0,True,0.9857283093447644
SC8,Tehran,Health indicator,delta_2030_pct,32,-6.825269316335451,-7.736353371307792,-7.135448165745395,-6.616158484965028,-6.060442515017701,-7.846217415700132,-5.917285689064401,1.0,True,1.6759108562900913
SC8,Tehran,Modal share: car,delta_mean_pct,32,-8.290544946126339,-10.256983910045545,-9.05457013144538,-7.8009815159932625,-6.7527463580471965,-10.563096871635535,-6.347217866929705,1.0,True,3.5042375519983464
SC8,Tehran,Modal share: car,delta_2030_pct,32,-10.292819764693894,-13.009606460680809,-11.25841445562718,-9.760370252122538,-8.36561708482612,-13.279972240830295,-7.865185552808525,1.0,True,4.643989375854687
SC8,Tehran,Modal share: public transport,delta_mean_pct,32,33.14086643818251,25.393239971875516,29.994142682411614,36.99272308805264,43.295782580014,24.447961688899085,45.350435757944105,1.0,True,17.902542608138486
SC8,Tehran,Modal share: public transport,delta_2030_pct,32,38.81333734576397,29.39621514180091,35.086977289924626,44.78835453420294,51.26885452725593,28.284861639123477,52.902544503899286,1.0,True,21.872639385455024
SC8,Tehran,NOₓ emissions,delta_mean_pct,32,-8.238340808366406,-9.308146019572462,-8.65147350087848,-7.910516243831602,-7.237131273140931,-9.65349225641972,-7.077160250803096,1.0,True,2.0710147464315307
SC8,Tehran,NOₓ emissions,delta_2030_pct,32,-13.175429295678484,-15.16558457968957,-13.8778366047675,-12.757500381828166,-11.61490556493289,-15.439075528844906,-11.325606611132356,1.0,True,3.55067901475668
SC8,Tehran,PM₂.₅ emissions,delta_mean_pct,32,-9.771263980469804,-10.76709763002322,-10.174150223812251,-9.421903037803242,-8.829868325120305,-11.363452446665304,-8.713623040549535,1.0,True,1.937229304902914
SC8,Tehran,PM₂.₅ emissions,delta_2030_pct,32,-16.192014325972927,-18.12074757093787,-16.82524692591283,-15.67981170341792,-14.56834465583828,-18.774057336144047,-14.474579278428248,1.0,True,3.5524029150995897
SC8,Tehran,STOCK::brts_total,delta_mean_pct,32,0.0,0.0,0.0,0.0,0.0,0.0,0.0,1.0,True,0.0
SC8,Tehran,STOCK::brts_total,delta_2030_pct,32,0.0,0.0,0.0,0.0,0.0,0.0,0.0,1.0,True,0.0
SC8,Tehran,STOCK::buses_total,delta_mean_pct,32,0.0,0.0,0.0,0.0,0.0,0.0,0.0,1.0,True,0.0
SC8,Tehran,STOCK::buses_total,delta_2030_pct,32,0.0,0.0,0.0,0.0,0.0,0.0,0.0,1.0,True,0.0
SC8,Tehran,STOCK::cost_index_bus_fare,delta_mean_pct,32,-28.562767594618244,-28.562767594618244,-28.562767594618244,-28.562767594618244,-28.562767594618244,-28.562767594618244,-28.562767594618244,1.0,True,0.0
SC8,Tehran,STOCK::cost_index_bus_fare,delta_2030_pct,32,-37.272887981680256,-37.272887981680256,-37.272887981680256,-37.272887981680256,-37.272887981680256,-37.272887981680256,-37.272887981680256,1.0,True,0.0
SC8,Tehran,STOCK::cost_index_metro_fare,delta_mean_pct,32,-23.03998012320194,-23.03998012320194,-23.03998012320194,-23.03998012320194,-23.03998012320194,-23.03998012320194,-23.03998012320194,1.0,True,0.0
SC8,Tehran,STOCK::cost_index_metro_fare,delta_2030_pct,32,-30.856527657481102,-30.856527657481102,-30.856527657481102,-30.856527657481102,-30.856527657481102,-30.856527657481102,-30.856527657481102,1.0,True,0.0
SC8,Tehran,STOCK::cost_index_rhc_fare,delta_mean_pct,32,0.0,0.0,0.0,0.0,0.0,0.0,0.0,1.0,True,0.0
SC8,Tehran,STOCK::cost_index_rhc_fare,delta_2030_pct,32,0.0,0.0,0.0,0.0,0.0,0.0,0.0,1.0,True,0.0
SC8,Tehran,STOCK::inflation_index_effective,delta_mean_pct,32,0.0,0.0,0.0,0.0,0.0,0.0,0.0,1.0,True,0.0
SC8,Tehran,STOCK::inflation_index_effective,delta_2030_pct,32,0.0,0.0,0.0,0.0,0.0,0.0,0.0,1.0,True,0.0
SC8,Tehran,STOCK::len_bik,delta_mean_pct,32,0.0,0.0,0.0,0.0,0.0,0.0,0.0,1.0,True,0.0
SC8,Tehran,STOCK::len_bik,delta_2030_pct,32,0.0,0.0,0.0,0.0,0.0,0.0,0.0,1.0,True,0.0
SC8,Tehran,STOCK::len_brt,delta_mean_pct,32,0.0,0.0,0.0,0.0,0.0,0.0,0.0,1.0,True,0.0
SC8,Tehran,STOCK::len_brt,delta_2030_pct,32,0.0,0.0,0.0,0.0,0.0,0.0,0.0,1.0,True,0.0
SC8,Tehran,STOCK::len_hwy,delta_mean_pct,32,0.0,0.0,0.0,0.0,0.0,0.0,0.0,1.0,True,0.0
SC8,Tehran,STOCK::len_hwy,delta_2030_pct,32,0.0,0.0,0.0,0.0,0.0,0.0,0.0,1.0,True,0.0
SC8,Tehran,STOCK::len_met,delta_mean_pct,32,0.0,0.0,0.0,0.0,0.0,0.0,0.0,1.0,True,0.0
SC8,Tehran,STOCK::len_met,delta_2030_pct,32,0.0,0.0,0.0,0.0,0.0,0.0,0.0,1.0,True,0.0
SC8,Tehran,STOCK::metro_cars_total,delta_mean_pct,32,0.0,0.0,0.0,0.0,0.0,0.0,0.0,1.0,True,0.0
SC8,Tehran,STOCK::metro_cars_total,delta_2030_pct,32,0.0,0.0,0.0,0.0,0.0,0.0,0.0,1.0,True,0.0
SC8,Tehran,STOCK::motorcycles_total,delta_mean_pct,32,0.0,0.0,0.0,0.0,0.0,0.0,0.0,1.0,True,0.0
SC8,Tehran,STOCK::motorcycles_total,delta_2030_pct,32,0.0,0.0,0.0,0.0,0.0,0.0,0.0,1.0,True,0.0
SC8,Tehran,STOCK::population_city,delta_mean_pct,32,0.0359179580611647,0.0325377703312642,0.034296826108484,0.0365638595365207,0.0393872419237319,0.031794042669402,0.0395875294951953,1.0,True,0.0068494715924676
SC8,Tehran,STOCK::population_city,delta_2030_pct,32,0.0868259411113665,0.0785343495852836,0.0832055914822664,0.0886750779177949,0.0956203053770922,0.076358033565417,0.0964500288113834,1.0,True,0.0170859557918086
SC8,Tehran,STOCK::private_cars_total,delta_mean_pct,32,0.0,0.0,0.0,0.0,0.0,0.0,0.0,1.0,True,0.0
SC8,Tehran,STOCK::private_cars_total,delta_2030_pct,32,0.0,0.0,0.0,0.0,0.0,0.0,0.0,1.0,True,0.0
SC8,Tehran,STOCK::taxis_total,delta_mean_pct,32,0.0,0.0,0.0,0.0,0.0,0.0,0.0,1.0,True,0.0
SC8,Tehran,STOCK::taxis_total,delta_2030_pct,32,0.0,0.0,0.0,0.0,0.0,0.0,0.0,1.0,True,0.0
SC8,Tehran,STOCK::transport_financial_balance_IRR,delta_mean_pct,32,-13.547991503633952,-17.50150137428078,-15.98218179032164,-11.211884449377578,-9.362912602254934,-19.342558512191232,-8.00729021545004,1.0,True,8.138588772025848
SC8,Tehran,STOCK::transport_financial_balance_IRR,delta_2030_pct,32,-18.61869867607161,-24.086338979097548,-21.539556584814303,-15.399699908149676,-12.841904924113088,-26.403726375226743,-10.97607226937345,1.0,True,11.24443405498446
SC8,Tehran,Time loss (car),delta_mean_pct,32,-16.235239098768275,-18.773864985295223,-17.404382975098844,-15.438071844588276,-13.994432421240152,-19.33012552251403,-13.468673420408946,1.0,True,4.779432564055071
SC8,Tehran,Time loss (car),delta_2030_pct,32,-23.84920807054216,-28.18285502648856,-25.662133504769443,-23.23051262932583,-21.038833466306663,-28.31044987809364,-20.22621138031012,1.0,True,7.144021560181898
SC8,Tehran,PCE-weighted VKT,delta_mean_pct,32,-6.538694528759667,-7.744174427863011,-7.027665970039559,-6.101229714619888,-5.521202373766911,-7.976310180185905,-5.31676864987834,1.0,True,2.2229720540960995
SC8,Tehran,PCE-weighted VKT,delta_2030_pct,32,-9.905737966719864,-11.825904028101,-10.815259663394215,-9.568705295055906,-8.665638079887561,-12.05460727644143,-8.339024719732032,1.0,True,3.160265948213439
SC9,Region 12,CO₂ emissions,delta_mean_pct,32,-2.164682129535362,-2.588645897342814,-2.3723078682403917,-2.045526577643604,-2.005549682060568,-2.8160093129785344,-1.8490311684759724,1.0,True,0.5830962152822461
SC9,Region 12,CO₂ emissions,delta_2030_pct,32,-4.031757038883352,-4.649512140178409,-4.331439570648393,-3.897456551632503,-3.774015232401805,-5.252266640853366,-3.594529187158781,1.0,True,0.8754969077766042
SC9,Region 12,Congestion index,delta_mean_pct,32,-5.718496292728739,-6.629708666587814,-6.210311320470478,-5.140794362235647,-4.805187044446171,-7.066601349341836,-4.357260311464588,1.0,True,1.824521622141643
SC9,Region 12,Congestion index,delta_2030_pct,32,-8.402368362538532,-9.713726644047997,-9.16675040791945,-7.575505857115382,-7.034276778664252,-10.34012097984153,-6.454762576871937,1.0,True,2.679449865383744
SC9,Region 12,Electricity use,delta_mean_pct,32,10.98105687113716,10.116719460787431,10.58137942774644,11.36616439568438,12.6631422626979,10.00388389768823,13.29505536946166,1.0,True,2.5464228019104684
SC9,Region 12,Electricity use,delta_2030_pct,32,11.802060554475675,10.740074591860026,11.33022221356557,12.272544956895462,14.608840268624226,10.667837364694018,15.996563727887615,1.0,True,3.8687656767642
SC9,Region 12,Final energy,delta_mean_pct,32,-3.704769639523428,-3.993228116578328,-3.855845535789193,-3.5590142009070047,-3.3494830622742,-4.09985331443498,-3.245302130315019,1.0,True,0.6437450543041274
SC9,Region 12,Final energy,delta_2030_pct,32,-5.897092496719145,-6.4867536468371325,-6.118047962597158,-5.733712707623783,-5.554415036788344,-6.662854670550626,-5.338702458164228,1.0,True,0.9323386100487888
SC9,Region 12,Health indicator,delta_mean_pct,32,-3.803794710821156,-4.1498551026199815,-3.9659774949877615,-3.638402484012608,-3.4131441513133245,-4.309187167735036,-3.2382703614456,1.0,True,0.736710951306657
SC9,Region 12,Health indicator,delta_2030_pct,32,-6.204349082649743,-6.772483884066872,-6.3938003228462,-5.876493138186618,-5.50291520842586,-6.941576783542903,-5.268451942851868,1.0,True,1.269568675641012
SC9,Region 12,Modal share: car,delta_mean_pct,32,-6.610285172387352,-7.165150856475918,-6.853312986745975,-6.355852827962663,-5.947012855278915,-7.393818839794386,-5.608166260548336,1.0,True,1.218138001197003
SC9,Region 12,Modal share: car,delta_2030_pct,32,-10.370796569359154,-11.098210998391092,-10.706584724800294,-10.184275513261834,-9.578017208715387,-11.393786562327552,-9.40098679721882,1.0,True,1.5201937896757052
SC9,Region 12,Modal share: public transport,delta_mean_pct,32,9.737528098330596,8.947485453924852,9.3704459074186,10.02716051097986,11.063624893702825,8.698731510184603,11.760021324414902,1.0,True,2.116139439777971
SC9,Region 12,Modal share: public transport,delta_2030_pct,32,12.04981335943416,10.978300690305934,11.575473286030128,12.46259947184732,14.315186132785682,10.760369206579794,15.651736340267696,1.0,True,3.336885442479748
SC9,Region 12,NOₓ emissions,delta_mean_pct,32,-6.122371441021649,-6.466906024399381,-6.28963281898273,-5.8882954048994645,-5.450334028657944,-6.676821542019392,-5.176758736879198,1.0,True,1.0165719957414368
SC9,Region 12,NOₓ emissions,delta_2030_pct,32,-10.021420408538305,-10.4150236930235,-10.248600862586065,-9.703109141678947,-9.116181551401352,-10.690682400437892,-8.883442559601454,1.0,True,1.2988421416221492
SC9,Region 12,PM₂.₅ emissions,delta_mean_pct,32,-8.729364346271474,-9.286655657449094,-8.957648097289216,-8.295762281207658,-7.683687113943513,-9.625614043200963,-7.63854523152088,1.0,True,1.6029685435055807
SC9,Region 12,PM₂.₅ emissions,delta_2030_pct,32,-13.164541029841992,-13.925153774208775,-13.47363261890873,-12.606356583569736,-11.908161631771284,-14.2917482702149,-11.719595302181885,1.0,True,2.0169921424374917
SC9,Region 12,Time loss (car),delta_mean_pct,32,-14.628885873483693,-15.983137614604033,-15.42917522208173,-14.005517074230225,-13.15656816309059,-16.282999945194074,-12.572094474106953,1.0,True,2.826569451513441
SC9,Region 12,Time loss (car),delta_2030_pct,32,-21.8264076362635,-23.609800074691844,-22.62740203769666,-20.77604402644517,-19.544105301001807,-24.02744266409353,-19.01918118690257,1.0,True,4.065694773690037
SC9,Region 12,PCE-weighted VKT,delta_mean_pct,32,-4.008371994880687,-4.548621574971792,-4.2729966557999415,-3.809852898565916,-3.4730054957322154,-4.6059842792995775,-3.2854037419032376,1.0,True,1.0756160792395764
SC9,Region 12,PCE-weighted VKT,delta_2030_pct,32,-5.534023103156687,-6.232993614528334,-5.971136372486429,-5.284994072010122,-4.991716950725889,-6.373544150046259,-4.766208013915032,1.0,True,1.2412766638024442
SC9,Tehran,CO₂ emissions,delta_mean_pct,32,-5.440918970031225,-6.524274042167047,-5.934484986114384,-5.187302471980654,-4.667420124324883,-6.79459791953592,-4.491427335258618,1.0,True,1.856853917842164
SC9,Tehran,CO₂ emissions,delta_2030_pct,32,-8.315006649853474,-10.312658518139289,-9.276933020511136,-8.11425250867992,-7.151470752302592,-10.418645396563894,-6.915643340438541,1.0,True,3.1611877658366963
SC9,Tehran,Congestion index,delta_mean_pct,32,-5.71849629272874,-6.629708666587808,-6.210311320470484,-5.140794362235648,-4.805187044446169,-7.066601349341848,-4.357260311464612,1.0,True,1.8245216221416396
SC9,Tehran,Congestion index,delta_2030_pct,32,-8.402368362538533,-9.713726644048004,-9.16675040791944,-7.575505857115372,-7.034276778664261,-10.340120979841528,-6.454762576871942,1.0,True,2.679449865383744
SC9,Tehran,Electricity use,delta_mean_pct,32,24.37839189686062,21.902980960605728,23.238203249781648,25.154125713120894,26.37945914894692,21.37656428259765,26.83574407462461,1.0,True,4.47647818834119
SC9,Tehran,Electricity use,delta_2030_pct,32,25.16593882519865,21.667449879023025,24.214200431147773,26.58060081360983,28.24372147576524,21.41417601697237,29.02666499927612,1.0,True,6.576271596742217
SC9,Tehran,Final energy,delta_mean_pct,32,-6.111836946370427,-7.124217082729976,-6.664323080469363,-5.8274262397552645,-5.259860139839169,-7.420734937010756,-5.112677276704406,1.0,True,1.8643569428908064
SC9,Tehran,Final energy,delta_2030_pct,32,-9.30207325348884,-11.055951748114037,-10.08084365366114,-8.787709932563931,-7.860896306436502,-11.215625918146731,-7.674218790188964,1.0,True,3.1950554416775345
SC9,Tehran,Health indicator,delta_mean_pct,32,-3.178800536504468,-3.5261708507321723,-3.381867172495766,-3.0272651935812185,-2.813717816823321,-3.691471541723119,-2.7302605978701364,1.0,True,0.7124530339088508
SC9,Tehran,Health indicator,delta_2030_pct,32,-4.999269063030306,-5.639946105818864,-5.283412297894723,-4.705135541155657,-4.308379245575301,-5.767904971692787,-4.210619586697557,1.0,True,1.331566860243563
SC9,Tehran,Modal share: car,delta_mean_pct,32,-9.684590443475177,-11.140760236539045,-10.504792807787949,-9.09205527186994,-8.170870676197053,-11.765332216715098,-8.074818603132481,1.0,True,2.969889560341992
SC9,Tehran,Modal share: car,delta_2030_pct,32,-13.145984586238296,-15.378482534779994,-14.356228045343348,-12.371051422446588,-11.054182442268152,-15.832801197877012,-11.003767196840885,1.0,True,4.324300092511843
SC9,Tehran,Modal share: public transport,delta_mean_pct,32,41.0445417058332,34.4125219082939,37.27501009546394,43.06905714457768,47.14244491208778,33.77115665370442,49.52103395405408,1.0,True,12.729923003793886
SC9,Tehran,Modal share: public transport,delta_2030_pct,32,49.96426545083745,42.08181357632196,46.159414008377,53.25333915223366,57.73070253758189,40.73694717276673,60.03483241067641,1.0,True,15.64888896125992
SC9,Tehran,NOₓ emissions,delta_mean_pct,32,-6.5041331851579,-7.289541629290004,-6.928243665706999,-6.123260433285633,-5.686016888149244,-7.659576023766252,-5.5122150532447,1.0,True,1.6035247411407596
SC9,Tehran,NOₓ emissions,delta_2030_pct,32,-10.157820473410576,-11.645758990017972,-10.852306925452606,-9.542891330280412,-8.70243698534861,-11.960977737331174,-8.502108308313737,1.0,True,2.943322004669362
SC9,Tehran,PM₂.₅ emissions,delta_mean_pct,32,-5.397687064037024,-6.004207159648031,-5.62620923091888,-5.193227175541081,-4.795104996765046,-6.326246455020925,-4.6590737817150485,1.0,True,1.209102162882985
SC9,Tehran,PM₂.₅ emissions,delta_2030_pct,32,-8.736316232794191,-9.994722777402831,-9.133155327866662,-8.478081243255906,-7.675605444258865,-10.26184870760159,-7.518471660949068,1.0,True,2.319117333143968
SC9,Tehran,STOCK::brts_total,delta_mean_pct,32,1.3389661597124014,1.3389661597124014,1.3389661597124014,1.3389661597124014,1.3389661597124014,1.3389661597124014,1.3389661597124014,1.0,True,0.0
SC9,Tehran,STOCK::brts_total,delta_2030_pct,32,3.632969366090675,3.632969366090675,3.632969366090675,3.632969366090675,3.632969366090675,3.632969366090675,3.632969366090675,1.0,True,0.0
SC9,Tehran,STOCK::buses_total,delta_mean_pct,32,1.78179117274704,1.78179117274704,1.78179117274704,1.78179117274704,1.78179117274704,1.78179117274704,1.78179117274704,1.0,True,0.0
SC9,Tehran,STOCK::buses_total,delta_2030_pct,32,4.671282015494318,4.671282015494318,4.671282015494318,4.671282015494318,4.671282015494318,4.671282015494318,4.671282015494318,1.0,True,0.0
SC9,Tehran,STOCK::cost_index_bus_fare,delta_mean_pct,32,-16.80424445225939,-16.80424445225939,-16.80424445225939,-16.80424445225939,-16.80424445225939,-16.80424445225939,-16.80424445225939,1.0,True,0.0
SC9,Tehran,STOCK::cost_index_bus_fare,delta_2030_pct,32,-22.325270374599928,-22.325270374599928,-22.325270374599928,-22.325270374599928,-22.325270374599928,-22.325270374599928,-22.325270374599928,1.0,True,0.0
SC9,Tehran,STOCK::cost_index_metro_fare,delta_mean_pct,32,-13.36294299471491,-13.36294299471491,-13.36294299471491,-13.36294299471491,-13.36294299471491,-13.36294299471491,-13.36294299471491,1.0,True,0.0
SC9,Tehran,STOCK::cost_index_metro_fare,delta_2030_pct,32,-18.169261899387124,-18.169261899387124,-18.169261899387124,-18.169261899387124,-18.169261899387124,-18.169261899387124,-18.169261899387124,1.0,True,0.0
SC9,Tehran,STOCK::cost_index_rhc_fare,delta_mean_pct,32,0.0,0.0,0.0,0.0,0.0,0.0,0.0,1.0,True,0.0
SC9,Tehran,STOCK::cost_index_rhc_fare,delta_2030_pct,32,0.0,0.0,0.0,0.0,0.0,0.0,0.0,1.0,True,0.0
SC9,Tehran,STOCK::inflation_index_effective,delta_mean_pct,32,0.0,0.0,0.0,0.0,0.0,0.0,0.0,1.0,True,0.0
SC9,Tehran,STOCK::inflation_index_effective,delta_2030_pct,32,0.0,0.0,0.0,0.0,0.0,0.0,0.0,1.0,True,0.0
SC9,Tehran,STOCK::len_bik,delta_mean_pct,32,0.07606511636158,0.07606511636158,0.07606511636158,0.07606511636158,0.07606511636158,0.07606511636158,0.07606511636158,1.0,True,0.0
SC9,Tehran,STOCK::len_bik,delta_2030_pct,32,0.1159828071742273,0.1159828071742273,0.1159828071742273,0.1159828071742273,0.1159828071742273,0.1159828071742273,0.1159828071742273,1.0,True,0.0
SC9,Tehran,STOCK::len_brt,delta_mean_pct,32,3.4711168487673065,3.4711168487673065,3.4711168487673065,3.4711168487673065,3.4711168487673065,3.4711168487673065,3.4711168487673065,1.0,True,0.0
SC9,Tehran,STOCK::len_brt,delta_2030_pct,32,6.00000000000001,6.00000000000001,6.00000000000001,6.00000000000001,6.00000000000001,6.00000000000001,6.00000000000001,1.0,True,0.0
SC9,Tehran,STOCK::len_hwy,delta_mean_pct,32,0.0,0.0,0.0,0.0,0.0,0.0,0.0,1.0,True,0.0
SC9,Tehran,STOCK::len_hwy,delta_2030_pct,32,0.0,0.0,0.0,0.0,0.0,0.0,0.0,1.0,True,0.0
SC9,Tehran,STOCK::len_met,delta_mean_pct,32,1.7114346240223952,1.7114346240223952,1.7114346240223952,1.7114346240223952,1.7114346240223952,1.7114346240223952,1.7114346240223952,1.0,True,0.0
SC9,Tehran,STOCK::len_met,delta_2030_pct,32,3.0000000000000053,3.0000000000000053,3.0000000000000053,3.0000000000000053,3.0000000000000053,3.0000000000000053,3.0000000000000053,1.0,True,0.0
SC9,Tehran,STOCK::metro_cars_total,delta_mean_pct,32,0.0640135478407816,0.0640135478407816,0.0640135478407816,0.0640135478407816,0.0640135478407816,0.0640135478407816,0.0640135478407816,1.0,True,0.0
SC9,Tehran,STOCK::metro_cars_total,delta_2030_pct,32,0.1707027942421356,0.1707027942421356,0.1707027942421356,0.1707027942421356,0.1707027942421356,0.1707027942421356,0.1707027942421356,1.0,True,0.0
SC9,Tehran,STOCK::motorcycles_total,delta_mean_pct,32,0.0,0.0,0.0,0.0,0.0,0.0,0.0,1.0,True,0.0
SC9,Tehran,STOCK::motorcycles_total,delta_2030_pct,32,0.0,0.0,0.0,0.0,0.0,0.0,0.0,1.0,True,0.0
SC9,Tehran,STOCK::population_city,delta_mean_pct,32,0.0269229006471682,0.024620985625262,0.0256865331068364,0.02826587638324,0.0293279201207556,0.0237675876615535,0.0300200287357147,1.0,True,0.0047069344954936
SC9,Tehran,STOCK::population_city,delta_2030_pct,32,0.0643460956858214,0.0585416414370071,0.0620297711171513,0.0683754412184112,0.0705822708684787,0.0568369797852168,0.072223871878338,1.0,True,0.0120406294314716
SC9,Tehran,STOCK::private_cars_total,delta_mean_pct,32,0.0,0.0,0.0,0.0,0.0,0.0,0.0,1.0,True,0.0
SC9,Tehran,STOCK::private_cars_total,delta_2030_pct,32,0.0,0.0,0.0,0.0,0.0,0.0,0.0,1.0,True,0.0
SC9,Tehran,STOCK::taxis_total,delta_mean_pct,32,0.0,0.0,0.0,0.0,0.0,0.0,0.0,1.0,True,0.0
SC9,Tehran,STOCK::taxis_total,delta_2030_pct,32,0.0,0.0,0.0,0.0,0.0,0.0,0.0,1.0,True,0.0
SC9,Tehran,STOCK::transport_financial_balance_IRR,delta_mean_pct,32,-13.499311076303858,-16.85876219442923,-15.324586950050971,-11.6523154198962,-10.128616462858794,-18.49528810053777,-9.03101108322559,1.0,True,6.730145731570435
SC9,Tehran,STOCK::transport_financial_balance_IRR,delta_2030_pct,32,-19.11053970474962,-23.85461332503945,-21.68478559316974,-16.464218875402086,-14.30873899641393,-25.95733735797051,-12.76742040307513,1.0,True,9.54587432862552
SC9,Tehran,Time loss (car),delta_mean_pct,32,-14.566458032417742,-16.65385021265037,-15.802023811434683,-13.570209691620356,-12.485829709273233,-17.59995187052454,-11.879441664614816,1.0,True,4.168020503377136
SC9,Tehran,Time loss (car),delta_2030_pct,32,-21.27569294462452,-24.45297298211692,-23.07214950061322,-19.701288831912244,-18.00709078653639,-25.51095772854791,-17.287788369888972,1.0,True,6.4458821955805305
SC9,Tehran,PCE-weighted VKT,delta_mean_pct,32,-5.716657970772683,-6.630706876749446,-6.209936565724526,-5.137243564940719,-4.799935688939629,-7.068995769662312,-4.351307278633088,1.0,True,1.830771187809817
SC9,Tehran,PCE-weighted VKT,delta_2030_pct,32,-8.388164535102234,-9.699726165829418,-9.152665111393542,-7.561173810071973,-7.019860804511649,-10.32621763510654,-6.440256738826856,1.0,True,2.679865361317769
