draw,scenario,geo,metric,mean_2024_2030,value_2030,block_label
0,SC0,Region 12,CO₂ emissions,244598.65306759207,249565.28807986405,empirical_2019
0,SC0,Region 12,Congestion index,1.2682159676549936,1.2979571423501384,empirical_2019
0,SC0,Region 12,Electricity use,69355281.96138653,70954557.94607729,empirical_2019
0,SC0,Region 12,Final energy,3403406806.897424,3472485147.599828,empirical_2019
0,SC0,Region 12,Health indicator,399924440792421.5,408693894463221.0,empirical_2019
0,SC0,Region 12,Modal share: car,0.2371294718019242,0.236216945746793,empirical_2019
0,SC0,Region 12,Modal share: public transport,0.2915886714556079,0.2873470223963149,empirical_2019
0,SC0,Region 12,NOₓ emissions,946.1801711446458,967.621970415796,empirical_2019
0,SC0,Region 12,PM₂.₅ emissions,30.27556165019592,31.215195602087363,empirical_2019
0,SC0,Region 12,Time loss (car),75141789.10748918,79599577.32865402,empirical_2019
0,SC0,Region 12,PCE-weighted VKT,1079226941.0345504,1108206060.9850628,empirical_2019
0,SC0,Tehran,CO₂ emissions,17868071.732416816,18526333.024567094,empirical_2019
0,SC0,Tehran,Congestion index,0.4159692758816193,0.4257242507576128,empirical_2019
0,SC0,Tehran,Electricity use,1233581606.6162164,1425681428.4134502,empirical_2019
0,SC0,Tehran,Final energy,264117963302.70752,273194586613.76468,empirical_2019
0,SC0,Tehran,Health indicator,1.236703802365455e+16,1.30187475104318e+16,empirical_2019
0,SC0,Tehran,Modal share: car,0.6140424848077897,0.6133481258593331,empirical_2019
0,SC0,Tehran,Modal share: public transport,0.107333195579489,0.108247012796572,empirical_2019
0,SC0,Tehran,NOₓ emissions,67660.9463661113,69943.46449885964,empirical_2019
0,SC0,Tehran,PM₂.₅ emissions,1210.9674972921532,1257.318554448197,empirical_2019
0,SC0,Tehran,Time loss (car),1029212930.8275362,1102622496.8845994,empirical_2019
0,SC0,Tehran,PCE-weighted VKT,74391163353.44528,77361680827.6965,empirical_2019
0,SC0,Tehran,STOCK::inflation_index_effective,63.87869652292867,142.92185698706032,empirical_2019
0,SC0,Tehran,STOCK::cost_index_rhc_fare,29.51624016041301,60.18207770689028,empirical_2019
0,SC0,Tehran,STOCK::cost_index_bus_fare,84.36487247380374,169.56239313950334,empirical_2019
0,SC0,Tehran,STOCK::cost_index_metro_fare,45.68752260248281,85.07059173023467,empirical_2019
0,SC0,Tehran,STOCK::len_bik,941.660883050843,1278.6481875338736,empirical_2019
0,SC0,Tehran,STOCK::len_brt,145.8321428571453,133.6500000000051,empirical_2019
0,SC0,Tehran,STOCK::len_hwy,2678.5357142857,2865.749999999971,empirical_2019
0,SC0,Tehran,STOCK::len_met,320.3214285714312,353.5,empirical_2019
0,SC0,Tehran,STOCK::population_city,10215260.873701943,10580524.56232596,empirical_2019
0,SC0,Tehran,STOCK::private_cars_total,4192415.099736402,4343924.107633086,empirical_2019
0,SC0,Tehran,STOCK::taxis_total,78784.0,78784.0,empirical_2019
0,SC0,Tehran,STOCK::metro_cars_total,1181.0,1181.0,empirical_2019
0,SC0,Tehran,STOCK::brts_total,942.0,942.0,empirical_2019
0,SC0,Tehran,STOCK::buses_total,2047.0,2047.0,empirical_2019
0,SC0,Tehran,STOCK::motorcycles_total,325417.6086656498,337177.8227351354,empirical_2019
0,SC0,Tehran,STOCK::transport_financial_balance_IRR,-3716162955967016.0,-7331800316402914.0,empirical_2019
0,SC10,Region 12,CO₂ emissions,239487.82022328343,241774.82180911332,empirical_2019
0,SC10,Region 12,Congestion index,1.2086449763042713,1.217330007262178,empirical_2019
0,SC10,Region 12,Electricity use,81238929.79362205,84644258.3134992,empirical_2019
0,SC10,Region 12,Final energy,3263078165.823922,3279124364.4331994,empirical_2019
0,SC10,Region 12,Health indicator,380514005251772.2,377815683428237.4,empirical_2019
0,SC10,Region 12,Modal share: car,0.225296796710925,0.2229231788528011,empirical_2019
0,SC10,Region 12,Modal share: public transport,0.3298015609779284,0.3278602626392302,empirical_2019
0,SC10,Region 12,NOₓ emissions,847.5556465875553,806.2385269174981,empirical_2019
0,SC10,Region 12,PM₂.₅ emissions,24.466937169019225,21.768884554471864,empirical_2019
0,SC10,Region 12,Time loss (car),66220248.58865803,67981590.92221753,empirical_2019
0,SC10,Region 12,PCE-weighted VKT,1033122545.5011876,1056996490.6274714,empirical_2019
0,SC10,Tehran,CO₂ emissions,17071000.545625422,17371534.384853024,empirical_2019
0,SC10,Tehran,Congestion index,0.3964302519553324,0.3992789040230476,empirical_2019
0,SC10,Tehran,Electricity use,1639180531.1236742,1929729965.8536608,empirical_2019
0,SC10,Tehran,Final energy,250137666425.2576,253236467278.0902,empirical_2019
0,SC10,Tehran,Health indicator,1.1933002797180156e+16,1.2339017931677824e+16,empirical_2019
0,SC10,Tehran,Modal share: car,0.5691303586347013,0.5615819458082031,empirical_2019
0,SC10,Tehran,Modal share: public transport,0.1525863885757724,0.1589824607815373,empirical_2019
0,SC10,Tehran,NOₓ emissions,63162.14718519541,63091.95803152333,empirical_2019
0,SC10,Tehran,PM₂.₅ emissions,1104.1643392091794,1080.964361597324,empirical_2019
0,SC10,Tehran,Time loss (car),907031482.9907207,932484307.1117092,empirical_2019
0,SC10,Tehran,PCE-weighted VKT,70889062923.2214,72556090190.52603,empirical_2019
0,SC10,Tehran,STOCK::inflation_index_effective,63.87869652292867,142.92185698706032,empirical_2019
0,SC10,Tehran,STOCK::cost_index_rhc_fare,29.51624016041301,60.18207770689028,empirical_2019
0,SC10,Tehran,STOCK::cost_index_bus_fare,60.26793001761512,106.36159228555996,empirical_2019
0,SC10,Tehran,STOCK::cost_index_metro_fare,35.161126476087375,58.82076106461197,empirical_2019
0,SC10,Tehran,STOCK::len_bik,941.660883050843,1278.6481875338736,empirical_2019
0,SC10,Tehran,STOCK::len_brt,154.26881632653323,147.0150000000056,empirical_2019
0,SC10,Tehran,STOCK::len_hwy,2678.5357142857,2865.749999999971,empirical_2019
0,SC10,Tehran,STOCK::len_met,329.4582482993224,371.175,empirical_2019
0,SC10,Tehran,STOCK::population_city,10218534.426629076,10588300.514564997,empirical_2019
0,SC10,Tehran,STOCK::private_cars_total,4192415.099736402,4343924.107633086,empirical_2019
0,SC10,Tehran,STOCK::taxis_total,78784.0,78784.0,empirical_2019
0,SC10,Tehran,STOCK::metro_cars_total,1182.2600000000002,1184.36,empirical_2019
0,SC10,Tehran,STOCK::brts_total,963.0217687074846,999.0376190476236,empirical_2019
0,SC10,Tehran,STOCK::buses_total,2107.78877551022,2206.368571428616,empirical_2019
0,SC10,Tehran,STOCK::motorcycles_total,325417.6086656498,337177.8227351354,empirical_2019
0,SC10,Tehran,STOCK::transport_financial_balance_IRR,-4176075763572977.0,-8604723884188963.0,empirical_2019
0,SC11,Region 12,CO₂ emissions,239436.6033885142,238836.52677211075,empirical_2019
0,SC11,Region 12,Congestion index,1.1989873359800935,1.1838679825738283,empirical_2019
0,SC11,Region 12,Electricity use,77474826.07981767,82529771.1981302,empirical_2019
0,SC11,Region 12,Final energy,3281038834.554836,3245523990.142038,empirical_2019
0,SC11,Region 12,Health indicator,381841524781231.8,376435427250978.2,empirical_2019
0,SC11,Region 12,Modal share: car,0.2247858418969959,0.2143268019881696,empirical_2019
0,SC11,Region 12,Modal share: public transport,0.3169035030536105,0.3212228698627251,empirical_2019
0,SC11,Region 12,NOₓ emissions,868.3264189185044,825.6142960960576,empirical_2019
0,SC11,Region 12,PM₂.₅ emissions,25.932607044145023,23.9835982405174,empirical_2019
0,SC11,Region 12,Time loss (car),65253585.0704726,62604215.08868189,empirical_2019
0,SC11,Region 12,PCE-weighted VKT,1036764851.7216084,1035214466.4728432,empirical_2019
0,SC11,Tehran,CO₂ emissions,16852254.311609942,16795909.558927387,empirical_2019
0,SC11,Tehran,Congestion index,0.3932625882806654,0.3883035066663315,empirical_2019
0,SC11,Tehran,Electricity use,1546906874.0377376,1860509619.976306,empirical_2019
0,SC11,Tehran,Final energy,247300892840.4341,244931988083.1314,empirical_2019
0,SC11,Tehran,Health indicator,1.1898757474530676e+16,1.220379476249114e+16,empirical_2019
0,SC11,Tehran,Modal share: car,0.5681254921373496,0.5513036196981079,empirical_2019
0,SC11,Tehran,Modal share: public transport,0.146471974316602,0.1583152226027475,empirical_2019
0,SC11,Tehran,NOₓ emissions,62713.42429296343,61479.15627402071,empirical_2019
0,SC11,Tehran,PM₂.₅ emissions,1109.9288573536974,1081.5739692483528,empirical_2019
0,SC11,Tehran,Time loss (car),887135069.8282965,866964755.596113,empirical_2019
0,SC11,Tehran,PCE-weighted VKT,70324808520.04778,70568777148.76501,empirical_2019
0,SC11,Tehran,STOCK::inflation_index_effective,63.87869652292867,142.92185698706032,empirical_2019
0,SC11,Tehran,STOCK::cost_index_rhc_fare,29.51624016041301,60.18207770689028,empirical_2019
0,SC11,Tehran,STOCK::cost_index_bus_fare,73.20148381975896,138.2037519536843,empirical_2019
0,SC11,Tehran,STOCK::cost_index_metro_fare,45.68752260248281,85.07059173023467,empirical_2019
0,SC11,Tehran,STOCK::len_bik,942.1264620910188,1279.6121453740336,empirical_2019
0,SC11,Tehran,STOCK::len_brt,154.26881632653323,147.0150000000056,empirical_2019
0,SC11,Tehran,STOCK::len_hwy,2678.5357142857,2865.749999999971,empirical_2019
0,SC11,Tehran,STOCK::len_met,329.4582482993224,371.175,empirical_2019
0,SC11,Tehran,STOCK::population_city,10218576.648714798,10588884.542749558,empirical_2019
0,SC11,Tehran,STOCK::private_cars_total,4192415.099736402,4343924.107633086,empirical_2019
0,SC11,Tehran,STOCK::taxis_total,78784.0,78784.0,empirical_2019
0,SC11,Tehran,STOCK::metro_cars_total,1182.2600000000002,1184.36,empirical_2019
0,SC11,Tehran,STOCK::brts_total,963.0217687074846,999.0376190476236,empirical_2019
0,SC11,Tehran,STOCK::buses_total,2107.78877551022,2206.368571428616,empirical_2019
0,SC11,Tehran,STOCK::motorcycles_total,325417.6086656498,337177.8227351354,empirical_2019
0,SC11,Tehran,STOCK::transport_financial_balance_IRR,-4117425982570495.0,-8465363296922906.0,empirical_2019
0,SC5,Region 12,CO₂ emissions,242868.40539363207,247070.72207114,empirical_2019
0,SC5,Region 12,Congestion index,1.2230377742343923,1.2330940637878351,empirical_2019
0,SC5,Region 12,Electricity use,74387304.02196065,76118884.35159475,empirical_2019
0,SC5,Region 12,Final energy,3352083989.4330983,3409149016.860557,empirical_2019
0,SC5,Region 12,Health indicator,392609223107779.7,398345401985931.75,empirical_2019
0,SC5,Region 12,Modal share: car,0.2327776090377869,0.2316068525592156,empirical_2019
0,SC5,Region 12,Modal share: public transport,0.3100199643712917,0.3078045368188673,empirical_2019
0,SC5,Region 12,NOₓ emissions,928.4404839386356,946.0885659781292,empirical_2019
0,SC5,Region 12,PM₂.₅ emissions,29.57398357807157,30.347619850239063,empirical_2019
0,SC5,Region 12,Time loss (car),69690587.25104609,72052999.26059173,empirical_2019
0,SC5,Region 12,PCE-weighted VKT,1060885845.7048564,1087769445.698759,empirical_2019
0,SC5,Tehran,CO₂ emissions,17236681.643904362,17594006.22745172,empirical_2019
0,SC5,Tehran,Congestion index,0.4011510265596557,0.4044494454333244,empirical_2019
0,SC5,Tehran,Electricity use,1465024875.3512251,1691191250.3520355,empirical_2019
0,SC5,Tehran,Final energy,253629074373.03345,258049622521.93143,empirical_2019
0,SC5,Tehran,Health indicator,1.2136745495172614e+16,1.268177972360954e+16,empirical_2019
0,SC5,Tehran,Modal share: car,0.5775235378631682,0.5701284468358053,empirical_2019
0,SC5,Tehran,Modal share: public transport,0.1405477007173584,0.1472375776631439,empirical_2019
0,SC5,Tehran,NOₓ emissions,65039.10555136971,66160.68751265758,empirical_2019
0,SC5,Tehran,PM₂.₅ emissions,1181.1903055654195,1212.5466055015356,empirical_2019
0,SC5,Tehran,Time loss (car),932367265.3458232,961374326.2540814,empirical_2019
0,SC5,Tehran,PCE-weighted VKT,71733797282.1676,73495669680.24594,empirical_2019
0,SC5,Tehran,STOCK::inflation_index_effective,63.87869652292867,142.92185698706032,empirical_2019
0,SC5,Tehran,STOCK::cost_index_rhc_fare,29.51624016041301,60.18207770689028,empirical_2019
0,SC5,Tehran,STOCK::cost_index_bus_fare,84.36487247380374,169.56239313950334,empirical_2019
0,SC5,Tehran,STOCK::cost_index_metro_fare,45.68752260248281,85.07059173023467,empirical_2019
0,SC5,Tehran,STOCK::len_bik,941.660883050843,1278.6481875338736,empirical_2019
0,SC5,Tehran,STOCK::len_brt,154.26881632653323,147.0150000000056,empirical_2019
0,SC5,Tehran,STOCK::len_hwy,2678.5357142857,2865.749999999971,empirical_2019
0,SC5,Tehran,STOCK::len_met,329.4582482993224,371.175,empirical_2019
0,SC5,Tehran,STOCK::population_city,10216985.69884456,10584652.253934989,empirical_2019
0,SC5,Tehran,STOCK::private_cars_total,4192415.099736402,4343924.107633086,empirical_2019
0,SC5,Tehran,STOCK::taxis_total,78784.0,78784.0,empirical_2019
0,SC5,Tehran,STOCK::metro_cars_total,1182.2600000000002,1184.36,empirical_2019
0,SC5,Tehran,STOCK::brts_total,963.0217687074846,999.0376190476236,empirical_2019
0,SC5,Tehran,STOCK::buses_total,2107.78877551022,2206.368571428616,empirical_2019
0,SC5,Tehran,STOCK::motorcycles_total,325417.6086656498,337177.8227351354,empirical_2019
0,SC5,Tehran,STOCK::transport_financial_balance_IRR,-4024048762553400.0,-8177794777662582.0,empirical_2019
0,SC6,Region 12,CO₂ emissions,243805.6605724312,248520.833259948,empirical_2019
0,SC6,Region 12,Congestion index,1.2400589590487598,1.255166700054385,empirical_2019
0,SC6,Region 12,Electricity use,69001159.97002658,70526102.51403278,empirical_2019
0,SC6,Region 12,Final energy,3392774188.5176263,3458504480.41282,empirical_2019
0,SC6,Region 12,Health indicator,385809801759455.1,383231841584160.8,empirical_2019
0,SC6,Region 12,Modal share: car,0.2360261225774364,0.2348567053113351,empirical_2019
0,SC6,Region 12,Modal share: public transport,0.2947434013999649,0.2909492346110545,empirical_2019
0,SC6,Region 12,NOₓ emissions,868.3849249612546,821.1680024144473,empirical_2019
0,SC6,Region 12,PM₂.₅ emissions,23.94228135476644,20.23659165194446,empirical_2019
0,SC6,Region 12,Time loss (car),72198565.22357741,75107007.29286468,empirical_2019
0,SC6,Region 12,PCE-weighted VKT,1075925419.706493,1103990202.2716491,empirical_2019
0,SC6,Tehran,CO₂ emissions,17344890.686552603,17755578.015968405,empirical_2019
0,SC6,Tehran,Congestion index,0.406733900535743,0.4116891733335907,empirical_2019
0,SC6,Tehran,Electricity use,1275770605.3543696,1471880889.0612578,empirical_2019
0,SC6,Tehran,Final energy,256187260863.5037,261559927417.43463,empirical_2019
0,SC6,Tehran,Health indicator,1.2031444223244858e+16,1.2452382235506764e+16,empirical_2019
0,SC6,Tehran,Modal share: car,0.5858542760549464,0.5795374717717301,empirical_2019
0,SC6,Tehran,Modal share: public transport,0.1264580262666194,0.1310965278531032,empirical_2019
0,SC6,Tehran,NOₓ emissions,64426.372141298125,64598.6572043293,empirical_2019
0,SC6,Tehran,PM₂.₅ emissions,1098.224847749167,1065.024687761755,empirical_2019
0,SC6,Tehran,Time loss (car),960776960.3727248,999579581.943986,empirical_2019
0,SC6,Tehran,PCE-weighted VKT,72733838761.27913,74811257218.6656,empirical_2019
0,SC6,Tehran,STOCK::inflation_index_effective,63.87869652292867,142.92185698706032,empirical_2019
0,SC6,Tehran,STOCK::cost_index_rhc_fare,29.51624016041301,60.18207770689028,empirical_2019
0,SC6,Tehran,STOCK::cost_index_bus_fare,84.36487247380374,169.56239313950334,empirical_2019
0,SC6,Tehran,STOCK::cost_index_metro_fare,45.68752260248281,85.07059173023467,empirical_2019
0,SC6,Tehran,STOCK::len_bik,941.660883050843,1278.6481875338736,empirical_2019
0,SC6,Tehran,STOCK::len_brt,145.8321428571453,133.6500000000051,empirical_2019
0,SC6,Tehran,STOCK::len_hwy,2678.5357142857,2865.749999999971,empirical_2019
0,SC6,Tehran,STOCK::len_met,320.3214285714312,353.5,empirical_2019
0,SC6,Tehran,STOCK::population_city,10217679.571723994,10586518.0908334,empirical_2019
0,SC6,Tehran,STOCK::private_cars_total,4192415.099736402,4343924.107633086,empirical_2019
0,SC6,Tehran,STOCK::taxis_total,78784.0,78784.0,empirical_2019
0,SC6,Tehran,STOCK::metro_cars_total,1181.0,1181.0,empirical_2019
0,SC6,Tehran,STOCK::brts_total,942.0,942.0,empirical_2019
0,SC6,Tehran,STOCK::buses_total,2047.0,2047.0,empirical_2019
0,SC6,Tehran,STOCK::motorcycles_total,325417.6086656498,337177.8227351354,empirical_2019
0,SC6,Tehran,STOCK::transport_financial_balance_IRR,-3991036595005325.5,-8082118212154402.0,empirical_2019
0,SC8,Region 12,CO₂ emissions,240618.66240442923,243129.9112186677,empirical_2019
0,SC8,Region 12,Congestion index,1.1998694506519028,1.1878282343792,empirical_2019
0,SC8,Region 12,Electricity use,74161023.7732616,76070548.6649441,empirical_2019
0,SC8,Region 12,Final energy,3319239756.8088107,3350374192.368948,empirical_2019
0,SC8,Region 12,Health indicator,382822936617140.1,379373014469373.44,empirical_2019
0,SC8,Region 12,Modal share: car,0.2264022630216796,0.2212320993394873,empirical_2019
0,SC8,Region 12,Modal share: public transport,0.3158219331707381,0.314440278702676,empirical_2019
0,SC8,Region 12,NOₓ emissions,875.296914439561,844.0440425756273,empirical_2019
0,SC8,Region 12,PM₂.₅ emissions,25.809778408751704,23.7187948045016,empirical_2019
0,SC8,Region 12,Time loss (car),65797741.5697508,64954978.27611935,empirical_2019
0,SC8,Region 12,PCE-weighted VKT,1025516125.8569206,1026438362.8682568,empirical_2019
0,SC8,Tehran,CO₂ emissions,16832176.184217066,16840135.094463248,empirical_2019
0,SC8,Tehran,Congestion index,0.3935519180246801,0.3896024518915957,empirical_2019
0,SC8,Tehran,Electricity use,1356011453.3581278,1535796384.7892194,empirical_2019
0,SC8,Tehran,Final energy,248069897088.02,247457313008.0125,empirical_2019
0,SC8,Tehran,Health indicator,1.1903121501052828e+16,1.2232941676603596e+16,empirical_2019
0,SC8,Tehran,Modal share: car,0.5747197851125715,0.5646743312750032,empirical_2019
0,SC8,Tehran,Modal share: public transport,0.1394433898329835,0.14577659893527,empirical_2019
0,SC8,Tehran,NOₓ emissions,62844.01877988995,61939.79746736685,empirical_2019
0,SC8,Tehran,PM₂.₅ emissions,1100.0684879421265,1067.3457941855224,empirical_2019
0,SC8,Tehran,Time loss (car),889092589.324002,876816001.9166886,empirical_2019
0,SC8,Tehran,PCE-weighted VKT,70368156589.27846,70797706447.9845,empirical_2019
0,SC8,Tehran,STOCK::inflation_index_effective,63.87869652292867,142.92185698706032,empirical_2019
0,SC8,Tehran,STOCK::cost_index_rhc_fare,29.51624016041301,60.18207770689028,empirical_2019
0,SC8,Tehran,STOCK::cost_index_bus_fare,60.26793001761512,106.36159228555996,empirical_2019
0,SC8,Tehran,STOCK::cost_index_metro_fare,35.161126476087375,58.82076106461197,empirical_2019
0,SC8,Tehran,STOCK::len_bik,941.660883050843,1278.6481875338736,empirical_2019
0,SC8,Tehran,STOCK::len_brt,145.8321428571453,133.6500000000051,empirical_2019
0,SC8,Tehran,STOCK::len_hwy,2678.5357142857,2865.749999999971,empirical_2019
0,SC8,Tehran,STOCK::len_met,320.3214285714312,353.5,empirical_2019
0,SC8,Tehran,STOCK::population_city,10218586.123954205,10588811.226821598,empirical_2019
0,SC8,Tehran,STOCK::private_cars_total,4192415.099736402,4343924.107633086,empirical_2019
0,SC8,Tehran,STOCK::taxis_total,78784.0,78784.0,empirical_2019
0,SC8,Tehran,STOCK::metro_cars_total,1181.0,1181.0,empirical_2019
0,SC8,Tehran,STOCK::brts_total,942.0,942.0,empirical_2019
0,SC8,Tehran,STOCK::buses_total,2047.0,2047.0,empirical_2019
0,SC8,Tehran,STOCK::motorcycles_total,325417.6086656498,337177.8227351354,empirical_2019
0,SC8,Tehran,STOCK::transport_financial_balance_IRR,-4091209148678895.0,-8346386647116090.0,empirical_2019
1,SC0,Region 12,CO₂ emissions,210733.64383346256,213413.44455389923,sign_reversed_2019
1,SC0,Region 12,Congestion index,1.1495041380599331,1.1760629654632626,sign_reversed_2019
1,SC0,Region 12,Electricity use,72167126.57754266,74092515.38602754,sign_reversed_2019
1,SC0,Region 12,Final energy,2868010378.932976,2900618652.6708174,sign_reversed_2019
1,SC0,Region 12,Health indicator,370362448804982.0,377843355112581.8,sign_reversed_2019
1,SC0,Region 12,Modal share: car,0.184494993399728,0.1817242862780302,sign_reversed_2019
1,SC0,Region 12,Modal share: public transport,0.4183832294693166,0.4188448057811935,sign_reversed_2019
1,SC0,Region 12,NOₓ emissions,827.4235181165384,839.8395362849049,sign_reversed_2019
1,SC0,Region 12,PM₂.₅ emissions,27.48359099392473,28.1852383737304,sign_reversed_2019
1,SC0,Region 12,Time loss (car),50181698.87014218,52542706.31768455,sign_reversed_2019
1,SC0,Region 12,PCE-weighted VKT,906854326.64193,923473810.8371348,sign_reversed_2019
1,SC0,Tehran,CO₂ emissions,15665697.81572652,16240057.050506642,sign_reversed_2019
1,SC0,Tehran,Congestion index,0.3770323163615883,0.3857434952814182,sign_reversed_2019
1,SC0,Tehran,Electricity use,1182955242.1630168,1351056074.0400765,sign_reversed_2019
1,SC0,Tehran,Final energy,232409741325.56155,240375712306.20767,sign_reversed_2019
1,SC0,Tehran,Health indicator,1.1659816348439046e+16,1.2277016654798512e+16,sign_reversed_2019
1,SC0,Tehran,Modal share: car,0.5135831336588798,0.5121961394099438,sign_reversed_2019
1,SC0,Tehran,Modal share: public transport,0.15013834799003,0.1516049037254507,sign_reversed_2019
1,SC0,Tehran,NOₓ emissions,59608.039255991294,61622.4101806796,sign_reversed_2019
1,SC0,Tehran,PM₂.₅ emissions,1080.8241813028667,1122.4332118372024,sign_reversed_2019
1,SC0,Tehran,Time loss (car),760835557.6647456,814037935.3659447,sign_reversed_2019
1,SC0,Tehran,PCE-weighted VKT,67427298392.317055,70096465282.90355,sign_reversed_2019
1,SC0,Tehran,STOCK::inflation_index_effective,63.87869652292867,142.92185698706032,sign_reversed_2019
1,SC0,Tehran,STOCK::cost_index_rhc_fare,29.51624016041301,60.18207770689028,sign_reversed_2019
1,SC0,Tehran,STOCK::cost_index_bus_fare,84.36487247380374,169.56239313950334,sign_reversed_2019
1,SC0,Tehran,STOCK::cost_index_metro_fare,45.68752260248281,85.07059173023467,sign_reversed_2019
1,SC0,Tehran,STOCK::len_bik,941.660883050843,1278.6481875338736,sign_reversed_2019
1,SC0,Tehran,STOCK::len_brt,145.8321428571453,133.6500000000051,sign_reversed_2019
1,SC0,Tehran,STOCK::len_hwy,2678.5357142857,2865.749999999971,sign_reversed_2019
1,SC0,Tehran,STOCK::len_met,320.3214285714312,353.5,sign_reversed_2019
1,SC0,Tehran,STOCK::population_city,10244877.404216949,10617364.467096915,sign_reversed_2019
1,SC0,Tehran,STOCK::private_cars_total,4192415.099736402,4343924.107633086,sign_reversed_2019
1,SC0,Tehran,STOCK::taxis_total,78784.0,78784.0,sign_reversed_2019
1,SC0,Tehran,STOCK::metro_cars_total,1181.0,1181.0,sign_reversed_2019
1,SC0,Tehran,STOCK::brts_total,942.0,942.0,sign_reversed_2019
1,SC0,Tehran,STOCK::buses_total,2047.0,2047.0,sign_reversed_2019
1,SC0,Tehran,STOCK::motorcycles_total,325417.6086656498,337177.8227351354,sign_reversed_2019
1,SC0,Tehran,STOCK::transport_financial_balance_IRR,-4702982273271233.0,-9474733173462972.0,sign_reversed_2019
1,SC10,Region 12,CO₂ emissions,204345.40497966213,204160.17734916048,sign_reversed_2019
1,SC10,Region 12,Congestion index,1.0725600565490676,1.0705911481901231,sign_reversed_2019
1,SC10,Region 12,Electricity use,82862567.00523056,86653939.28696817,sign_reversed_2019
1,SC10,Region 12,Final energy,2714511412.0064,2691934198.794387,sign_reversed_2019
1,SC10,Region 12,Health indicator,347733511580297.6,341678524254833.8,sign_reversed_2019
1,SC10,Region 12,Modal share: car,0.1717740900063471,0.1676250569092131,sign_reversed_2019
1,SC10,Region 12,Modal share: public transport,0.4616220591359654,0.4655025064523048,sign_reversed_2019
1,SC10,Region 12,NOₓ emissions,728.7463231758586,679.472946498499,sign_reversed_2019
1,SC10,Region 12,PM₂.₅ emissions,22.0393768551081,19.403820438356497,sign_reversed_2019
1,SC10,Region 12,Time loss (car),42050667.4860538,41981154.15591641,sign_reversed_2019
1,SC10,Region 12,PCE-weighted VKT,856072625.7394756,866091432.486309,sign_reversed_2019
1,SC10,Tehran,CO₂ emissions,14644175.017960398,14731772.937919931,sign_reversed_2019
1,SC10,Tehran,Congestion index,0.3517949950490103,0.3511492017415331,sign_reversed_2019
1,SC10,Tehran,Electricity use,1591585747.3360565,1883797999.79803,sign_reversed_2019
1,SC10,Tehran,Final energy,214905880389.5389,214758708596.52325,sign_reversed_2019
1,SC10,Tehran,Health indicator,1.1134230133449478e+16,1.1435539780492354e+16,sign_reversed_2019
1,SC10,Tehran,Modal share: car,0.4592542227226349,0.4486047643978719,sign_reversed_2019
1,SC10,Tehran,Modal share: public transport,0.2121366390910945,0.2224541536873643,sign_reversed_2019
1,SC10,Tehran,NOₓ emissions,54253.19943094154,53275.09084415159,sign_reversed_2019
1,SC10,Tehran,PM₂.₅ emissions,970.680630216833,936.9716439907892,sign_reversed_2019
1,SC10,Tehran,Time loss (car),634847915.3504606,635701701.9850394,sign_reversed_2019
1,SC10,Tehran,PCE-weighted VKT,62903575113.36684,63810065834.1299,sign_reversed_2019
1,SC10,Tehran,STOCK::inflation_index_effective,63.87869652292867,142.92185698706032,sign_reversed_2019
1,SC10,Tehran,STOCK::cost_index_rhc_fare,29.51624016041301,60.18207770689028,sign_reversed_2019
1,SC10,Tehran,STOCK::cost_index_bus_fare,60.26793001761512,106.36159228555996,sign_reversed_2019
1,SC10,Tehran,STOCK::cost_index_metro_fare,35.161126476087375,58.82076106461197,sign_reversed_2019
1,SC10,Tehran,STOCK::len_bik,941.660883050843,1278.6481875338736,sign_reversed_2019
1,SC10,Tehran,STOCK::len_brt,154.26881632653323,147.0150000000056,sign_reversed_2019
1,SC10,Tehran,STOCK::len_hwy,2678.5357142857,2865.749999999971,sign_reversed_2019
1,SC10,Tehran,STOCK::len_met,329.4582482993224,371.175,sign_reversed_2019
1,SC10,Tehran,STOCK::population_city,10248777.154881196,10626763.357924484,sign_reversed_2019
1,SC10,Tehran,STOCK::private_cars_total,4192415.099736402,4343924.107633086,sign_reversed_2019
1,SC10,Tehran,STOCK::taxis_total,78784.0,78784.0,sign_reversed_2019
1,SC10,Tehran,STOCK::metro_cars_total,1182.2600000000002,1184.36,sign_reversed_2019
1,SC10,Tehran,STOCK::brts_total,963.0217687074846,999.0376190476236,sign_reversed_2019
1,SC10,Tehran,STOCK::buses_total,2107.78877551022,2206.368571428616,sign_reversed_2019
1,SC10,Tehran,STOCK::motorcycles_total,325417.6086656498,337177.8227351354,sign_reversed_2019
1,SC10,Tehran,STOCK::transport_financial_balance_IRR,-5577538915594254.0,-1.1917439403278034e+16,sign_reversed_2019
1,SC11,Region 12,CO₂ emissions,204683.44810046715,201931.1764444307,sign_reversed_2019
1,SC11,Region 12,Congestion index,1.065239578362987,1.0407607019203111,sign_reversed_2019
1,SC11,Region 12,Electricity use,79382702.48683581,84443379.06849968,sign_reversed_2019
1,SC11,Region 12,Final energy,2736838460.603967,2668997260.5887585,sign_reversed_2019
1,SC11,Region 12,Health indicator,349462509594723.2,341001511824823.7,sign_reversed_2019
1,SC11,Region 12,Modal share: car,0.1722452360090276,0.1612257761123011,sign_reversed_2019
1,SC11,Region 12,Modal share: public transport,0.4487779135107571,0.4600095966464232,sign_reversed_2019
1,SC11,Region 12,NOₓ emissions,749.3192698703224,699.8360535256301,sign_reversed_2019
1,SC11,Region 12,PM₂.₅ emissions,23.35517107266657,21.348706152244404,sign_reversed_2019
1,SC11,Region 12,Time loss (car),41763636.29962584,38687875.246070735,sign_reversed_2019
1,SC11,Region 12,PCE-weighted VKT,862243181.9912554,849763769.003366,sign_reversed_2019
1,SC11,Tehran,CO₂ emissions,14461776.220484992,14218057.960090162,sign_reversed_2019
1,SC11,Tehran,Congestion index,0.349393910306479,0.3413649461805317,sign_reversed_2019
1,SC11,Tehran,Electricity use,1502041617.982519,1811141975.795192,sign_reversed_2019
1,SC11,Tehran,Final energy,212606504573.6209,207383064347.9497,sign_reversed_2019
1,SC11,Tehran,Health indicator,1.1110794569754404e+16,1.1319795917980272e+16,sign_reversed_2019
1,SC11,Tehran,Modal share: car,0.4583132252744609,0.4383750822451965,sign_reversed_2019
1,SC11,Tehran,Modal share: public transport,0.2054689694499217,0.2226270431280578,sign_reversed_2019
1,SC11,Tehran,NOₓ emissions,53954.545967898295,51957.24307519846,sign_reversed_2019
1,SC11,Tehran,PM₂.₅ emissions,976.0889643065228,937.9274489841504,sign_reversed_2019
1,SC11,Tehran,Time loss (car),622621997.536699,589428380.1796417,sign_reversed_2019
1,SC11,Tehran,PCE-weighted VKT,62475586569.02924,62038344747.97659,sign_reversed_2019
1,SC11,Tehran,STOCK::inflation_index_effective,63.87869652292867,142.92185698706032,sign_reversed_2019
1,SC11,Tehran,STOCK::cost_index_rhc_fare,29.51624016041301,60.18207770689028,sign_reversed_2019
1,SC11,Tehran,STOCK::cost_index_bus_fare,73.20148381975896,138.2037519536843,sign_reversed_2019
1,SC11,Tehran,STOCK::cost_index_metro_fare,45.68752260248281,85.07059173023467,sign_reversed_2019
1,SC11,Tehran,STOCK::len_bik,942.1264620910188,1279.6121453740336,sign_reversed_2019
1,SC11,Tehran,STOCK::len_brt,154.26881632653323,147.0150000000056,sign_reversed_2019
1,SC11,Tehran,STOCK::len_hwy,2678.5357142857,2865.749999999971,sign_reversed_2019
1,SC11,Tehran,STOCK::len_met,329.4582482993224,371.175,sign_reversed_2019
1,SC11,Tehran,STOCK::population_city,10248739.647761237,10627153.149808936,sign_reversed_2019
1,SC11,Tehran,STOCK::private_cars_total,4192415.099736402,4343924.107633086,sign_reversed_2019
1,SC11,Tehran,STOCK::taxis_total,78784.0,78784.0,sign_reversed_2019
1,SC11,Tehran,STOCK::metro_cars_total,1182.2600000000002,1184.36,sign_reversed_2019
1,SC11,Tehran,STOCK::brts_total,963.0217687074846,999.0376190476236,sign_reversed_2019
1,SC11,Tehran,STOCK::buses_total,2107.78877551022,2206.368571428616,sign_reversed_2019
1,SC11,Tehran,STOCK::motorcycles_total,325417.6086656498,337177.8227351354,sign_reversed_2019
1,SC11,Tehran,STOCK::transport_financial_balance_IRR,-5481493976825601.0,-1.1694193023889694e+16,sign_reversed_2019
1,SC5,Region 12,CO₂ emissions,208592.17390449712,210340.7367516257,sign_reversed_2019
1,SC5,Region 12,Congestion index,1.0899132448605615,1.0897091992524033,sign_reversed_2019
1,SC5,Region 12,Electricity use,76604800.71623339,78582436.99466914,sign_reversed_2019
1,SC5,Region 12,Final energy,2812824770.560795,2830931877.662873,sign_reversed_2019
1,SC5,Region 12,Health indicator,361364359026995.3,364708366734973.0,sign_reversed_2019
1,SC5,Region 12,Modal share: car,0.1798301041120547,0.1767082147823239,sign_reversed_2019
1,SC5,Region 12,Modal share: public transport,0.4387658605059764,0.4422610768163748,sign_reversed_2019
1,SC5,Region 12,NOₓ emissions,809.8894740240131,818.3573084603465,sign_reversed_2019
1,SC5,Region 12,PM₂.₅ emissions,26.78239047444072,27.33114402849792,sign_reversed_2019
1,SC5,Region 12,Time loss (car),45102774.19401895,45462220.66931943,sign_reversed_2019
1,SC5,Region 12,PCE-weighted VKT,886268294.0286876,899639160.5430188,sign_reversed_2019
1,SC5,Tehran,CO₂ emissions,14863485.003579974,15029441.82162333,sign_reversed_2019
1,SC5,Tehran,Congestion index,0.3574867647162199,0.3574198386515455,sign_reversed_2019
1,SC5,Tehran,Electricity use,1389555679.762701,1582254414.493877,sign_reversed_2019
1,SC5,Tehran,Final energy,219435909065.2488,221166058248.30203,sign_reversed_2019
1,SC5,Tehran,Health indicator,1.13772939135104e+16,1.1849406622223262e+16,sign_reversed_2019
1,SC5,Tehran,Modal share: car,0.4688991853382523,0.4583737192540941,sign_reversed_2019
1,SC5,Tehran,Modal share: public transport,0.1961067164094637,0.2067371183444389,sign_reversed_2019
1,SC5,Tehran,NOₓ emissions,56512.57042573588,57012.03327945648,sign_reversed_2019
1,SC5,Tehran,PM₂.₅ emissions,1046.6586021201977,1068.6083115045956,sign_reversed_2019
1,SC5,Tehran,Time loss (car),659135308.1407032,663321962.8697389,sign_reversed_2019
1,SC5,Tehran,PCE-weighted VKT,63922082556.61113,64949552274.83761,sign_reversed_2019
1,SC5,Tehran,STOCK::inflation_index_effective,63.87869652292867,142.92185698706032,sign_reversed_2019
1,SC5,Tehran,STOCK::cost_index_rhc_fare,29.51624016041301,60.18207770689028,sign_reversed_2019
1,SC5,Tehran,STOCK::cost_index_bus_fare,84.36487247380374,169.56239313950334,sign_reversed_2019
1,SC5,Tehran,STOCK::cost_index_metro_fare,45.68752260248281,85.07059173023467,sign_reversed_2019
1,SC5,Tehran,STOCK::len_bik,941.660883050843,1278.6481875338736,sign_reversed_2019
1,SC5,Tehran,STOCK::len_brt,154.26881632653323,147.0150000000056,sign_reversed_2019
1,SC5,Tehran,STOCK::len_hwy,2678.5357142857,2865.749999999971,sign_reversed_2019
1,SC5,Tehran,STOCK::len_met,329.4582482993224,371.175,sign_reversed_2019
1,SC5,Tehran,STOCK::population_city,10246947.54496452,10622416.613323256,sign_reversed_2019
1,SC5,Tehran,STOCK::private_cars_total,4192415.099736402,4343924.107633086,sign_reversed_2019
1,SC5,Tehran,STOCK::taxis_total,78784.0,78784.0,sign_reversed_2019
1,SC5,Tehran,STOCK::metro_cars_total,1182.2600000000002,1184.36,sign_reversed_2019
1,SC5,Tehran,STOCK::brts_total,963.0217687074846,999.0376190476236,sign_reversed_2019
1,SC5,Tehran,STOCK::buses_total,2107.78877551022,2206.368571428616,sign_reversed_2019
1,SC5,Tehran,STOCK::motorcycles_total,325417.6086656498,337177.8227351354,sign_reversed_2019
1,SC5,Tehran,STOCK::transport_financial_balance_IRR,-5256543235375010.0,-1.1009108591573216e+16,sign_reversed_2019
1,SC6,Region 12,CO₂ emissions,208801.0619325193,210935.7394387237,sign_reversed_2019
1,SC6,Region 12,Congestion index,1.1029346471427357,1.1064098263847857,sign_reversed_2019
1,SC6,Region 12,Electricity use,71112379.49145854,72914940.35802755,sign_reversed_2019
1,SC6,Region 12,Final energy,2842847969.5299115,2867732211.97449,sign_reversed_2019
1,SC6,Region 12,Health indicator,353493461208305.1,347719602259613.94,sign_reversed_2019
1,SC6,Region 12,Modal share: car,0.1820523481385022,0.1789402861090343,sign_reversed_2019
1,SC6,Region 12,Modal share: public transport,0.426088727221774,0.427798609895213,sign_reversed_2019
1,SC6,Region 12,NOₓ emissions,751.966401135663,698.3636511289931,sign_reversed_2019
1,SC6,Region 12,PM₂.₅ emissions,21.740079892992696,18.211699599434663,sign_reversed_2019
1,SC6,Region 12,Time loss (car),46491408.26867508,47115570.943331465,sign_reversed_2019
1,SC6,Region 12,PCE-weighted VKT,899086522.0411083,913456921.3867304,sign_reversed_2019
1,SC6,Tehran,CO₂ emissions,14907097.95630554,15103858.0650022,sign_reversed_2019
1,SC6,Tehran,Congestion index,0.3617577275619997,0.3628975711136838,sign_reversed_2019
1,SC6,Tehran,Electricity use,1204220209.3867586,1367669263.9899726,sign_reversed_2019
1,SC6,Tehran,Final energy,221029712724.5518,223376793765.81567,sign_reversed_2019
1,SC6,Tehran,Health indicator,1.1233872877823446e+16,1.1551425102096072e+16,sign_reversed_2019
1,SC6,Tehran,Modal share: car,0.4736770602376218,0.4637832782563515,sign_reversed_2019
1,SC6,Tehran,Modal share: public transport,0.1843572805663823,0.1930240675628213,sign_reversed_2019
1,SC6,Tehran,NOₓ emissions,55468.42720200116,54727.64218969836,sign_reversed_2019
1,SC6,Tehran,PM₂.₅ emissions,965.8240863788508,922.416946644368,sign_reversed_2019
1,SC6,Tehran,Time loss (car),674885427.8908026,684149487.8096769,sign_reversed_2019
1,SC6,Tehran,PCE-weighted VKT,64687008435.00355,65944953851.42464,sign_reversed_2019
1,SC6,Tehran,STOCK::inflation_index_effective,63.87869652292867,142.92185698706032,sign_reversed_2019
1,SC6,Tehran,STOCK::cost_index_rhc_fare,29.51624016041301,60.18207770689028,sign_reversed_2019
1,SC6,Tehran,STOCK::cost_index_bus_fare,84.36487247380374,169.56239313950334,sign_reversed_2019
1,SC6,Tehran,STOCK::cost_index_metro_fare,45.68752260248281,85.07059173023467,sign_reversed_2019
1,SC6,Tehran,STOCK::len_bik,941.660883050843,1278.6481875338736,sign_reversed_2019
1,SC6,Tehran,STOCK::len_brt,145.8321428571453,133.6500000000051,sign_reversed_2019
1,SC6,Tehran,STOCK::len_hwy,2678.5357142857,2865.749999999971,sign_reversed_2019
1,SC6,Tehran,STOCK::len_met,320.3214285714312,353.5,sign_reversed_2019
1,SC6,Tehran,STOCK::population_city,10247900.077577364,10624959.740383748,sign_reversed_2019
1,SC6,Tehran,STOCK::private_cars_total,4192415.099736402,4343924.107633086,sign_reversed_2019
1,SC6,Tehran,STOCK::taxis_total,78784.0,78784.0,sign_reversed_2019
1,SC6,Tehran,STOCK::metro_cars_total,1181.0,1181.0,sign_reversed_2019
1,SC6,Tehran,STOCK::brts_total,942.0,942.0,sign_reversed_2019
1,SC6,Tehran,STOCK::buses_total,2047.0,2047.0,sign_reversed_2019
1,SC6,Tehran,STOCK::motorcycles_total,325417.6086656498,337177.8227351354,sign_reversed_2019
1,SC6,Tehran,STOCK::transport_financial_balance_IRR,-5257373543840533.0,-1.0997217869941006e+16,sign_reversed_2019
1,SC8,Region 12,CO₂ emissions,204793.63300563587,204882.19648279005,sign_reversed_2019
1,SC8,Region 12,Congestion index,1.0621080017619,1.040441575776912,sign_reversed_2019
1,SC8,Region 12,Electricity use,75253361.11495237,77349350.39170544,sign_reversed_2019
1,SC8,Region 12,Final energy,2761040033.516109,2753954446.909992,sign_reversed_2019
1,SC8,Region 12,Health indicator,350311717346991.06,344006106326510.3,sign_reversed_2019
1,SC8,Region 12,Modal share: car,0.172186737611381,0.1657920167109492,sign_reversed_2019
1,SC8,Region 12,Modal share: public transport,0.450958907917748,0.455489950014433,sign_reversed_2019
1,SC8,Region 12,NOₓ emissions,756.6518451759815,718.5857146992041,sign_reversed_2019
1,SC8,Region 12,PM₂.₅ emissions,23.27688503876553,21.2119676209964,sign_reversed_2019
1,SC8,Region 12,Time loss (car),41557856.480838455,39765176.19904663,sign_reversed_2019
1,SC8,Region 12,PCE-weighted VKT,849513852.8532927,840417113.1969484,sign_reversed_2019
1,SC8,Tehran,CO₂ emissions,14399367.56809341,14230352.221454764,sign_reversed_2019
1,SC8,Tehran,Congestion index,0.3483667669142295,0.3412602742049611,sign_reversed_2019
1,SC8,Tehran,Electricity use,1272345759.6849911,1417456335.0637755,sign_reversed_2019
1,SC8,Tehran,Final energy,212980775152.5292,209884630847.49765,sign_reversed_2019
1,SC8,Tehran,Health indicator,1.111198511923155e+16,1.1353537204023926e+16,sign_reversed_2019
1,SC8,Tehran,Modal share: car,0.4609170427318084,0.447227402771208,sign_reversed_2019
1,SC8,Tehran,Modal share: public transport,0.2020488535942994,0.2128095693988228,sign_reversed_2019
1,SC8,Tehran,NOₓ emissions,54034.15887212269,52430.82690775704,sign_reversed_2019
1,SC8,Tehran,PM₂.₅ emissions,967.3225690477542,925.9663591111772,sign_reversed_2019
1,SC8,Tehran,Time loss (car),618019142.6826566,590664482.4226985,sign_reversed_2019
1,SC8,Tehran,PCE-weighted VKT,62284519679.44371,62013071525.1351,sign_reversed_2019
1,SC8,Tehran,STOCK::inflation_index_effective,63.87869652292867,142.92185698706032,sign_reversed_2019
1,SC8,Tehran,STOCK::cost_index_rhc_fare,29.51624016041301,60.18207770689028,sign_reversed_2019
1,SC8,Tehran,STOCK::cost_index_bus_fare,60.26793001761512,106.36159228555996,sign_reversed_2019
1,SC8,Tehran,STOCK::cost_index_metro_fare,35.161126476087375,58.82076106461197,sign_reversed_2019
1,SC8,Tehran,STOCK::len_bik,941.660883050843,1278.6481875338736,sign_reversed_2019
1,SC8,Tehran,STOCK::len_brt,145.8321428571453,133.6500000000051,sign_reversed_2019
1,SC8,Tehran,STOCK::len_hwy,2678.5357142857,2865.749999999971,sign_reversed_2019
1,SC8,Tehran,STOCK::len_met,320.3214285714312,353.5,sign_reversed_2019
1,SC8,Tehran,STOCK::population_city,10248781.901258985,10627138.164745197,sign_reversed_2019
1,SC8,Tehran,STOCK::private_cars_total,4192415.099736402,4343924.107633086,sign_reversed_2019
1,SC8,Tehran,STOCK::taxis_total,78784.0,78784.0,sign_reversed_2019
1,SC8,Tehran,STOCK::metro_cars_total,1181.0,1181.0,sign_reversed_2019
1,SC8,Tehran,STOCK::brts_total,942.0,942.0,sign_reversed_2019
1,SC8,Tehran,STOCK::buses_total,2047.0,2047.0,sign_reversed_2019
1,SC8,Tehran,STOCK::motorcycles_total,325417.6086656498,337177.8227351354,sign_reversed_2019
1,SC8,Tehran,STOCK::transport_financial_balance_IRR,-5447374846459282.0,-1.149134619442915e+16,sign_reversed_2019
2,SC0,Region 12,CO₂ emissions,238947.03358267792,243807.988419466,empirical_2021
2,SC0,Region 12,Congestion index,1.268080980434678,1.2977372091567967,empirical_2021
2,SC0,Region 12,Electricity use,75393104.31947164,76946207.09015392,empirical_2021
2,SC0,Region 12,Final energy,3285061455.2067327,3352733102.7804413,empirical_2021
2,SC0,Region 12,Health indicator,396510648879642.4,405256088949924.0,empirical_2021
2,SC0,Region 12,Modal share: car,0.2251777355646275,0.2242156393795482,empirical_2021
2,SC0,Region 12,Modal share: public transport,0.3279187322824235,0.3235957489615095,empirical_2021
2,SC0,Region 12,NOₓ emissions,918.7743580753285,939.982013669416,empirical_2021
2,SC0,Region 12,PM₂.₅ emissions,30.017267843440667,30.944975789672306,empirical_2021
2,SC0,Region 12,Time loss (car),71341900.61347364,75535385.63386355,empirical_2021
2,SC0,Region 12,PCE-weighted VKT,1021960836.0680456,1049829279.9303576,empirical_2021
2,SC0,Tehran,CO₂ emissions,17816390.829405457,18471466.16145484,empirical_2021
2,SC0,Tehran,Congestion index,0.4159250006653155,0.42565211363467,empirical_2021
2,SC0,Tehran,Electricity use,1194653325.1015096,1384034200.0373728,empirical_2021
2,SC0,Tehran,Final energy,263960533308.5147,273017791221.85336,empirical_2021
2,SC0,Tehran,Health indicator,1.2314911249022554e+16,1.2963667890602128e+16,empirical_2021
2,SC0,Tehran,Modal share: car,0.6101132463703598,0.6093635227724786,empirical_2021
2,SC0,Tehran,Modal share: public transport,0.1015796536382283,0.1024377733319739,empirical_2021
2,SC0,Tehran,NOₓ emissions,67280.30246804474,69547.24459120557,empirical_2021
2,SC0,Tehran,PM₂.₅ emissions,1175.6959732661614,1220.8949891122168,empirical_2021
2,SC0,Tehran,Time loss (car),1022600676.4328748,1095349456.4116597,empirical_2021
2,SC0,Tehran,PCE-weighted VKT,74383186198.7411,77348572227.30318,empirical_2021
2,SC0,Tehran,STOCK::inflation_index_effective,63.87869652292867,142.92185698706032,empirical_2021
2,SC0,Tehran,STOCK::cost_index_rhc_fare,29.51624016041301,60.18207770689028,empirical_2021
2,SC0,Tehran,STOCK::cost_index_bus_fare,84.36487247380374,169.56239313950334,empirical_2021
2,SC0,Tehran,STOCK::cost_index_metro_fare,45.68752260248281,85.07059173023467,empirical_2021
2,SC0,Tehran,STOCK::len_bik,941.660883050843,1278.6481875338736,empirical_2021
2,SC0,Tehran,STOCK::len_brt,145.8321428571453,133.6500000000051,empirical_2021
2,SC0,Tehran,STOCK::len_hwy,2678.5357142857,2865.749999999971,empirical_2021
2,SC0,Tehran,STOCK::len_met,320.3214285714312,353.5,empirical_2021
2,SC0,Tehran,STOCK::population_city,10216609.745428655,10582352.10258695,empirical_2021
2,SC0,Tehran,STOCK::private_cars_total,4192415.099736402,4343924.107633086,empirical_2021
2,SC0,Tehran,STOCK::taxis_total,78784.0,78784.0,empirical_2021
2,SC0,Tehran,STOCK::metro_cars_total,1181.0,1181.0,empirical_2021
2,SC0,Tehran,STOCK::brts_total,942.0,942.0,empirical_2021
2,SC0,Tehran,STOCK::buses_total,2047.0,2047.0,empirical_2021
2,SC0,Tehran,STOCK::motorcycles_total,325417.6086656498,337177.8227351354,empirical_2021
2,SC0,Tehran,STOCK::transport_financial_balance_IRR,-3644816841716605.0,-7180004982750245.0,empirical_2021
2,SC10,Region 12,CO₂ emissions,233698.679658812,235889.58393203167,empirical_2021
2,SC10,Region 12,Congestion index,1.2114559283525406,1.2211121908757876,empirical_2021
2,SC10,Region 12,Electricity use,87655941.94647256,90848163.17141163,empirical_2021
2,SC10,Region 12,Final energy,3140699881.636785,3156911678.2439766,empirical_2021
2,SC10,Region 12,Health indicator,377208693384443.1,374572903953233.1,empirical_2021
2,SC10,Region 12,Modal share: car,0.2130121881313036,0.2104611732415479,empirical_2021
2,SC10,Region 12,Modal share: public transport,0.3690429323269918,0.3670114492290647,empirical_2021
2,SC10,Region 12,NOₓ emissions,819.6595528961682,778.7903642329998,empirical_2021
2,SC10,Region 12,PM₂.₅ emissions,24.22746712011429,21.55062442172918,empirical_2021
2,SC10,Region 12,Time loss (car),62834221.17188197,64490461.44496831,empirical_2021
2,SC10,Region 12,PCE-weighted VKT,972877307.2188016,995574572.3019682,empirical_2021
2,SC10,Tehran,CO₂ emissions,17056221.17521101,17365284.182549886,empirical_2021
2,SC10,Tehran,Congestion index,0.3973522319002928,0.4005194436622966,empirical_2021
2,SC10,Tehran,Electricity use,1598382325.18804,1895077195.8536496,empirical_2021
2,SC10,Tehran,Final energy,250517911333.2201,253703057583.7587,empirical_2021
2,SC10,Tehran,Health indicator,1.1903807859361068e+16,1.2318677378917414e+16,empirical_2021
2,SC10,Tehran,Modal share: car,0.5673462865293246,0.5600506736343188,empirical_2021
2,SC10,Tehran,Modal share: public transport,0.1437441593497346,0.1496164180160792,empirical_2021
2,SC10,Tehran,NOₓ emissions,62972.85487513365,62969.56831529777,empirical_2021
2,SC10,Tehran,PM₂.₅ emissions,1081.0183727878914,1064.0206038594908,empirical_2021
2,SC10,Tehran,Time loss (car),906482550.451134,933646299.1934904,empirical_2021
2,SC10,Tehran,PCE-weighted VKT,71054270864.8119,72781518343.73764,empirical_2021
2,SC10,Tehran,STOCK::inflation_index_effective,63.87869652292867,142.92185698706032,empirical_2021
2,SC10,Tehran,STOCK::cost_index_rhc_fare,29.51624016041301,60.18207770689028,empirical_2021
2,SC10,Tehran,STOCK::cost_index_bus_fare,60.26793001761512,106.36159228555996,empirical_2021
2,SC10,Tehran,STOCK::cost_index_metro_fare,35.161126476087375,58.82076106461197,empirical_2021
2,SC10,Tehran,STOCK::len_bik,941.660883050843,1278.6481875338736,empirical_2021
2,SC10,Tehran,STOCK::len_brt,154.26881632653323,147.0150000000056,empirical_2021
2,SC10,Tehran,STOCK::len_hwy,2678.5357142857,2865.749999999971,empirical_2021
2,SC10,Tehran,STOCK::len_met,329.4582482993224,371.175,empirical_2021
2,SC10,Tehran,STOCK::population_city,10219704.310175752,10589716.717749046,empirical_2021
2,SC10,Tehran,STOCK::private_cars_total,4192415.099736402,4343924.107633086,empirical_2021
2,SC10,Tehran,STOCK::taxis_total,78784.0,78784.0,empirical_2021
2,SC10,Tehran,STOCK::metro_cars_total,1182.2600000000002,1184.36,empirical_2021
2,SC10,Tehran,STOCK::brts_total,963.0217687074846,999.0376190476236,empirical_2021
2,SC10,Tehran,STOCK::buses_total,2107.78877551022,2206.368571428616,empirical_2021
2,SC10,Tehran,STOCK::motorcycles_total,325417.6086656498,337177.8227351354,empirical_2021
2,SC10,Tehran,STOCK::transport_financial_balance_IRR,-4056893250807468.0,-8319831217791986.0,empirical_2021
2,SC11,Region 12,CO₂ emissions,233696.53051303752,233157.95669077188,empirical_2021
2,SC11,Region 12,Congestion index,1.201444714739749,1.1875928420031665,empirical_2021
2,SC11,Region 12,Electricity use,83650873.17205176,88651835.81302705,empirical_2021
2,SC11,Region 12,Final energy,3160856562.77515,3126575159.482652,empirical_2021
2,SC11,Region 12,Health indicator,378579152541972.5,373320462235200.8,empirical_2021
2,SC11,Region 12,Modal share: car,0.2127141471369473,0.2025896133934051,empirical_2021
2,SC11,Region 12,Modal share: public transport,0.3551735016125654,0.3602968932916808,empirical_2021
2,SC11,Region 12,NOₓ emissions,840.6963750152017,798.7749421034761,empirical_2021
2,SC11,Region 12,PM₂.₅ emissions,25.67608572388565,23.748900903819337,empirical_2021
2,SC11,Region 12,Time loss (car),61942177.012486,59463254.518110506,empirical_2021
2,SC11,Region 12,PCE-weighted VKT,977819581.5355792,975188742.4499,empirical_2021
2,SC11,Tehran,CO₂ emissions,16835948.751010437,16794178.082776453,empirical_2021
2,SC11,Tehran,Congestion index,0.3940685977374858,0.3895252442245232,empirical_2021
2,SC11,Tehran,Electricity use,1509157011.7428515,1828848085.1498525,empirical_2021
2,SC11,Tehran,Final energy,247646038712.3105,245453671196.6832,empirical_2021
2,SC11,Tehran,Health indicator,1.1865584723036546e+16,1.2179028593671718e+16,empirical_2021
2,SC11,Tehran,Modal share: car,0.5662687906244129,0.5501067236979638,empirical_2021
2,SC11,Tehran,Modal share: public transport,0.1378645596749951,0.1489563712355647,empirical_2021
2,SC11,Tehran,NOₓ emissions,62498.40292800807,61340.434604038805,empirical_2021
2,SC11,Tehran,PM₂.₅ emissions,1083.9504405953971,1060.2410279592436,empirical_2021
2,SC11,Tehran,Time loss (car),886061463.9306773,868288413.0114784,empirical_2021
2,SC11,Tehran,PCE-weighted VKT,70469397653.80278,70790811006.29695,empirical_2021
2,SC11,Tehran,STOCK::inflation_index_effective,63.87869652292867,142.92185698706032,empirical_2021
2,SC11,Tehran,STOCK::cost_index_rhc_fare,29.51624016041301,60.18207770689028,empirical_2021
2,SC11,Tehran,STOCK::cost_index_bus_fare,73.20148381975896,138.2037519536843,empirical_2021
2,SC11,Tehran,STOCK::cost_index_metro_fare,45.68752260248281,85.07059173023467,empirical_2021
2,SC11,Tehran,STOCK::len_bik,942.1264620910188,1279.6121453740336,empirical_2021
2,SC11,Tehran,STOCK::len_brt,154.26881632653323,147.0150000000056,empirical_2021
2,SC11,Tehran,STOCK::len_hwy,2678.5357142857,2865.749999999971,empirical_2021
2,SC11,Tehran,STOCK::len_met,329.4582482993224,371.175,empirical_2021
2,SC11,Tehran,STOCK::population_city,10219783.33805248,10590372.739149516,empirical_2021
2,SC11,Tehran,STOCK::private_cars_total,4192415.099736402,4343924.107633086,empirical_2021
2,SC11,Tehran,STOCK::taxis_total,78784.0,78784.0,empirical_2021
2,SC11,Tehran,STOCK::metro_cars_total,1182.2600000000002,1184.36,empirical_2021
2,SC11,Tehran,STOCK::brts_total,963.0217687074846,999.0376190476236,empirical_2021
2,SC11,Tehran,STOCK::buses_total,2107.78877551022,2206.368571428616,empirical_2021
2,SC11,Tehran,STOCK::motorcycles_total,325417.6086656498,337177.8227351354,empirical_2021
2,SC11,Tehran,STOCK::transport_financial_balance_IRR,-4002333733525495.0,-8190058228525202.0,empirical_2021
2,SC5,Region 12,CO₂ emissions,237139.8522896556,241278.94622540104,empirical_2021
2,SC5,Region 12,Congestion index,1.2250799688923295,1.236001716325983,empirical_2021
2,SC5,Region 12,Electricity use,80652105.67400946,82386506.35308555,empirical_2021
2,SC5,Region 12,Final energy,3231296304.1965604,3287060980.883748,empirical_2021
2,SC5,Region 12,Health indicator,389371123571340.7,395239007993245.44,empirical_2021
2,SC5,Region 12,Modal share: car,0.2206293846620877,0.2195400610894642,empirical_2021
2,SC5,Region 12,Modal share: public transport,0.3476211478171827,0.3457780055638797,empirical_2021
2,SC5,Region 12,NOₓ emissions,900.4545430424569,918.1440658084362,empirical_2021
2,SC5,Region 12,PM₂.₅ emissions,29.30326089197143,30.08832760839582,empirical_2021
2,SC5,Region 12,Time loss (car),66225573.04178781,68549204.87543096,empirical_2021
2,SC5,Region 12,PCE-weighted VKT,1001841377.3863716,1027286621.1345668,empirical_2021
2,SC5,Tehran,CO₂ emissions,17217415.16448191,17586436.168652326,empirical_2021
2,SC5,Tehran,Congestion index,0.40182085745182,0.4054031427149044,empirical_2021
2,SC5,Tehran,Electricity use,1417697140.7468665,1640019336.3689015,empirical_2021
2,SC5,Tehran,Final energy,254006490511.3237,258638502455.92572,empirical_2021
2,SC5,Tehran,Health indicator,1.2095712123287844e+16,1.2642796292693448e+16,empirical_2021
2,SC5,Tehran,Modal share: car,0.5752211824179412,0.5680857172983605,empirical_2021
2,SC5,Tehran,Modal share: public transport,0.1323229964643943,0.1384838898520938,empirical_2021
2,SC5,Tehran,NOₓ emissions,64783.80226712146,65945.07985575109,empirical_2021
2,SC5,Tehran,PM₂.₅ emissions,1147.9837976035103,1179.0216719572425,empirical_2021
2,SC5,Tehran,Time loss (car),930368643.6945608,960862999.8056564,empirical_2021
2,SC5,Tehran,PCE-weighted VKT,71853872483.24406,73668973466.84615,empirical_2021
2,SC5,Tehran,STOCK::inflation_index_effective,63.87869652292867,142.92185698706032,empirical_2021
2,SC5,Tehran,STOCK::cost_index_rhc_fare,29.51624016041301,60.18207770689028,empirical_2021
2,SC5,Tehran,STOCK::cost_index_bus_fare,84.36487247380374,169.56239313950334,empirical_2021
2,SC5,Tehran,STOCK::cost_index_metro_fare,45.68752260248281,85.07059173023467,empirical_2021
2,SC5,Tehran,STOCK::len_bik,941.660883050843,1278.6481875338736,empirical_2021
2,SC5,Tehran,STOCK::len_brt,154.26881632653323,147.0150000000056,empirical_2021
2,SC5,Tehran,STOCK::len_hwy,2678.5357142857,2865.749999999971,empirical_2021
2,SC5,Tehran,STOCK::len_met,329.4582482993224,371.175,empirical_2021
2,SC5,Tehran,STOCK::population_city,10218249.762941794,10586280.564698584,empirical_2021
2,SC5,Tehran,STOCK::private_cars_total,4192415.099736402,4343924.107633086,empirical_2021
2,SC5,Tehran,STOCK::taxis_total,78784.0,78784.0,empirical_2021
2,SC5,Tehran,STOCK::metro_cars_total,1182.2600000000002,1184.36,empirical_2021
2,SC5,Tehran,STOCK::brts_total,963.0217687074846,999.0376190476236,empirical_2021
2,SC5,Tehran,STOCK::buses_total,2107.78877551022,2206.368571428616,empirical_2021
2,SC5,Tehran,STOCK::motorcycles_total,325417.6086656498,337177.8227351354,empirical_2021
2,SC5,Tehran,STOCK::transport_financial_balance_IRR,-3919910857077265.0,-7935904561886090.0,empirical_2021
2,SC6,Region 12,CO₂ emissions,237967.9794960599,242545.6475965033,empirical_2021
2,SC6,Region 12,Congestion index,1.2414667443047844,1.25717130539412,empirical_2021
2,SC6,Region 12,Electricity use,74923321.71276544,76434150.46940841,empirical_2021
2,SC6,Region 12,Final energy,3272019040.5797205,3335535147.689934,empirical_2021
2,SC6,Region 12,Health indicator,382554061664069.9,380012493870478.3,empirical_2021
2,SC6,Region 12,Modal share: car,0.2238966354416026,0.2227705920033678,empirical_2021
2,SC6,Region 12,Modal share: public transport,0.3317969850833308,0.3281952470612982,empirical_2021
2,SC6,Region 12,NOₓ emissions,841.5017939163616,794.6400957354449,empirical_2021
2,SC6,Region 12,PM₂.₅ emissions,23.738268829596706,20.06396186256356,empirical_2021
2,SC6,Region 12,Time loss (car),68609280.8324748,71419083.69371934,empirical_2021
2,SC6,Region 12,PCE-weighted VKT,1018009417.805355,1044658643.7925502,empirical_2021
2,SC6,Tehran,CO₂ emissions,17320109.760849737,17738984.532169506,empirical_2021
2,SC6,Tehran,Congestion index,0.4071956479261565,0.4123466750942253,empirical_2021
2,SC6,Tehran,Electricity use,1234025118.2344089,1427009875.1490552,empirical_2021
2,SC6,Tehran,Final energy,256464627348.6057,261994562211.38852,empirical_2021
2,SC6,Tehran,Health indicator,1.2000243395708922e+16,1.2432050510851338e+16,empirical_2021
2,SC6,Tehran,Modal share: car,0.5831043683465744,0.5769698952304704,empirical_2021
2,SC6,Tehran,Modal share: public transport,0.1184992834471306,0.1226567233988668,empirical_2021
2,SC6,Tehran,NOₓ emissions,64201.43108233927,64452.58786784976,empirical_2021
2,SC6,Tehran,PM₂.₅ emissions,1076.2458452570531,1050.781466669091,empirical_2021
2,SC6,Tehran,Time loss (car),957499041.0704108,997227849.4086188,empirical_2021
2,SC6,Tehran,PCE-weighted VKT,72816608761.28212,74930737002.25638,empirical_2021
2,SC6,Tehran,STOCK::inflation_index_effective,63.87869652292867,142.92185698706032,empirical_2021
2,SC6,Tehran,STOCK::cost_index_rhc_fare,29.51624016041301,60.18207770689028,empirical_2021
2,SC6,Tehran,STOCK::cost_index_bus_fare,84.36487247380374,169.56239313950334,empirical_2021
2,SC6,Tehran,STOCK::cost_index_metro_fare,45.68752260248281,85.07059173023467,empirical_2021
2,SC6,Tehran,STOCK::len_bik,941.660883050843,1278.6481875338736,empirical_2021
2,SC6,Tehran,STOCK::len_brt,145.8321428571453,133.6500000000051,empirical_2021
2,SC6,Tehran,STOCK::len_hwy,2678.5357142857,2865.749999999971,empirical_2021
2,SC6,Tehran,STOCK::len_met,320.3214285714312,353.5,empirical_2021
2,SC6,Tehran,STOCK::population_city,10218870.584791137,10587971.319855506,empirical_2021
2,SC6,Tehran,STOCK::private_cars_total,4192415.099736402,4343924.107633086,empirical_2021
2,SC6,Tehran,STOCK::taxis_total,78784.0,78784.0,empirical_2021
2,SC6,Tehran,STOCK::metro_cars_total,1181.0,1181.0,empirical_2021
2,SC6,Tehran,STOCK::brts_total,942.0,942.0,empirical_2021
2,SC6,Tehran,STOCK::buses_total,2047.0,2047.0,empirical_2021
2,SC6,Tehran,STOCK::motorcycles_total,325417.6086656498,337177.8227351354,empirical_2021
2,SC6,Tehran,STOCK::transport_financial_balance_IRR,-3885293153498972.0,-7836510903569299.0,empirical_2021
2,SC8,Region 12,CO₂ emissions,234555.40918376503,236970.1519263829,empirical_2021
2,SC8,Region 12,Congestion index,1.202050764172958,1.1907307387341963,empirical_2021
2,SC8,Region 12,Electricity use,80204305.19191487,82110094.32701123,empirical_2021
2,SC8,Region 12,Final energy,3194397992.1968904,3223838748.366903,empirical_2021
2,SC8,Region 12,Health indicator,379524688904317.5,376168644940014.4,empirical_2021
2,SC8,Region 12,Modal share: car,0.2139322976208948,0.2089423863029696,empirical_2021
2,SC8,Region 12,Modal share: public transport,0.35429984881335,0.3533135000325828,empirical_2021
2,SC8,Region 12,NOₓ emissions,847.1172358432148,816.2127589625588,empirical_2021
2,SC8,Region 12,PM₂.₅ emissions,25.54365176127163,23.47673816163047,empirical_2021
2,SC8,Region 12,Time loss (car),62346882.95349369,61578137.9227397,empirical_2021
2,SC8,Region 12,PCE-weighted VKT,967247511.6833785,967705446.481576,empirical_2021
2,SC8,Tehran,CO₂ emissions,16817598.05362531,16836570.98255931,empirical_2021
2,SC8,Tehran,Congestion index,0.394267379293869,0.3905544605916783,empirical_2021
2,SC8,Tehran,Electricity use,1312161954.1076534,1489255704.9074583,empirical_2021
2,SC8,Tehran,Final energy,248500792570.30463,248080479109.3388,empirical_2021
2,SC8,Tehran,Health indicator,1.1871413283652146e+16,1.2209604897131556e+16,empirical_2021
2,SC8,Tehran,Modal share: car,0.5725124097582786,0.5626735826440994,empirical_2021
2,SC8,Tehran,Modal share: public transport,0.1307462957495433,0.1364827375801492,empirical_2021
2,SC8,Tehran,NOₓ emissions,62639.95355115224,61807.0031634472,empirical_2021
2,SC8,Tehran,PM₂.₅ emissions,1074.9683421387206,1047.3679522275834,empirical_2021
2,SC8,Tehran,Time loss (car),887419491.6501846,876434240.4226148,empirical_2021
2,SC8,Tehran,PCE-weighted VKT,70496346452.64102,70970703389.24382,empirical_2021
2,SC8,Tehran,STOCK::inflation_index_effective,63.87869652292867,142.92185698706032,empirical_2021
2,SC8,Tehran,STOCK::cost_index_rhc_fare,29.51624016041301,60.18207770689028,empirical_2021
2,SC8,Tehran,STOCK::cost_index_bus_fare,60.26793001761512,106.36159228555996,empirical_2021
2,SC8,Tehran,STOCK::cost_index_metro_fare,35.161126476087375,58.82076106461197,empirical_2021
2,SC8,Tehran,STOCK::len_bik,941.660883050843,1278.6481875338736,empirical_2021
2,SC8,Tehran,STOCK::len_brt,145.8321428571453,133.6500000000051,empirical_2021
2,SC8,Tehran,STOCK::len_hwy,2678.5357142857,2865.749999999971,empirical_2021
2,SC8,Tehran,STOCK::len_met,320.3214285714312,353.5,empirical_2021
2,SC8,Tehran,STOCK::population_city,10219777.755972715,10590272.683938203,empirical_2021
2,SC8,Tehran,STOCK::private_cars_total,4192415.099736402,4343924.107633086,empirical_2021
2,SC8,Tehran,STOCK::taxis_total,78784.0,78784.0,empirical_2021
2,SC8,Tehran,STOCK::metro_cars_total,1181.0,1181.0,empirical_2021
2,SC8,Tehran,STOCK::brts_total,942.0,942.0,empirical_2021
2,SC8,Tehran,STOCK::buses_total,2047.0,2047.0,empirical_2021
2,SC8,Tehran,STOCK::motorcycles_total,325417.6086656498,337177.8227351354,empirical_2021
2,SC8,Tehran,STOCK::transport_financial_balance_IRR,-3976468530170165.5,-8077089215182814.0,empirical_2021
3,SC0,Region 12,CO₂ emissions,218792.839835018,221587.8869992216,sign_reversed_2021
3,SC0,Region 12,Congestion index,1.1438122963840265,1.170461755569342,sign_reversed_2021
3,SC0,Region 12,Electricity use,67404943.66495027,69368056.35680604,sign_reversed_2021
3,SC0,Region 12,Final energy,3018627870.576833,3053065034.694186,sign_reversed_2021
3,SC0,Region 12,Health indicator,373874720711089.1,381358698950776.56,sign_reversed_2021
3,SC0,Region 12,Modal share: car,0.1984050763628479,0.1955484940647845,sign_reversed_2021
3,SC0,Region 12,Modal share: public transport,0.3698216418714378,0.3699809124720402,sign_reversed_2021
3,SC0,Region 12,NOₓ emissions,860.4052758649423,873.037053325563,sign_reversed_2021
3,SC0,Region 12,PM₂.₅ emissions,28.05712474779213,28.7773536216392,sign_reversed_2021
3,SC0,Region 12,Time loss (car),53557441.89428733,56125636.07485679,sign_reversed_2021
3,SC0,Region 12,PCE-weighted VKT,974517458.5048602,992568130.6015676,sign_reversed_2021
3,SC0,Tehran,CO₂ emissions,15625913.027756954,16204481.471005484,sign_reversed_2021
3,SC0,Tehran,Congestion index,0.3751654172523319,0.3839063229992056,sign_reversed_2021
3,SC0,Tehran,Electricity use,1223928456.649141,1394541144.6958883,sign_reversed_2021
3,SC0,Tehran,Final energy,231108197455.1313,239107646889.08173,sign_reversed_2021
3,SC0,Tehran,Health indicator,1.1689772604357474e+16,1.2310332099759868e+16,sign_reversed_2021
3,SC0,Tehran,Modal share: car,0.5142480249856335,0.5130989435793617,sign_reversed_2021
3,SC0,Tehran,Modal share: public transport,0.163136460540264,0.1645300870743108,sign_reversed_2021
3,SC0,Tehran,NOₓ emissions,59704.98862741116,61739.74976356388,sign_reversed_2021
3,SC0,Tehran,PM₂.₅ emissions,1113.503888346093,1156.305497142003,sign_reversed_2021
3,SC0,Tehran,Time loss (car),757046300.4155867,810531645.6659349,sign_reversed_2021
3,SC0,Tehran,PCE-weighted VKT,67093233227.81278,69762618349.19212,sign_reversed_2021
3,SC0,Tehran,STOCK::inflation_index_effective,63.87869652292867,142.92185698706032,sign_reversed_2021
3,SC0,Tehran,STOCK::cost_index_rhc_fare,29.51624016041301,60.18207770689028,sign_reversed_2021
3,SC0,Tehran,STOCK::cost_index_bus_fare,84.36487247380374,169.56239313950334,sign_reversed_2021
3,SC0,Tehran,STOCK::cost_index_metro_fare,45.68752260248281,85.07059173023467,sign_reversed_2021
3,SC0,Tehran,STOCK::len_bik,941.660883050843,1278.6481875338736,sign_reversed_2021
3,SC0,Tehran,STOCK::len_brt,145.8321428571453,133.6500000000051,sign_reversed_2021
3,SC0,Tehran,STOCK::len_hwy,2678.5357142857,2865.749999999971,sign_reversed_2021
3,SC0,Tehran,STOCK::len_met,320.3214285714312,353.5,sign_reversed_2021
3,SC0,Tehran,STOCK::population_city,10245056.701802809,10617343.494234798,sign_reversed_2021
3,SC0,Tehran,STOCK::private_cars_total,4192415.099736402,4343924.107633086,sign_reversed_2021
3,SC0,Tehran,STOCK::taxis_total,78784.0,78784.0,sign_reversed_2021
3,SC0,Tehran,STOCK::metro_cars_total,1181.0,1181.0,sign_reversed_2021
3,SC0,Tehran,STOCK::brts_total,942.0,942.0,sign_reversed_2021
3,SC0,Tehran,STOCK::buses_total,2047.0,2047.0,sign_reversed_2021
3,SC0,Tehran,STOCK::motorcycles_total,325417.6086656498,337177.8227351354,sign_reversed_2021
3,SC0,Tehran,STOCK::transport_financial_balance_IRR,-4929795207006863.0,-9963709206841054.0,sign_reversed_2021
3,SC10,Region 12,CO₂ emissions,212886.2565985906,213022.18460363132,sign_reversed_2021
3,SC10,Region 12,Congestion index,1.0622373772786182,1.0582492830921224,sign_reversed_2021
3,SC10,Region 12,Electricity use,78470793.61492705,82439026.96392766,sign_reversed_2021
3,SC10,Region 12,Final energy,2869408792.8076315,2850459890.080283,sign_reversed_2021
3,SC10,Region 12,Health indicator,350997318699897.0,344860075484073.94,sign_reversed_2021
3,SC10,Region 12,Modal share: car,0.1867931106153327,0.1827344932005627,sign_reversed_2021
3,SC10,Region 12,Modal share: public transport,0.4130717590284318,0.4169429036174028,sign_reversed_2021
3,SC10,Region 12,NOₓ emissions,762.3296610798889,713.3348125999073,sign_reversed_2021
3,SC10,Region 12,PM₂.₅ emissions,22.533093557368662,19.85382470353148,sign_reversed_2021
3,SC10,Region 12,Time loss (car),45065569.944635816,44968036.35046147,sign_reversed_2021
3,SC10,Region 12,PCE-weighted VKT,925323755.3210922,937637319.1843452,sign_reversed_2021
3,SC10,Tehran,CO₂ emissions,14551010.086326543,14613570.494976632,sign_reversed_2021
3,SC10,Tehran,Congestion index,0.3484092015163624,0.3471011241121867,sign_reversed_2021
3,SC10,Tehran,Electricity use,1629807232.3581238,1913257241.438676,sign_reversed_2021
3,SC10,Tehran,Final energy,212844511326.919,212377485942.4225,sign_reversed_2021
3,SC10,Tehran,Health indicator,1.1134681424309174e+16,1.1420097198304736e+16,sign_reversed_2021
3,SC10,Tehran,Modal share: car,0.4569764025483628,0.4457972822341857,sign_reversed_2021
3,SC10,Tehran,Modal share: public transport,0.2299244401107476,0.2411733651323491,sign_reversed_2021
3,SC10,Tehran,NOₓ emissions,54107.384124805554,53001.07473261392,sign_reversed_2021
3,SC10,Tehran,PM₂.₅ emissions,989.9515962704144,948.8475557441292,sign_reversed_2021
3,SC10,Tehran,Time loss (car),624949403.4161123,622711168.1353958,sign_reversed_2021
3,SC10,Tehran,PCE-weighted VKT,62297407378.6364,63074458010.59171,sign_reversed_2021
3,SC10,Tehran,STOCK::inflation_index_effective,63.87869652292867,142.92185698706032,sign_reversed_2021
3,SC10,Tehran,STOCK::cost_index_rhc_fare,29.51624016041301,60.18207770689028,sign_reversed_2021
3,SC10,Tehran,STOCK::cost_index_bus_fare,60.26793001761512,106.36159228555996,sign_reversed_2021
3,SC10,Tehran,STOCK::cost_index_metro_fare,35.161126476087375,58.82076106461197,sign_reversed_2021
3,SC10,Tehran,STOCK::len_bik,941.660883050843,1278.6481875338736,sign_reversed_2021
3,SC10,Tehran,STOCK::len_brt,154.26881632653323,147.0150000000056,sign_reversed_2021
3,SC10,Tehran,STOCK::len_hwy,2678.5357142857,2865.749999999971,sign_reversed_2021
3,SC10,Tehran,STOCK::len_met,329.4582482993224,371.175,sign_reversed_2021
3,SC10,Tehran,STOCK::population_city,10249188.429430544,10627271.188464288,sign_reversed_2021
3,SC10,Tehran,STOCK::private_cars_total,4192415.099736402,4343924.107633086,sign_reversed_2021
3,SC10,Tehran,STOCK::taxis_total,78784.0,78784.0,sign_reversed_2021
3,SC10,Tehran,STOCK::metro_cars_total,1182.2600000000002,1184.36,sign_reversed_2021
3,SC10,Tehran,STOCK::brts_total,963.0217687074846,999.0376190476236,sign_reversed_2021
3,SC10,Tehran,STOCK::buses_total,2107.78877551022,2206.368571428616,sign_reversed_2021
3,SC10,Tehran,STOCK::motorcycles_total,325417.6086656498,337177.8227351354,sign_reversed_2021
3,SC10,Tehran,STOCK::transport_financial_balance_IRR,-5898850853088950.0,-1.2673258279534956e+16,sign_reversed_2021
3,SC11,Region 12,CO₂ emissions,212952.6856487817,210284.28770852325,sign_reversed_2021
3,SC11,Region 12,Congestion index,1.05550551123708,1.0287323349405424,sign_reversed_2021
3,SC11,Region 12,Electricity use,74876727.4472508,80139981.97429775,sign_reversed_2021
3,SC11,Region 12,Final energy,2888923976.750408,2821145141.343026,sign_reversed_2021
3,SC11,Region 12,Health indicator,352614964743887.9,343912896672701.5,sign_reversed_2021
3,SC11,Region 12,Modal share: car,0.1865095452194353,0.175166852355722,sign_reversed_2021
3,SC11,Region 12,Modal share: public transport,0.3994775297833394,0.4101557088581015,sign_reversed_2021
3,SC11,Region 12,NOₓ emissions,782.0384328059337,732.0812895298349,sign_reversed_2021
3,SC11,Region 12,PM₂.₅ emissions,23.84057247157483,21.810462917807563,sign_reversed_2021
3,SC11,Region 12,Time loss (car),44604637.03189545,41302515.46880654,sign_reversed_2021
3,SC11,Region 12,PCE-weighted VKT,930728584.2032124,919496666.3640867,sign_reversed_2021
3,SC11,Tehran,CO₂ emissions,14373395.071214436,14098937.31371506,sign_reversed_2021
3,SC11,Tehran,Congestion index,0.3462011789759994,0.3374196945591816,sign_reversed_2021
3,SC11,Tehran,Electricity use,1537566561.7870152,1837575536.6220224,sign_reversed_2021
3,SC11,Tehran,Final energy,210628072896.3812,205003165537.5605,sign_reversed_2021
3,SC11,Tehran,Health indicator,1.111625928442546e+16,1.1309705400936486e+16,sign_reversed_2021
3,SC11,Tehran,Modal share: car,0.4562060780332422,0.4353682631052291,sign_reversed_2021
3,SC11,Tehran,Modal share: public transport,0.2229636649091717,0.2414416126753089,sign_reversed_2021
3,SC11,Tehran,NOₓ emissions,53845.33734365344,51712.658784730906,sign_reversed_2021
3,SC11,Tehran,PM₂.₅ emissions,998.3034199011188,954.0976211642984,sign_reversed_2021
3,SC11,Tehran,Time loss (car),613643368.6432979,577218707.8873643,sign_reversed_2021
3,SC11,Tehran,PCE-weighted VKT,61903760997.53056,61321349980.525024,sign_reversed_2021
3,SC11,Tehran,STOCK::inflation_index_effective,63.87869652292867,142.92185698706032,sign_reversed_2021
3,SC11,Tehran,STOCK::cost_index_rhc_fare,29.51624016041301,60.18207770689028,sign_reversed_2021
3,SC11,Tehran,STOCK::cost_index_bus_fare,73.20148381975896,138.2037519536843,sign_reversed_2021
3,SC11,Tehran,STOCK::cost_index_metro_fare,45.68752260248281,85.07059173023467,sign_reversed_2021
3,SC11,Tehran,STOCK::len_bik,942.1264620910188,1279.6121453740336,sign_reversed_2021
3,SC11,Tehran,STOCK::len_brt,154.26881632653323,147.0150000000056,sign_reversed_2021
3,SC11,Tehran,STOCK::len_hwy,2678.5357142857,2865.749999999971,sign_reversed_2021
3,SC11,Tehran,STOCK::len_met,329.4582482993224,371.175,sign_reversed_2021
3,SC11,Tehran,STOCK::population_city,10249104.322504869,10627570.196954925,sign_reversed_2021
3,SC11,Tehran,STOCK::private_cars_total,4192415.099736402,4343924.107633086,sign_reversed_2021
3,SC11,Tehran,STOCK::taxis_total,78784.0,78784.0,sign_reversed_2021
3,SC11,Tehran,STOCK::metro_cars_total,1182.2600000000002,1184.36,sign_reversed_2021
3,SC11,Tehran,STOCK::brts_total,963.0217687074846,999.0376190476236,sign_reversed_2021
3,SC11,Tehran,STOCK::buses_total,2107.78877551022,2206.368571428616,sign_reversed_2021
3,SC11,Tehran,STOCK::motorcycles_total,325417.6086656498,337177.8227351354,sign_reversed_2021
3,SC11,Tehran,STOCK::transport_financial_balance_IRR,-5793648829388946.0,-1.2427982649238744e+16,sign_reversed_2021
3,SC5,Region 12,CO₂ emissions,216816.9689970948,218813.33959990088,sign_reversed_2021
3,SC5,Region 12,Congestion index,1.0807871527312591,1.0787086162699435,sign_reversed_2021
3,SC5,Region 12,Electricity use,71940604.63228294,74019589.98165949,sign_reversed_2021
3,SC5,Region 12,Final energy,2965509537.1106725,2987164427.313354,sign_reversed_2021
3,SC5,Region 12,Health indicator,364497782024255.2,367634433307861.6,sign_reversed_2021
3,SC5,Region 12,Modal share: car,0.1942469336688752,0.1911784702641568,sign_reversed_2021
3,SC5,Region 12,Modal share: public transport,0.3900856798311104,0.3932851607025219,sign_reversed_2021
3,SC5,Region 12,NOₓ emissions,842.8561442141379,851.7693477868755,sign_reversed_2021
3,SC5,Region 12,PM₂.₅ emissions,27.30255959226206,27.85562796172252,sign_reversed_2021
3,SC5,Region 12,Time loss (car),48102586.79141662,48432198.17576023,sign_reversed_2021
3,SC5,Region 12,PCE-weighted VKT,955189419.0408328,970651112.119685,sign_reversed_2021
3,SC5,Tehran,CO₂ emissions,14780568.16435573,14918548.909877645,sign_reversed_2021
3,SC5,Tehran,Congestion index,0.354493446518473,0.3538116956741703,sign_reversed_2021
3,SC5,Tehran,Electricity use,1435557140.3981793,1629951700.5477288,sign_reversed_2021
3,SC5,Tehran,Final energy,217450925329.4184,218731185658.75235,sign_reversed_2021
3,SC5,Tehran,Health indicator,1.1393144520085218e+16,1.185788177493929e+16,sign_reversed_2021
3,SC5,Tehran,Modal share: car,0.4673992505987931,0.4563147100574854,sign_reversed_2021
3,SC5,Tehran,Modal share: public transport,0.2128673150211024,0.2244593503903487,sign_reversed_2021
3,SC5,Tehran,NOₓ emissions,56460.85063683521,56869.36863705466,sign_reversed_2021
3,SC5,Tehran,PM₂.₅ emissions,1076.8593037931446,1098.4249508864102,sign_reversed_2021
3,SC5,Tehran,Time loss (car),650794370.2099514,652054897.7201151,sign_reversed_2021
3,SC5,Tehran,PCE-weighted VKT,63386155184.8567,64293888415.19218,sign_reversed_2021
3,SC5,Tehran,STOCK::inflation_index_effective,63.87869652292867,142.92185698706032,sign_reversed_2021
3,SC5,Tehran,STOCK::cost_index_rhc_fare,29.51624016041301,60.18207770689028,sign_reversed_2021
3,SC5,Tehran,STOCK::cost_index_bus_fare,84.36487247380374,169.56239313950334,sign_reversed_2021
3,SC5,Tehran,STOCK::cost_index_metro_fare,45.68752260248281,85.07059173023467,sign_reversed_2021
3,SC5,Tehran,STOCK::len_bik,941.660883050843,1278.6481875338736,sign_reversed_2021
3,SC5,Tehran,STOCK::len_brt,154.26881632653323,147.0150000000056,sign_reversed_2021
3,SC5,Tehran,STOCK::len_hwy,2678.5357142857,2865.749999999971,sign_reversed_2021
3,SC5,Tehran,STOCK::len_met,329.4582482993224,371.175,sign_reversed_2021
3,SC5,Tehran,STOCK::population_city,10247236.294626309,10622648.758279014,sign_reversed_2021
3,SC5,Tehran,STOCK::private_cars_total,4192415.099736402,4343924.107633086,sign_reversed_2021
3,SC5,Tehran,STOCK::taxis_total,78784.0,78784.0,sign_reversed_2021
3,SC5,Tehran,STOCK::metro_cars_total,1182.2600000000002,1184.36,sign_reversed_2021
3,SC5,Tehran,STOCK::brts_total,963.0217687074846,999.0376190476236,sign_reversed_2021
3,SC5,Tehran,STOCK::buses_total,2107.78877551022,2206.368571428616,sign_reversed_2021
3,SC5,Tehran,STOCK::motorcycles_total,325417.6086656498,337177.8227351354,sign_reversed_2021
3,SC5,Tehran,STOCK::transport_financial_balance_IRR,-5541431122148317.0,-1.166055906448697e+16,sign_reversed_2021
3,SC6,Region 12,CO₂ emissions,217171.5625176014,219467.43248622492,sign_reversed_2021
3,SC6,Region 12,Congestion index,1.0941471375540162,1.0959657419187314,sign_reversed_2021
3,SC6,Region 12,Electricity use,66628902.17587415,68460153.43187782,sign_reversed_2021
3,SC6,Region 12,Final energy,2996978314.005537,3024391386.2829647,sign_reversed_2021
3,SC6,Region 12,Health indicator,356640924225718.8,350678825018523.6,sign_reversed_2021
3,SC6,Region 12,Modal share: car,0.1963362582069149,0.1930833119104553,sign_reversed_2021
3,SC6,Region 12,Modal share: public transport,0.3767988672212027,0.377906929785863,sign_reversed_2021
3,SC6,Region 12,NOₓ emissions,783.8387362981424,729.479006742621,sign_reversed_2021
3,SC6,Region 12,PM₂.₅ emissions,22.157748670659867,18.56392143954397,sign_reversed_2021
3,SC6,Region 12,Time loss (car),49534873.3544985,50109876.57457682,sign_reversed_2021
3,SC6,Region 12,PCE-weighted VKT,967587870.3674597,983593106.9134924,sign_reversed_2021
3,SC6,Tehran,CO₂ emissions,14825222.378411625,14996761.331275417,sign_reversed_2021
3,SC6,Tehran,Congestion index,0.3588754629527776,0.359471957209276,sign_reversed_2021
3,SC6,Tehran,Electricity use,1244464885.1162934,1409068886.0668414,sign_reversed_2021
3,SC6,Tehran,Final energy,219076562445.6683,221015434368.66248,sign_reversed_2021
3,SC6,Tehran,Health indicator,1.123768308065272e+16,1.1537372902066246e+16,sign_reversed_2021
3,SC6,Tehran,Modal share: car,0.4724245600783937,0.4620439495783401,sign_reversed_2021
3,SC6,Tehran,Modal share: public transport,0.201157506380697,0.2107666464723305,sign_reversed_2021
3,SC6,Tehran,NOₓ emissions,55367.33367442088,54486.4036463204,sign_reversed_2021
3,SC6,Tehran,PM₂.₅ emissions,984.363591812731,931.9956844327576,sign_reversed_2021
3,SC6,Tehran,Time loss (car),666968242.4521517,673586364.6457394,sign_reversed_2021
3,SC6,Tehran,PCE-weighted VKT,64171015427.43884,65322458776.1732,sign_reversed_2021
3,SC6,Tehran,STOCK::inflation_index_effective,63.87869652292867,142.92185698706032,sign_reversed_2021
3,SC6,Tehran,STOCK::cost_index_rhc_fare,29.51624016041301,60.18207770689028,sign_reversed_2021
3,SC6,Tehran,STOCK::cost_index_bus_fare,84.36487247380374,169.56239313950334,sign_reversed_2021
3,SC6,Tehran,STOCK::cost_index_metro_fare,45.68752260248281,85.07059173023467,sign_reversed_2021
3,SC6,Tehran,STOCK::len_bik,941.660883050843,1278.6481875338736,sign_reversed_2021
3,SC6,Tehran,STOCK::len_brt,145.8321428571453,133.6500000000051,sign_reversed_2021
3,SC6,Tehran,STOCK::len_hwy,2678.5357142857,2865.749999999971,sign_reversed_2021
3,SC6,Tehran,STOCK::len_met,320.3214285714312,353.5,sign_reversed_2021
3,SC6,Tehran,STOCK::population_city,10248276.865936136,10625406.018358491,sign_reversed_2021
3,SC6,Tehran,STOCK::private_cars_total,4192415.099736402,4343924.107633086,sign_reversed_2021
3,SC6,Tehran,STOCK::taxis_total,78784.0,78784.0,sign_reversed_2021
3,SC6,Tehran,STOCK::metro_cars_total,1181.0,1181.0,sign_reversed_2021
3,SC6,Tehran,STOCK::brts_total,942.0,942.0,sign_reversed_2021
3,SC6,Tehran,STOCK::buses_total,2047.0,2047.0,sign_reversed_2021
3,SC6,Tehran,STOCK::motorcycles_total,325417.6086656498,337177.8227351354,sign_reversed_2021
3,SC6,Tehran,STOCK::transport_financial_balance_IRR,-5549146117687809.0,-1.1665800757938634e+16,sign_reversed_2021
3,SC8,Region 12,CO₂ emissions,213404.8116447908,213693.52994258693,sign_reversed_2021
3,SC8,Region 12,Congestion index,1.0522310387069482,1.0288557577881123,sign_reversed_2021
3,SC8,Region 12,Electricity use,70969262.89120786,73165949.67364225,sign_reversed_2021
3,SC8,Region 12,Final energy,2917997834.1917105,2913800792.1448383,sign_reversed_2021
3,SC8,Region 12,Health indicator,353396107549406.94,346865185225917.8,sign_reversed_2021
3,SC8,Region 12,Modal share: car,0.1868030239680669,0.1802417712002757,sign_reversed_2021
3,SC8,Region 12,Modal share: public transport,0.4011045973178125,0.4052988788386384,sign_reversed_2021
3,SC8,Region 12,NOₓ emissions,789.4281846684519,751.0316929901898,sign_reversed_2021
3,SC8,Region 12,PM₂.₅ emissions,23.75426066819306,21.64329254781068,sign_reversed_2021
3,SC8,Region 12,Time loss (car),44457520.70638072,42506813.07143109,sign_reversed_2021
3,SC8,Region 12,PCE-weighted VKT,917390688.232128,908984418.5618773,sign_reversed_2021
3,SC8,Tehran,CO₂ emissions,14302966.446238477,14106803.25672906,sign_reversed_2021
3,SC8,Tehran,Congestion index,0.345127166345665,0.3374601767119382,sign_reversed_2021
3,SC8,Tehran,Electricity use,1312981556.4786255,1458408017.0028186,sign_reversed_2021
3,SC8,Tehran,Final energy,210819857084.0,207297646687.8109,sign_reversed_2021
3,SC8,Tehran,Health indicator,1.1114917062660818e+16,1.1341518151003132e+16,sign_reversed_2021
3,SC8,Tehran,Modal share: car,0.4588276724936332,0.4446233207779433,sign_reversed_2021
3,SC8,Tehran,Modal share: public transport,0.2200913469613361,0.2319362581684551,sign_reversed_2021
3,SC8,Tehran,NOₓ emissions,53901.71063863348,52171.0832863554,sign_reversed_2021
3,SC8,Tehran,PM₂.₅ emissions,988.6704732007576,941.1527139161276,sign_reversed_2021
3,SC8,Tehran,Time loss (car),608950238.0556546,579217511.494426,sign_reversed_2021
3,SC8,Tehran,PCE-weighted VKT,61704591991.11919,61322526110.24223,sign_reversed_2021
3,SC8,Tehran,STOCK::inflation_index_effective,63.87869652292867,142.92185698706032,sign_reversed_2021
3,SC8,Tehran,STOCK::cost_index_rhc_fare,29.51624016041301,60.18207770689028,sign_reversed_2021
3,SC8,Tehran,STOCK::cost_index_bus_fare,60.26793001761512,106.36159228555996,sign_reversed_2021
3,SC8,Tehran,STOCK::cost_index_metro_fare,35.161126476087375,58.82076106461197,sign_reversed_2021
3,SC8,Tehran,STOCK::len_bik,941.660883050843,1278.6481875338736,sign_reversed_2021
3,SC8,Tehran,STOCK::len_brt,145.8321428571453,133.6500000000051,sign_reversed_2021
3,SC8,Tehran,STOCK::len_hwy,2678.5357142857,2865.749999999971,sign_reversed_2021
3,SC8,Tehran,STOCK::len_met,320.3214285714312,353.5,sign_reversed_2021
3,SC8,Tehran,STOCK::population_city,10249171.546152394,10627601.33391288,sign_reversed_2021
3,SC8,Tehran,STOCK::private_cars_total,4192415.099736402,4343924.107633086,sign_reversed_2021
3,SC8,Tehran,STOCK::taxis_total,78784.0,78784.0,sign_reversed_2021
3,SC8,Tehran,STOCK::metro_cars_total,1181.0,1181.0,sign_reversed_2021
3,SC8,Tehran,STOCK::brts_total,942.0,942.0,sign_reversed_2021
3,SC8,Tehran,STOCK::buses_total,2047.0,2047.0,sign_reversed_2021
3,SC8,Tehran,STOCK::motorcycles_total,325417.6086656498,337177.8227351354,sign_reversed_2021
3,SC8,Tehran,STOCK::transport_financial_balance_IRR,-5757930335127550.0,-1.2208178006699696e+16,sign_reversed_2021
4,SC0,Region 12,CO₂ emissions,223184.41489274285,226098.225533064,empirical_2022
4,SC0,Region 12,Congestion index,1.13651201181159,1.1642194114679103,empirical_2022
4,SC0,Region 12,Electricity use,84062329.96675901,87264532.7686152,empirical_2022
4,SC0,Region 12,Final energy,3002765819.424497,3032941706.279344,empirical_2022
4,SC0,Region 12,Health indicator,371394680930757.5,378852329103703.75,empirical_2022
4,SC0,Region 12,Modal share: car,0.1969199955267407,0.193438206540328,empirical_2022
4,SC0,Region 12,Modal share: public transport,0.3888688365850769,0.3906253961222062,empirical_2022
4,SC0,Region 12,NOₓ emissions,845.2201639182229,855.9461826473309,empirical_2022
4,SC0,Region 12,PM₂.₅ emissions,28.23029978059012,28.933408738595613,empirical_2022
4,SC0,Region 12,Time loss (car),52631263.06965751,55065021.82466246,empirical_2022
4,SC0,Region 12,PCE-weighted VKT,939348503.8508446,954101225.1995496,empirical_2022
4,SC0,Tehran,CO₂ emissions,15778315.482875736,16382178.169164894,empirical_2022
4,SC0,Tehran,Congestion index,0.3727709559265207,0.3818588615084962,empirical_2022
4,SC0,Tehran,Electricity use,1593138854.8822403,1780043858.4964838,empirical_2022
4,SC0,Tehran,Final energy,231916867515.8921,240228418010.74728,empirical_2022
4,SC0,Tehran,Health indicator,1.1655327052880916e+16,1.228036870675497e+16,empirical_2022
4,SC0,Tehran,Modal share: car,0.5136069787396849,0.5124803096255055,empirical_2022
4,SC0,Tehran,Modal share: public transport,0.1584773480531423,0.1598231843246033,empirical_2022
4,SC0,Tehran,NOₓ emissions,59371.51616366998,61462.82033356921,empirical_2022
4,SC0,Tehran,PM₂.₅ emissions,1106.0829659889616,1149.6711933036704,empirical_2022
4,SC0,Tehran,Time loss (car),749539852.8577634,804531216.178222,empirical_2022
4,SC0,Tehran,PCE-weighted VKT,66665624524.96356,69390558119.90196,empirical_2022
4,SC0,Tehran,STOCK::inflation_index_effective,63.87869652292867,142.92185698706032,empirical_2022
4,SC0,Tehran,STOCK::cost_index_rhc_fare,29.51624016041301,60.18207770689028,empirical_2022
4,SC0,Tehran,STOCK::cost_index_bus_fare,84.36487247380374,169.56239313950334,empirical_2022
4,SC0,Tehran,STOCK::cost_index_metro_fare,45.68752260248281,85.07059173023467,empirical_2022
4,SC0,Tehran,STOCK::len_bik,941.660883050843,1278.6481875338736,empirical_2022
4,SC0,Tehran,STOCK::len_brt,145.8321428571453,133.6500000000051,empirical_2022
4,SC0,Tehran,STOCK::len_hwy,2678.5357142857,2865.749999999971,empirical_2022
4,SC0,Tehran,STOCK::len_met,320.3214285714312,353.5,empirical_2022
4,SC0,Tehran,STOCK::population_city,10243346.219080657,10615749.060324855,empirical_2022
4,SC0,Tehran,STOCK::private_cars_total,4192415.099736402,4343924.107633086,empirical_2022
4,SC0,Tehran,STOCK::taxis_total,78784.0,78784.0,empirical_2022
4,SC0,Tehran,STOCK::metro_cars_total,1181.0,1181.0,empirical_2022
4,SC0,Tehran,STOCK::brts_total,942.0,942.0,empirical_2022
4,SC0,Tehran,STOCK::buses_total,2047.0,2047.0,empirical_2022
4,SC0,Tehran,STOCK::motorcycles_total,325417.6086656498,337177.8227351354,empirical_2022
4,SC0,Tehran,STOCK::transport_financial_balance_IRR,-4295054472254364.0,-8618088982250979.0,empirical_2022
4,SC10,Region 12,CO₂ emissions,217571.69561829983,217816.2835878817,empirical_2022
4,SC10,Region 12,Congestion index,1.0609897893711675,1.0624178423901591,empirical_2022
4,SC10,Region 12,Electricity use,96398212.04756244,101450533.42609994,empirical_2022
4,SC10,Region 12,Final energy,2853349356.2937226,2831171683.928693,empirical_2022
4,SC10,Region 12,Health indicator,349406705187394.8,344242738368151.6,empirical_2022
4,SC10,Region 12,Modal share: car,0.1842297818269264,0.1794543298623552,empirical_2022
4,SC10,Region 12,Modal share: public transport,0.4324708427254259,0.4376842811674854,empirical_2022
4,SC10,Region 12,NOₓ emissions,748.2414573384004,700.3940665862525,empirical_2022
4,SC10,Region 12,PM₂.₅ emissions,22.763946423787512,20.188824986432376,empirical_2022
4,SC10,Region 12,Time loss (car),44357721.79726068,44424585.95818184,empirical_2022
4,SC10,Region 12,PCE-weighted VKT,887019799.5976609,895276487.2714648,empirical_2022
4,SC10,Tehran,CO₂ emissions,14859679.303289652,15021410.261955464,empirical_2022
4,SC10,Tehran,Congestion index,0.3479999981537677,0.348468393281554,empirical_2022
4,SC10,Tehran,Electricity use,2114278102.7354543,2428609241.341897,empirical_2022
4,SC10,Tehran,Final energy,215477726327.4406,216354550808.42825,empirical_2022
4,SC10,Tehran,Health indicator,1.1143099951564522e+16,1.1469890050677116e+16,empirical_2022
4,SC10,Tehran,Modal share: car,0.4616963422398187,0.4520933544188159,empirical_2022
4,SC10,Tehran,Modal share: public transport,0.2175197408006849,0.226384599878484,empirical_2022
4,SC10,Tehran,NOₓ emissions,54179.07880521177,53472.62515115297,empirical_2022
4,SC10,Tehran,PM₂.₅ emissions,994.988537123474,964.1934771678824,empirical_2022
4,SC10,Tehran,Time loss (car),628362283.0827745,634916863.1378456,empirical_2022
4,SC10,Tehran,PCE-weighted VKT,62226349072.62972,63322915177.168205,empirical_2022
4,SC10,Tehran,STOCK::inflation_index_effective,63.87869652292867,142.92185698706032,empirical_2022
4,SC10,Tehran,STOCK::cost_index_rhc_fare,29.51624016041301,60.18207770689028,empirical_2022
4,SC10,Tehran,STOCK::cost_index_bus_fare,60.26793001761512,106.36159228555996,empirical_2022
4,SC10,Tehran,STOCK::cost_index_metro_fare,35.161126476087375,58.82076106461197,empirical_2022
4,SC10,Tehran,STOCK::len_bik,941.660883050843,1278.6481875338736,empirical_2022
4,SC10,Tehran,STOCK::len_brt,154.26881632653323,147.0150000000056,empirical_2022
4,SC10,Tehran,STOCK::len_hwy,2678.5357142857,2865.749999999971,empirical_2022
4,SC10,Tehran,STOCK::len_met,329.4582482993224,371.175,empirical_2022
4,SC10,Tehran,STOCK::population_city,10247197.327560795,10624915.945070677,empirical_2022
4,SC10,Tehran,STOCK::private_cars_total,4192415.099736402,4343924.107633086,empirical_2022
4,SC10,Tehran,STOCK::taxis_total,78784.0,78784.0,empirical_2022
4,SC10,Tehran,STOCK::metro_cars_total,1182.2600000000002,1184.36,empirical_2022
4,SC10,Tehran,STOCK::brts_total,963.0217687074846,999.0376190476236,empirical_2022
4,SC10,Tehran,STOCK::buses_total,2107.78877551022,2206.368571428616,empirical_2022
4,SC10,Tehran,STOCK::motorcycles_total,325417.6086656498,337177.8227351354,empirical_2022
4,SC10,Tehran,STOCK::transport_financial_balance_IRR,-4933387513645747.0,-1.0399412331767994e+16,empirical_2022
4,SC11,Region 12,CO₂ emissions,217871.11853796657,215632.67235492065,empirical_2022
4,SC11,Region 12,Congestion index,1.0555011858442416,1.0340837232282587,empirical_2022
4,SC11,Region 12,Electricity use,92405944.89059326,99050902.73730844,empirical_2022
4,SC11,Region 12,Final energy,2877527742.4579024,2809923836.5977426,empirical_2022
4,SC11,Region 12,Health indicator,351312261131356.1,343573455814496.25,empirical_2022
4,SC11,Region 12,Modal share: car,0.1848648251401732,0.1729769372378551,empirical_2022
4,SC11,Region 12,Modal share: public transport,0.4187250716654133,0.4309491511208996,empirical_2022
4,SC11,Region 12,NOₓ emissions,769.2789189381143,720.4184810075556,empirical_2022
4,SC11,Region 12,PM₂.₅ emissions,24.102937171430693,22.158527199322293,empirical_2022
4,SC11,Region 12,Time loss (car),44190267.832057394,41106468.19959208,empirical_2022
4,SC11,Region 12,PCE-weighted VKT,894250462.5180558,879656637.4040427,empirical_2022
4,SC11,Tehran,CO₂ emissions,14682862.294178912,14513325.426640907,empirical_2022
4,SC11,Tehran,Congestion index,0.3461997602661165,0.3391749264501022,empirical_2022
4,SC11,Tehran,Electricity use,1994156393.594708,2334889953.576177,empirical_2022
4,SC11,Tehran,Final energy,213406187141.8314,209166252359.57864,empirical_2022
4,SC11,Tehran,Health indicator,1.1126466871748272e+16,1.1358790984555476e+16,empirical_2022
4,SC11,Tehran,Modal share: car,0.4615658491014924,0.4424915835550382,empirical_2022
4,SC11,Tehran,Modal share: public transport,0.209412777863781,0.2252005233018079,empirical_2022
4,SC11,Tehran,NOₓ emissions,53947.690079026615,52192.45000379959,empirical_2022
4,SC11,Tehran,PM₂.₅ emissions,1002.0225018723088,967.0312766462056,empirical_2022
4,SC11,Tehran,Time loss (car),618355840.6642234,590479464.3987342,empirical_2022
4,SC11,Tehran,PCE-weighted VKT,61905697939.05073,61640339034.263374,empirical_2022
4,SC11,Tehran,STOCK::inflation_index_effective,63.87869652292867,142.92185698706032,empirical_2022
4,SC11,Tehran,STOCK::cost_index_rhc_fare,29.51624016041301,60.18207770689028,empirical_2022
4,SC11,Tehran,STOCK::cost_index_bus_fare,73.20148381975896,138.2037519536843,empirical_2022
4,SC11,Tehran,STOCK::cost_index_metro_fare,45.68752260248281,85.07059173023467,empirical_2022
4,SC11,Tehran,STOCK::len_bik,942.1264620910188,1279.6121453740336,empirical_2022
4,SC11,Tehran,STOCK::len_brt,154.26881632653323,147.0150000000056,empirical_2022
4,SC11,Tehran,STOCK::len_hwy,2678.5357142857,2865.749999999971,empirical_2022
4,SC11,Tehran,STOCK::len_met,329.4582482993224,371.175,empirical_2022
4,SC11,Tehran,STOCK::population_city,10247091.956237243,10625181.713294078,empirical_2022
4,SC11,Tehran,STOCK::private_cars_total,4192415.099736402,4343924.107633086,empirical_2022
4,SC11,Tehran,STOCK::taxis_total,78784.0,78784.0,empirical_2022
4,SC11,Tehran,STOCK::metro_cars_total,1182.2600000000002,1184.36,empirical_2022
4,SC11,Tehran,STOCK::brts_total,963.0217687074846,999.0376190476236,empirical_2022
4,SC11,Tehran,STOCK::buses_total,2107.78877551022,2206.368571428616,empirical_2022
4,SC11,Tehran,STOCK::motorcycles_total,325417.6086656498,337177.8227351354,empirical_2022
4,SC11,Tehran,STOCK::transport_financial_balance_IRR,-4847507120220462.0,-1.0191989027595726e+16,empirical_2022
4,SC5,Region 12,CO₂ emissions,221325.03190122813,223452.48892398807,empirical_2022
4,SC5,Region 12,Congestion index,1.0790468383681238,1.0820126092349411,empirical_2022
4,SC5,Region 12,Electricity use,89556802.57185607,93014483.51654837,empirical_2022
4,SC5,Region 12,Final energy,2947081958.49431,2964046396.9842944,empirical_2022
4,SC5,Region 12,Health indicator,362431055683865.9,366017477508613.44,empirical_2022
4,SC5,Region 12,Modal share: car,0.1922949630053882,0.188586365299578,empirical_2022
4,SC5,Region 12,Modal share: public transport,0.4102724773106451,0.4151773716872489,empirical_2022
4,SC5,Region 12,NOₓ emissions,826.0468115483591,832.8020472493191,empirical_2022
4,SC5,Region 12,PM₂.₅ emissions,27.441478142131583,27.975057287816675,empirical_2022
4,SC5,Region 12,Time loss (car),47495095.90464198,47998028.8043154,empirical_2022
4,SC5,Region 12,PCE-weighted VKT,917468320.6247196,929100946.198571,empirical_2022
4,SC5,Tehran,CO₂ emissions,15061439.314805904,15293760.486416638,empirical_2022
4,SC5,Tehran,Congestion index,0.3539226310391675,0.3548953908776847,empirical_2022
4,SC5,Tehran,Electricity use,1889857582.7275748,2118591598.1192,empirical_2022
4,SC5,Tehran,Final energy,219823707299.1468,222378747034.6732,empirical_2022
4,SC5,Tehran,Health indicator,1.1381936436592284e+16,1.1870605634232354e+16,empirical_2022
4,SC5,Tehran,Modal share: car,0.4714745449069723,0.4618974582028554,empirical_2022
4,SC5,Tehran,Modal share: public transport,0.2014662742535058,0.2108107805078529,empirical_2022
4,SC5,Tehran,NOₓ emissions,56370.69569864725,57038.30401750351,empirical_2022
4,SC5,Tehran,PM₂.₅ emissions,1073.5273370580046,1098.8434973599483,empirical_2022
4,SC5,Tehran,Time loss (car),653232839.0451062,662871290.1783135,empirical_2022
4,SC5,Tehran,PCE-weighted VKT,63286052639.50805,64490815140.17811,empirical_2022
4,SC5,Tehran,STOCK::inflation_index_effective,63.87869652292867,142.92185698706032,empirical_2022
4,SC5,Tehran,STOCK::cost_index_rhc_fare,29.51624016041301,60.18207770689028,empirical_2022
4,SC5,Tehran,STOCK::cost_index_bus_fare,84.36487247380374,169.56239313950334,empirical_2022
4,SC5,Tehran,STOCK::cost_index_metro_fare,45.68752260248281,85.07059173023467,empirical_2022
4,SC5,Tehran,STOCK::len_bik,941.660883050843,1278.6481875338736,empirical_2022
4,SC5,Tehran,STOCK::len_brt,154.26881632653323,147.0150000000056,empirical_2022
4,SC5,Tehran,STOCK::len_hwy,2678.5357142857,2865.749999999971,empirical_2022
4,SC5,Tehran,STOCK::len_met,329.4582482993224,371.175,empirical_2022
4,SC5,Tehran,STOCK::population_city,10245381.551531496,10620642.554197695,empirical_2022
4,SC5,Tehran,STOCK::private_cars_total,4192415.099736402,4343924.107633086,empirical_2022
4,SC5,Tehran,STOCK::taxis_total,78784.0,78784.0,empirical_2022
4,SC5,Tehran,STOCK::metro_cars_total,1182.2600000000002,1184.36,empirical_2022
4,SC5,Tehran,STOCK::brts_total,963.0217687074846,999.0376190476236,empirical_2022
4,SC5,Tehran,STOCK::buses_total,2107.78877551022,2206.368571428616,empirical_2022
4,SC5,Tehran,STOCK::motorcycles_total,325417.6086656498,337177.8227351354,empirical_2022
4,SC5,Tehran,STOCK::transport_financial_balance_IRR,-4699758105786927.0,-9740537989822484.0,empirical_2022
4,SC6,Region 12,CO₂ emissions,221885.4316659696,224410.27306579327,empirical_2022
4,SC6,Region 12,Congestion index,1.098529480441013,1.1068149965521628,empirical_2022
4,SC6,Region 12,Electricity use,83307112.77779332,86385292.90230623,empirical_2022
4,SC6,Region 12,Final energy,2986101403.8567963,3010919819.9964366,empirical_2022
4,SC6,Region 12,Health indicator,355945363494294.56,351126813258808.5,empirical_2022
4,SC6,Region 12,Modal share: car,0.1953203539324807,0.1915577474457037,empirical_2022
4,SC6,Region 12,Modal share: public transport,0.3940024720014073,0.3965106561228727,empirical_2022
4,SC6,Region 12,NOₓ emissions,772.7049120579087,719.911588047431,empirical_2022
4,SC6,Region 12,PM₂.₅ emissions,22.46479935405376,18.969324651690343,empirical_2022
4,SC6,Region 12,Time loss (car),49569159.05089598,50465966.13593382,empirical_2022
4,SC6,Region 12,PCE-weighted VKT,934362140.7431304,947541980.2647268,empirical_2022
4,SC6,Tehran,CO₂ emissions,15156523.385702517,15438592.032254642,empirical_2022
4,SC6,Tehran,Congestion index,0.3603128522018183,0.3630304651517902,empirical_2022
4,SC6,Tehran,Electricity use,1645433355.9326406,1836131488.6815083,empirical_2022
4,SC6,Tehran,Final energy,222478376516.45383,225976309689.0943,empirical_2022
4,SC6,Tehran,Health indicator,1.1264061984276638e+16,1.1609564186059574e+16,empirical_2022
4,SC6,Tehran,Modal share: car,0.4797292601978554,0.4711112334846594,empirical_2022
4,SC6,Tehran,Modal share: public transport,0.1842441267059035,0.1911354793641978,empirical_2022
4,SC6,Tehran,NOₓ emissions,55645.79599435045,55207.90086560581,empirical_2022
4,SC6,Tehran,PM₂.₅ emissions,990.247141315417,949.0162468211806,empirical_2022
4,SC6,Tehran,Time loss (car),678054375.1069748,695525573.9212894,empirical_2022
4,SC6,Tehran,PCE-weighted VKT,64430522532.16455,65969103065.71439,empirical_2022
4,SC6,Tehran,STOCK::inflation_index_effective,63.87869652292867,142.92185698706032,empirical_2022
4,SC6,Tehran,STOCK::cost_index_rhc_fare,29.51624016041301,60.18207770689028,empirical_2022
4,SC6,Tehran,STOCK::cost_index_bus_fare,84.36487247380374,169.56239313950334,empirical_2022
4,SC6,Tehran,STOCK::cost_index_metro_fare,45.68752260248281,85.07059173023467,empirical_2022
4,SC6,Tehran,STOCK::len_bik,941.660883050843,1278.6481875338736,empirical_2022
4,SC6,Tehran,STOCK::len_brt,145.8321428571453,133.6500000000051,empirical_2022
4,SC6,Tehran,STOCK::len_hwy,2678.5357142857,2865.749999999971,empirical_2022
4,SC6,Tehran,STOCK::len_met,320.3214285714312,353.5,empirical_2022
4,SC6,Tehran,STOCK::population_city,10246136.293090018,10622727.030903157,empirical_2022
4,SC6,Tehran,STOCK::private_cars_total,4192415.099736402,4343924.107633086,empirical_2022
4,SC6,Tehran,STOCK::taxis_total,78784.0,78784.0,empirical_2022
4,SC6,Tehran,STOCK::metro_cars_total,1181.0,1181.0,empirical_2022
4,SC6,Tehran,STOCK::brts_total,942.0,942.0,empirical_2022
4,SC6,Tehran,STOCK::buses_total,2047.0,2047.0,empirical_2022
4,SC6,Tehran,STOCK::motorcycles_total,325417.6086656498,337177.8227351354,empirical_2022
4,SC6,Tehran,STOCK::transport_financial_balance_IRR,-4672220598822194.0,-9656245545570226.0,empirical_2022
4,SC8,Region 12,CO₂ emissions,218337.6674871836,218739.35422990244,empirical_2022
4,SC8,Region 12,Congestion index,1.0572219252392774,1.040431447751383,empirical_2022
4,SC8,Region 12,Electricity use,88609203.96634914,92113993.83076288,empirical_2022
4,SC8,Region 12,Final energy,2906113855.214967,2897205947.034171,empirical_2022
4,SC8,Region 12,Health indicator,352485460572793.0,346950312474269.9,empirical_2022
4,SC8,Region 12,Modal share: car,0.185532034191427,0.1782834690322419,empirical_2022
4,SC8,Region 12,Modal share: public transport,0.4189009920947329,0.425033332235395,empirical_2022
4,SC8,Region 12,NOₓ emissions,776.0428318334059,737.8242675359364,empirical_2022
4,SC8,Region 12,PM₂.₅ emissions,24.00824656709288,21.961090022228262,empirical_2022
4,SC8,Region 12,Time loss (car),44450253.60684024,42760619.59657747,empirical_2022
4,SC8,Region 12,PCE-weighted VKT,883425329.4361893,872013278.8982496,empirical_2022
4,SC8,Tehran,CO₂ emissions,14658802.228172274,14572935.390755069,empirical_2022
4,SC8,Tehran,Congestion index,0.3467641552417273,0.3412569522570019,empirical_2022
4,SC8,Tehran,Electricity use,1745383261.0778625,1914510817.4191868,empirical_2022
4,SC8,Tehran,Final energy,214446109107.51904,212487866059.3664,empirical_2022
4,SC8,Tehran,Health indicator,1.1139360960946756e+16,1.1408191163754176e+16,empirical_2022
4,SC8,Tehran,Modal share: car,0.466975610329841,0.4545887054568862,empirical_2022
4,SC8,Tehran,Modal share: public transport,0.201738041088076,0.2106529997706989,empirical_2022
4,SC8,Tehran,NOₓ emissions,54164.33268110002,52848.1695135816,empirical_2022
4,SC8,Tehran,PM₂.₅ emissions,993.162048579886,954.7760515654631,empirical_2022
4,SC8,Tehran,Time loss (car),620252541.4603499,600618598.7788299,empirical_2022
4,SC8,Tehran,PCE-weighted VKT,61999869368.63121,62012467868.00894,empirical_2022
4,SC8,Tehran,STOCK::inflation_index_effective,63.87869652292867,142.92185698706032,empirical_2022
4,SC8,Tehran,STOCK::cost_index_rhc_fare,29.51624016041301,60.18207770689028,empirical_2022
4,SC8,Tehran,STOCK::cost_index_bus_fare,60.26793001761512,106.36159228555996,empirical_2022
4,SC8,Tehran,STOCK::cost_index_metro_fare,35.161126476087375,58.82076106461197,empirical_2022
4,SC8,Tehran,STOCK::len_bik,941.660883050843,1278.6481875338736,empirical_2022
4,SC8,Tehran,STOCK::len_brt,145.8321428571453,133.6500000000051,empirical_2022
4,SC8,Tehran,STOCK::len_hwy,2678.5357142857,2865.749999999971,empirical_2022
4,SC8,Tehran,STOCK::len_met,320.3214285714312,353.5,empirical_2022
4,SC8,Tehran,STOCK::population_city,10247045.126786176,10624956.958504856,empirical_2022
4,SC8,Tehran,STOCK::private_cars_total,4192415.099736402,4343924.107633086,empirical_2022
4,SC8,Tehran,STOCK::taxis_total,78784.0,78784.0,empirical_2022
4,SC8,Tehran,STOCK::metro_cars_total,1181.0,1181.0,empirical_2022
4,SC8,Tehran,STOCK::brts_total,942.0,942.0,empirical_2022
4,SC8,Tehran,STOCK::buses_total,2047.0,2047.0,empirical_2022
4,SC8,Tehran,STOCK::motorcycles_total,325417.6086656498,337177.8227351354,empirical_2022
4,SC8,Tehran,STOCK::transport_financial_balance_IRR,-4818995707616792.0,-1.0040521852016492e+16,empirical_2022
5,SC0,Region 12,CO₂ emissions,240115.7215518149,244664.61484843105,sign_reversed_2022
5,SC0,Region 12,Congestion index,1.287538659341943,1.3170615761860482,sign_reversed_2022
5,SC0,Region 12,Electricity use,48563795.6087903,49832126.301900566,sign_reversed_2022
5,SC0,Region 12,Final energy,3434355681.36601,3498296455.259106,sign_reversed_2022
5,SC0,Region 12,Health indicator,404417884624138.5,413058112929589.94,sign_reversed_2022
5,SC0,Region 12,Modal share: car,0.2404334157873611,0.2390303857156403,sign_reversed_2022
5,SC0,Region 12,Modal share: public transport,0.2708701454806444,0.268804216060428,sign_reversed_2022
5,SC0,Region 12,NOₓ emissions,973.9163910061374,994.8081498652562,sign_reversed_2022
5,SC0,Region 12,PM₂.₅ emissions,30.77340363974004,31.693174773136302,sign_reversed_2022
5,SC0,Region 12,Time loss (car),78001095.93800147,82412711.2626313,sign_reversed_2022
5,SC0,Region 12,PCE-weighted VKT,1114388458.0459635,1141879019.7558908,sign_reversed_2022
5,SC0,Tehran,CO₂ emissions,17923832.6457958,18573092.648382,sign_reversed_2022
5,SC0,Tehran,Congestion index,0.4223070340191123,0.4319904212770913,sign_reversed_2022
5,SC0,Tehran,Electricity use,931099497.4174504,1110947326.9148672,sign_reversed_2022
5,SC0,Tehran,Final energy,266599133967.19235,275607276057.4151,sign_reversed_2022
5,SC0,Tehran,Health indicator,1.2402544177309892e+16,1.305243187032547e+16,sign_reversed_2022
5,SC0,Tehran,Modal share: car,0.6201181388741164,0.6194726286333841,sign_reversed_2022
5,SC0,Tehran,Modal share: public transport,0.0960892678172316,0.0968719198453476,sign_reversed_2022
5,SC0,Tehran,NOₓ emissions,68265.58755138227,70531.43327135216,sign_reversed_2022
5,SC0,Tehran,PM₂.₅ emissions,1190.754877951575,1235.8971392830897,sign_reversed_2022
5,SC0,Tehran,Time loss (car),1060070952.87696,1134352101.7823572,sign_reversed_2022
5,SC0,Tehran,PCE-weighted VKT,75524341756.99423,78500355645.67351,sign_reversed_2022
5,SC0,Tehran,STOCK::inflation_index_effective,63.87869652292867,142.92185698706032,sign_reversed_2022
5,SC0,Tehran,STOCK::cost_index_rhc_fare,29.51624016041301,60.18207770689028,sign_reversed_2022
5,SC0,Tehran,STOCK::cost_index_bus_fare,84.36487247380374,169.56239313950334,sign_reversed_2022
5,SC0,Tehran,STOCK::cost_index_metro_fare,45.68752260248281,85.07059173023467,sign_reversed_2022
5,SC0,Tehran,STOCK::len_bik,941.660883050843,1278.6481875338736,sign_reversed_2022
5,SC0,Tehran,STOCK::len_brt,145.8321428571453,133.6500000000051,sign_reversed_2022
5,SC0,Tehran,STOCK::len_hwy,2678.5357142857,2865.749999999971,sign_reversed_2022
5,SC0,Tehran,STOCK::len_met,320.3214285714312,353.5,sign_reversed_2022
5,SC0,Tehran,STOCK::population_city,10215867.631050656,10580908.856667863,sign_reversed_2022
5,SC0,Tehran,STOCK::private_cars_total,4192415.099736402,4343924.107633086,sign_reversed_2022
5,SC0,Tehran,STOCK::taxis_total,78784.0,78784.0,sign_reversed_2022
5,SC0,Tehran,STOCK::metro_cars_total,1181.0,1181.0,sign_reversed_2022
5,SC0,Tehran,STOCK::brts_total,942.0,942.0,sign_reversed_2022
5,SC0,Tehran,STOCK::buses_total,2047.0,2047.0,sign_reversed_2022
5,SC0,Tehran,STOCK::motorcycles_total,325417.6086656498,337177.8227351354,sign_reversed_2022
5,SC0,Tehran,STOCK::transport_financial_balance_IRR,-3919639342806721.0,-7737235457718690.0,sign_reversed_2022
5,SC10,Region 12,CO₂ emissions,234199.8973329877,235694.02605792688,sign_reversed_2022
5,SC10,Region 12,Congestion index,1.226473107285963,1.2326404846233576,sign_reversed_2022
5,SC10,Region 12,Electricity use,58842788.23783556,62300308.0583942,sign_reversed_2022
5,SC10,Region 12,Final energy,3289458289.975987,3292993969.721551,sign_reversed_2022
5,SC10,Region 12,Health indicator,384410566340011.6,380593090611907.75,sign_reversed_2022
5,SC10,Region 12,Modal share: car,0.228607672732097,0.2251595502516818,sign_reversed_2022
5,SC10,Region 12,Modal share: public transport,0.3087008687857651,0.3095688233961096,sign_reversed_2022
5,SC10,Region 12,NOₓ emissions,869.9942748456298,821.3237227713602,sign_reversed_2022
5,SC10,Region 12,PM₂.₅ emissions,24.584786144625188,21.588628552705533,sign_reversed_2022
5,SC10,Region 12,Time loss (car),68731378.57291594,70007251.92221291,sign_reversed_2022
5,SC10,Region 12,PCE-weighted VKT,1070733847.9188778,1091583691.7387235,sign_reversed_2022
5,SC10,Tehran,CO₂ emissions,17037879.765805773,17283177.293779504,sign_reversed_2022
5,SC10,Tehran,Congestion index,0.4022778007355999,0.4043006734564572,sign_reversed_2022
5,SC10,Tehran,Electricity use,1246289975.304324,1520909877.0135393,sign_reversed_2022
5,SC10,Tehran,Final energy,251677503211.364,254012187039.8996,sign_reversed_2022
5,SC10,Tehran,Health indicator,1.1961231967100076e+16,1.235266478600386e+16,sign_reversed_2022
5,SC10,Tehran,Modal share: car,0.5727512999511567,0.5643407286284441,sign_reversed_2022
5,SC10,Tehran,Modal share: public transport,0.1435007442440317,0.1507858326524039,sign_reversed_2022
5,SC10,Tehran,NOₓ emissions,63644.35874957726,63391.85730152775,sign_reversed_2022
5,SC10,Tehran,PM₂.₅ emissions,1087.0207508023882,1063.2852417795448,sign_reversed_2022
5,SC10,Tehran,Time loss (car),930966703.3108056,951611657.9286318,sign_reversed_2022
5,SC10,Tehran,PCE-weighted VKT,71933666320.76369,73468635161.61086,sign_reversed_2022
5,SC10,Tehran,STOCK::inflation_index_effective,63.87869652292867,142.92185698706032,sign_reversed_2022
5,SC10,Tehran,STOCK::cost_index_rhc_fare,29.51624016041301,60.18207770689028,sign_reversed_2022
5,SC10,Tehran,STOCK::cost_index_bus_fare,60.26793001761512,106.36159228555996,sign_reversed_2022
5,SC10,Tehran,STOCK::cost_index_metro_fare,35.161126476087375,58.82076106461197,sign_reversed_2022
5,SC10,Tehran,STOCK::len_bik,941.660883050843,1278.6481875338736,sign_reversed_2022
5,SC10,Tehran,STOCK::len_brt,154.26881632653323,147.0150000000056,sign_reversed_2022
5,SC10,Tehran,STOCK::len_hwy,2678.5357142857,2865.749999999971,sign_reversed_2022
5,SC10,Tehran,STOCK::len_met,329.4582482993224,371.175,sign_reversed_2022
5,SC10,Tehran,STOCK::population_city,10219155.06222267,10588810.19538837,sign_reversed_2022
5,SC10,Tehran,STOCK::private_cars_total,4192415.099736402,4343924.107633086,sign_reversed_2022
5,SC10,Tehran,STOCK::taxis_total,78784.0,78784.0,sign_reversed_2022
5,SC10,Tehran,STOCK::metro_cars_total,1182.2600000000002,1184.36,sign_reversed_2022
5,SC10,Tehran,STOCK::brts_total,963.0217687074846,999.0376190476236,sign_reversed_2022
5,SC10,Tehran,STOCK::buses_total,2107.78877551022,2206.368571428616,sign_reversed_2022
5,SC10,Tehran,STOCK::motorcycles_total,325417.6086656498,337177.8227351354,sign_reversed_2022
5,SC10,Tehran,STOCK::transport_financial_balance_IRR,-4555029349456063.0,-9497943504649408.0,sign_reversed_2022
5,SC11,Region 12,CO₂ emissions,234208.59787138592,232852.8977049176,sign_reversed_2022
5,SC11,Region 12,Congestion index,1.2151151955656547,1.197903456028416,sign_reversed_2022
5,SC11,Region 12,Electricity use,55351274.36689275,59612477.9413022,sign_reversed_2022
5,SC11,Region 12,Final energy,3306818371.5305414,3263165979.0520515,sign_reversed_2022
5,SC11,Region 12,Health indicator,385624423385156.56,379464917350711.3,sign_reversed_2022
5,SC11,Region 12,Modal share: car,0.2281003090241689,0.2170205730115803,sign_reversed_2022
5,SC11,Region 12,Modal share: public transport,0.2961005821231964,0.3021908709800314,sign_reversed_2022
5,SC11,Region 12,NOₓ emissions,891.6933176149266,844.4003043075585,sign_reversed_2022
5,SC11,Region 12,PM₂.₅ emissions,26.14013008853535,23.97404866138252,sign_reversed_2022
5,SC11,Region 12,Time loss (car),67606576.08031453,64554834.21733079,sign_reversed_2022
5,SC11,Region 12,PCE-weighted VKT,1073231121.9139302,1070703524.8314766,sign_reversed_2022
5,SC11,Tehran,CO₂ emissions,16810227.094760235,16699633.822449876,sign_reversed_2022
5,SC11,Tehran,Congestion index,0.3985524554992047,0.3929070804096554,sign_reversed_2022
5,SC11,Tehran,Electricity use,1178051855.6249568,1467372521.0345426,sign_reversed_2022
5,SC11,Tehran,Final energy,248594913916.57883,245514828282.357,sign_reversed_2022
5,SC11,Tehran,Health indicator,1.191948166712893e+16,1.2211197882140422e+16,sign_reversed_2022
5,SC11,Tehran,Modal share: car,0.5709959260244831,0.5536040371888165,sign_reversed_2022
5,SC11,Tehran,Modal share: public transport,0.138649942769486,0.1511644380742036,sign_reversed_2022
5,SC11,Tehran,NOₓ emissions,63119.86292552853,61724.82584528187,sign_reversed_2022
5,SC11,Tehran,PM₂.₅ emissions,1090.6401477052875,1061.013965634569,sign_reversed_2022
5,SC11,Tehran,Time loss (car),908074973.9788238,883213308.3919238,sign_reversed_2022
5,SC11,Tehran,PCE-weighted VKT,71269879455.75624,71405412831.94385,sign_reversed_2022
5,SC11,Tehran,STOCK::inflation_index_effective,63.87869652292867,142.92185698706032,sign_reversed_2022
5,SC11,Tehran,STOCK::cost_index_rhc_fare,29.51624016041301,60.18207770689028,sign_reversed_2022
5,SC11,Tehran,STOCK::cost_index_bus_fare,73.20148381975896,138.2037519536843,sign_reversed_2022
5,SC11,Tehran,STOCK::cost_index_metro_fare,45.68752260248281,85.07059173023467,sign_reversed_2022
5,SC11,Tehran,STOCK::len_bik,942.1264620910188,1279.6121453740336,sign_reversed_2022
5,SC11,Tehran,STOCK::len_brt,154.26881632653323,147.0150000000056,sign_reversed_2022
5,SC11,Tehran,STOCK::len_hwy,2678.5357142857,2865.749999999971,sign_reversed_2022
5,SC11,Tehran,STOCK::len_met,329.4582482993224,371.175,sign_reversed_2022
5,SC11,Tehran,STOCK::population_city,10219268.98721039,10589530.754603218,sign_reversed_2022
5,SC11,Tehran,STOCK::private_cars_total,4192415.099736402,4343924.107633086,sign_reversed_2022
5,SC11,Tehran,STOCK::taxis_total,78784.0,78784.0,sign_reversed_2022
5,SC11,Tehran,STOCK::metro_cars_total,1182.2600000000002,1184.36,sign_reversed_2022
5,SC11,Tehran,STOCK::brts_total,963.0217687074846,999.0376190476236,sign_reversed_2022
5,SC11,Tehran,STOCK::buses_total,2107.78877551022,2206.368571428616,sign_reversed_2022
5,SC11,Tehran,STOCK::motorcycles_total,325417.6086656498,337177.8227351354,sign_reversed_2022
5,SC11,Tehran,STOCK::transport_financial_balance_IRR,-4492688072313020.0,-9357068447285648.0,sign_reversed_2022
5,SC5,Region 12,CO₂ emissions,238238.9507748485,242071.4339718312,sign_reversed_2022
5,SC5,Region 12,Congestion index,1.2399504156897152,1.247741953618382,sign_reversed_2022
5,SC5,Region 12,Electricity use,52336034.69718193,53456012.080024414,sign_reversed_2022
5,SC5,Region 12,Final energy,3386834012.929087,3440874647.32766,sign_reversed_2022
5,SC5,Region 12,Health indicator,397083521767472.94,402530127890042.3,sign_reversed_2022
5,SC5,Region 12,Modal share: car,0.2366415914773394,0.2349830063472708,sign_reversed_2022
5,SC5,Region 12,Modal share: public transport,0.2878006073048097,0.2872228777957831,sign_reversed_2022
5,SC5,Region 12,NOₓ emissions,958.0982523948323,976.013602170774,sign_reversed_2022
5,SC5,Region 12,PM₂.₅ emissions,30.083402622463293,30.86246588195101,sign_reversed_2022
5,SC5,Region 12,Time loss (car),72370281.89639607,74456929.04485206,sign_reversed_2022
5,SC5,Region 12,PCE-weighted VKT,1099103515.7256656,1125496346.770363,sign_reversed_2022
5,SC5,Tehran,CO₂ emissions,17213107.750569504,17522622.886019815,sign_reversed_2022
5,SC5,Tehran,Congestion index,0.4066982987899717,0.4092538890623325,sign_reversed_2022
5,SC5,Tehran,Electricity use,1091307311.762513,1291118872.2754743,sign_reversed_2022
5,SC5,Tehran,Final energy,255242696226.0602,259075622636.8356,sign_reversed_2022
5,SC5,Tehran,Health indicator,1.2162225465992932e+16,1.2695839758580452e+16,sign_reversed_2022
5,SC5,Tehran,Modal share: car,0.5808578938927731,0.5727428066491602,sign_reversed_2022
5,SC5,Tehran,Modal share: public transport,0.131886519830898,0.1393240796540723,sign_reversed_2022
5,SC5,Tehran,NOₓ emissions,65527.501723032445,66524.87358139937,sign_reversed_2022
5,SC5,Tehran,PM₂.₅ emissions,1159.411913002221,1188.048803319441,sign_reversed_2022
5,SC5,Tehran,Time loss (car),955348798.449522,980001926.2304012,sign_reversed_2022
5,SC5,Tehran,PCE-weighted VKT,72724793211.37717,74368722680.91608,sign_reversed_2022
5,SC5,Tehran,STOCK::inflation_index_effective,63.87869652292867,142.92185698706032,sign_reversed_2022
5,SC5,Tehran,STOCK::cost_index_rhc_fare,29.51624016041301,60.18207770689028,sign_reversed_2022
5,SC5,Tehran,STOCK::cost_index_bus_fare,84.36487247380374,169.56239313950334,sign_reversed_2022
5,SC5,Tehran,STOCK::cost_index_metro_fare,45.68752260248281,85.07059173023467,sign_reversed_2022
5,SC5,Tehran,STOCK::len_bik,941.660883050843,1278.6481875338736,sign_reversed_2022
5,SC5,Tehran,STOCK::len_brt,154.26881632653323,147.0150000000056,sign_reversed_2022
5,SC5,Tehran,STOCK::len_hwy,2678.5357142857,2865.749999999971,sign_reversed_2022
5,SC5,Tehran,STOCK::len_met,329.4582482993224,371.175,sign_reversed_2022
5,SC5,Tehran,STOCK::population_city,10217642.304567482,10585212.8155119,sign_reversed_2022
5,SC5,Tehran,STOCK::private_cars_total,4192415.099736402,4343924.107633086,sign_reversed_2022
5,SC5,Tehran,STOCK::taxis_total,78784.0,78784.0,sign_reversed_2022
5,SC5,Tehran,STOCK::metro_cars_total,1182.2600000000002,1184.36,sign_reversed_2022
5,SC5,Tehran,STOCK::brts_total,963.0217687074846,999.0376190476236,sign_reversed_2022
5,SC5,Tehran,STOCK::buses_total,2107.78877551022,2206.368571428616,sign_reversed_2022
5,SC5,Tehran,STOCK::motorcycles_total,325417.6086656498,337177.8227351354,sign_reversed_2022
5,SC5,Tehran,STOCK::transport_financial_balance_IRR,-4348615238365268.0,-8915609197032979.0,sign_reversed_2022
5,SC6,Region 12,CO₂ emissions,238738.3694971116,242837.63617125672,sign_reversed_2022
5,SC6,Region 12,Congestion index,1.2514453991191523,1.2627833498981011,sign_reversed_2022
5,SC6,Region 12,Electricity use,48110698.86709348,49281546.92676573,sign_reversed_2022
5,SC6,Region 12,Final energy,3415157522.900014,3473031644.122486,sign_reversed_2022
5,SC6,Region 12,Health indicator,388827298564410.1,385107684466792.0,sign_reversed_2022
5,SC6,Region 12,Modal share: car,0.2383958430984148,0.2365329704005168,sign_reversed_2022
5,SC6,Region 12,Modal share: public transport,0.2765515324140246,0.2748988832879225,sign_reversed_2022
5,SC6,Region 12,NOₓ emissions,888.550034343102,834.6932197904123,sign_reversed_2022
5,SC6,Region 12,PM₂.₅ emissions,24.020609151247232,19.99693708933486,sign_reversed_2022
5,SC6,Region 12,Time loss (car),73960682.00399736,76359124.73685743,sign_reversed_2022
5,SC6,Region 12,PCE-weighted VKT,1108245387.6620984,1134173219.7811284,sign_reversed_2022
5,SC6,Tehran,CO₂ emissions,17273710.743065104,17618551.479924623,sign_reversed_2022
5,SC6,Tehran,Congestion index,0.4104686029458607,0.4141874010810247,sign_reversed_2022
5,SC6,Tehran,Electricity use,950889057.525554,1128087771.871734,sign_reversed_2022
5,SC6,Tehran,Final energy,256853436168.9832,261333162969.64648,sign_reversed_2022
5,SC6,Tehran,Health indicator,1.2039752730506594e+16,1.2443875954558958e+16,sign_reversed_2022
5,SC6,Tehran,Modal share: car,0.585992303795364,0.5786214163029502,sign_reversed_2022
5,SC6,Tehran,Modal share: public transport,0.1222289447117262,0.1280648418744249,sign_reversed_2022
5,SC6,Tehran,NOₓ emissions,64665.84304849344,64625.83256348297,sign_reversed_2022
5,SC6,Tehran,PM₂.₅ emissions,1080.8729059241955,1047.907608447101,sign_reversed_2022
5,SC6,Tehran,Time loss (car),974079934.2248796,1005427957.8000348,sign_reversed_2022
5,SC6,Tehran,PCE-weighted VKT,73400177714.07906,75265229707.40204,sign_reversed_2022
5,SC6,Tehran,STOCK::inflation_index_effective,63.87869652292867,142.92185698706032,sign_reversed_2022
5,SC6,Tehran,STOCK::cost_index_rhc_fare,29.51624016041301,60.18207770689028,sign_reversed_2022
5,SC6,Tehran,STOCK::cost_index_bus_fare,84.36487247380374,169.56239313950334,sign_reversed_2022
5,SC6,Tehran,STOCK::cost_index_metro_fare,45.68752260248281,85.07059173023467,sign_reversed_2022
5,SC6,Tehran,STOCK::len_bik,941.660883050843,1278.6481875338736,sign_reversed_2022
5,SC6,Tehran,STOCK::len_brt,145.8321428571453,133.6500000000051,sign_reversed_2022
5,SC6,Tehran,STOCK::len_hwy,2678.5357142857,2865.749999999971,sign_reversed_2022
5,SC6,Tehran,STOCK::len_met,320.3214285714312,353.5,sign_reversed_2022
5,SC6,Tehran,STOCK::population_city,10218472.149169257,10587388.115920564,sign_reversed_2022
5,SC6,Tehran,STOCK::private_cars_total,4192415.099736402,4343924.107633086,sign_reversed_2022
5,SC6,Tehran,STOCK::taxis_total,78784.0,78784.0,sign_reversed_2022
5,SC6,Tehran,STOCK::metro_cars_total,1181.0,1181.0,sign_reversed_2022
5,SC6,Tehran,STOCK::brts_total,942.0,942.0,sign_reversed_2022
5,SC6,Tehran,STOCK::buses_total,2047.0,2047.0,sign_reversed_2022
5,SC6,Tehran,STOCK::motorcycles_total,325417.6086656498,337177.8227351354,sign_reversed_2022
5,SC6,Tehran,STOCK::transport_financial_balance_IRR,-4337270154737560.0,-8875826605984370.0,sign_reversed_2022
5,SC8,Region 12,CO₂ emissions,234965.77362538147,236723.92655052192,sign_reversed_2022
5,SC8,Region 12,Congestion index,1.2118195301802694,1.1958210867419723,sign_reversed_2022
5,SC8,Region 12,Electricity use,51828658.66601676,53039358.75446016,sign_reversed_2022
5,SC8,Region 12,Final energy,3339346309.5712533,3362109511.111447,sign_reversed_2022
5,SC8,Region 12,Health indicator,386187772284059.5,381772509913535.3,sign_reversed_2022
5,SC8,Region 12,Modal share: car,0.2287396220653353,0.2228249475332941,sign_reversed_2022
5,SC8,Region 12,Modal share: public transport,0.2979011456978394,0.2988254753661902,sign_reversed_2022
5,SC8,Region 12,NOₓ emissions,898.2569300796491,862.272084373489,sign_reversed_2022
5,SC8,Region 12,PM₂.₅ emissions,25.990377419730784,23.672656844818857,sign_reversed_2022
5,SC8,Region 12,Time loss (car),67512464.65685353,66103492.59818152,sign_reversed_2022
5,SC8,Region 12,PCE-weighted VKT,1058358586.5232166,1056834186.5979624,sign_reversed_2022
5,SC8,Tehran,CO₂ emissions,16754541.309168492,16695637.035259375,sign_reversed_2022
5,SC8,Tehran,Congestion index,0.3974714917052842,0.3922240724155188,sign_reversed_2022
5,SC8,Tehran,Electricity use,1005401032.2925688,1167976852.3518536,sign_reversed_2022
5,SC8,Tehran,Final energy,248750370666.00464,247218485960.6997,sign_reversed_2022
5,SC8,Tehran,Health indicator,1.1912483282757718e+16,1.222396044523465e+16,sign_reversed_2022
5,SC8,Tehran,Modal share: car,0.5750146737902303,0.563860111245781,sign_reversed_2022
5,SC8,Tehran,Modal share: public transport,0.1349911736005496,0.1425600297398352,sign_reversed_2022
5,SC8,Tehran,NOₓ emissions,63113.35609702914,61990.39133276232,sign_reversed_2022
5,SC8,Tehran,PM₂.₅ emissions,1080.645054788631,1046.6882858536192,sign_reversed_2022
5,SC8,Tehran,Time loss (car),902797364.6260798,882672792.3980619,sign_reversed_2022
5,SC8,Tehran,PCE-weighted VKT,71067477034.2409,71274101602.50566,sign_reversed_2022
5,SC8,Tehran,STOCK::inflation_index_effective,63.87869652292867,142.92185698706032,sign_reversed_2022
5,SC8,Tehran,STOCK::cost_index_rhc_fare,29.51624016041301,60.18207770689028,sign_reversed_2022
5,SC8,Tehran,STOCK::cost_index_bus_fare,60.26793001761512,106.36159228555996,sign_reversed_2022
5,SC8,Tehran,STOCK::cost_index_metro_fare,35.161126476087375,58.82076106461197,sign_reversed_2022
5,SC8,Tehran,STOCK::len_bik,941.660883050843,1278.6481875338736,sign_reversed_2022
5,SC8,Tehran,STOCK::len_brt,145.8321428571453,133.6500000000051,sign_reversed_2022
5,SC8,Tehran,STOCK::len_hwy,2678.5357142857,2865.749999999971,sign_reversed_2022
5,SC8,Tehran,STOCK::len_met,320.3214285714312,353.5,sign_reversed_2022
5,SC8,Tehran,STOCK::population_city,10219363.343307748,10589661.078897888,sign_reversed_2022
5,SC8,Tehran,STOCK::private_cars_total,4192415.099736402,4343924.107633086,sign_reversed_2022
5,SC8,Tehran,STOCK::taxis_total,78784.0,78784.0,sign_reversed_2022
5,SC8,Tehran,STOCK::metro_cars_total,1181.0,1181.0,sign_reversed_2022
5,SC8,Tehran,STOCK::brts_total,942.0,942.0,sign_reversed_2022
5,SC8,Tehran,STOCK::buses_total,2047.0,2047.0,sign_reversed_2022
5,SC8,Tehran,STOCK::motorcycles_total,325417.6086656498,337177.8227351354,sign_reversed_2022
5,SC8,Tehran,STOCK::transport_financial_balance_IRR,-4465919242492605.0,-9213331492323864.0,sign_reversed_2022
6,SC0,Region 12,CO₂ emissions,203249.90302889585,205670.36968311635,empirical_2023
6,SC0,Region 12,Congestion index,1.1843569995020622,1.2171085103857322,empirical_2023
6,SC0,Region 12,Electricity use,82386392.95399442,85315768.26137635,empirical_2023
6,SC0,Region 12,Final energy,2716256847.8993726,2740469940.97357,empirical_2023
6,SC0,Region 12,Health indicator,369833174294708.5,377834749011396.0,empirical_2023
6,SC0,Region 12,Modal share: car,0.1612748115804127,0.1578310058623369,empirical_2023
6,SC0,Region 12,Modal share: public transport,0.3962508786531414,0.3979985807099013,empirical_2023
6,SC0,Region 12,NOₓ emissions,777.5863582179343,787.0588756046719,empirical_2023
6,SC0,Region 12,PM₂.₅ emissions,27.65321925913804,28.35711784641025,empirical_2023
6,SC0,Region 12,Time loss (car),45915654.23338711,48117827.06587666,empirical_2023
6,SC0,Region 12,PCE-weighted VKT,894386148.892806,907169474.1920464,empirical_2023
6,SC0,Tehran,CO₂ emissions,16422375.359244796,17131457.252622403,empirical_2023
6,SC0,Tehran,Congestion index,0.3884639020743057,0.3992062540189039,empirical_2023
6,SC0,Tehran,Electricity use,1344141862.6803467,1529240478.238497,empirical_2023
6,SC0,Tehran,Final energy,242642108847.93585,252540757358.5411,empirical_2023
6,SC0,Tehran,Health indicator,1.1887780637770986e+16,1.255043494275853e+16,empirical_2023
6,SC0,Tehran,Modal share: car,0.546200226467951,0.548112628462854,empirical_2023
6,SC0,Tehran,Modal share: public transport,0.1341812844210554,0.1332193499352189,empirical_2023
6,SC0,Tehran,NOₓ emissions,62100.36419141715,64569.35854752545,empirical_2023
6,SC0,Tehran,PM₂.₅ emissions,1130.720314806823,1178.8992210114327,empirical_2023
6,SC0,Tehran,Time loss (car),838904742.1056932,909432960.206372,empirical_2023
6,SC0,Tehran,PCE-weighted VKT,69473225264.42348,72542888390.48131,empirical_2023
6,SC0,Tehran,STOCK::inflation_index_effective,63.87869652292867,142.92185698706032,empirical_2023
6,SC0,Tehran,STOCK::cost_index_rhc_fare,29.51624016041301,60.18207770689028,empirical_2023
6,SC0,Tehran,STOCK::cost_index_bus_fare,84.36487247380374,169.56239313950334,empirical_2023
6,SC0,Tehran,STOCK::cost_index_metro_fare,45.68752260248281,85.07059173023467,empirical_2023
6,SC0,Tehran,STOCK::len_bik,941.660883050843,1278.6481875338736,empirical_2023
6,SC0,Tehran,STOCK::len_brt,145.8321428571453,133.6500000000051,empirical_2023
6,SC0,Tehran,STOCK::len_hwy,2678.5357142857,2865.749999999971,empirical_2023
6,SC0,Tehran,STOCK::len_met,320.3214285714312,353.5,empirical_2023
6,SC0,Tehran,STOCK::population_city,10235153.207577316,10605222.32651642,empirical_2023
6,SC0,Tehran,STOCK::private_cars_total,4192415.099736402,4343924.107633086,empirical_2023
6,SC0,Tehran,STOCK::taxis_total,78784.0,78784.0,empirical_2023
6,SC0,Tehran,STOCK::metro_cars_total,1181.0,1181.0,empirical_2023
6,SC0,Tehran,STOCK::brts_total,942.0,942.0,empirical_2023
6,SC0,Tehran,STOCK::buses_total,2047.0,2047.0,empirical_2023
6,SC0,Tehran,STOCK::motorcycles_total,325417.6086656498,337177.8227351354,empirical_2023
6,SC0,Tehran,STOCK::transport_financial_balance_IRR,-4136637821581112.0,-8202790300515085.0,empirical_2023
6,SC10,Region 12,CO₂ emissions,198469.60307088,198571.3274648972,empirical_2023
6,SC10,Region 12,Congestion index,1.1131739640813916,1.1160953436714012,empirical_2023
6,SC10,Region 12,Electricity use,94683528.00623211,99564880.3627266,empirical_2023
6,SC10,Region 12,Final energy,2577962305.9806867,2554133741.258875,empirical_2023
6,SC10,Region 12,Health indicator,347819037766415.6,342143718386373.8,empirical_2023
6,SC10,Region 12,Modal share: car,0.1513018127288539,0.1469540040315173,empirical_2023
6,SC10,Region 12,Modal share: public transport,0.4411692352101286,0.4467981407273684,empirical_2023
6,SC10,Region 12,NOₓ emissions,681.5314365558734,631.5529969646027,empirical_2023
6,SC10,Region 12,PM₂.₅ emissions,22.045520599891606,19.364625767665487,empirical_2023
6,SC10,Region 12,Time loss (car),39185233.498374335,39211674.24794176,empirical_2023
6,SC10,Region 12,PCE-weighted VKT,843888320.1465378,851957444.2102485,empirical_2023
6,SC10,Tehran,CO₂ emissions,15488893.314509468,15673126.692893527,empirical_2023
6,SC10,Tehran,Congestion index,0.3651161786153883,0.3660743783097815,empirical_2023
6,SC10,Tehran,Electricity use,1796048069.6829624,2097828135.66222,empirical_2023
6,SC10,Tehran,Final energy,226322785658.7606,227599741005.94104,empirical_2023
6,SC10,Tehran,Health indicator,1.1389510905866434e+16,1.173422744338582e+16,empirical_2023
6,SC10,Tehran,Modal share: car,0.4941317715377434,0.4848105889902193,empirical_2023
6,SC10,Tehran,Modal share: public transport,0.1900555050715933,0.1983859615573082,empirical_2023
6,SC10,Tehran,NOₓ emissions,56996.24079233733,56406.26949278178,empirical_2023
6,SC10,Tehran,PM₂.₅ emissions,1020.7002500477956,991.5655741419508,empirical_2023
6,SC10,Tehran,Time loss (car),712976261.5710808,723208514.4021379,empirical_2023
6,SC10,Tehran,PCE-weighted VKT,65287472089.56417,66522236315.17502,empirical_2023
6,SC10,Tehran,STOCK::inflation_index_effective,63.87869652292867,142.92185698706032,empirical_2023
6,SC10,Tehran,STOCK::cost_index_rhc_fare,29.51624016041301,60.18207770689028,empirical_2023
6,SC10,Tehran,STOCK::cost_index_bus_fare,60.26793001761512,106.36159228555996,empirical_2023
6,SC10,Tehran,STOCK::cost_index_metro_fare,35.161126476087375,58.82076106461197,empirical_2023
6,SC10,Tehran,STOCK::len_bik,941.660883050843,1278.6481875338736,empirical_2023
6,SC10,Tehran,STOCK::len_brt,154.26881632653323,147.0150000000056,empirical_2023
6,SC10,Tehran,STOCK::len_hwy,2678.5357142857,2865.749999999971,empirical_2023
6,SC10,Tehran,STOCK::len_met,329.4582482993224,371.175,empirical_2023
6,SC10,Tehran,STOCK::population_city,10238831.01544856,10614132.54756239,empirical_2023
6,SC10,Tehran,STOCK::private_cars_total,4192415.099736402,4343924.107633086,empirical_2023
6,SC10,Tehran,STOCK::taxis_total,78784.0,78784.0,empirical_2023
6,SC10,Tehran,STOCK::metro_cars_total,1182.2600000000002,1184.36,empirical_2023
6,SC10,Tehran,STOCK::brts_total,963.0217687074846,999.0376190476236,empirical_2023
6,SC10,Tehran,STOCK::buses_total,2107.78877551022,2206.368571428616,empirical_2023
6,SC10,Tehran,STOCK::motorcycles_total,325417.6086656498,337177.8227351354,empirical_2023
6,SC10,Tehran,STOCK::transport_financial_balance_IRR,-4788622417514295.0,-1.0054208923676638e+16,empirical_2023
6,SC11,Region 12,CO₂ emissions,198372.5388173891,196192.18769470905,empirical_2023
6,SC11,Region 12,Congestion index,1.1056863266349686,1.0855701619922429,empirical_2023
6,SC11,Region 12,Electricity use,90448611.22625963,96875428.56657302,empirical_2023
6,SC11,Region 12,Final energy,2597937549.6636124,2531358257.083486,empirical_2023
6,SC11,Region 12,Health indicator,349665458013256.5,341684386051343.25,empirical_2023
6,SC11,Region 12,Modal share: car,0.1513533471588996,0.141131725838691,empirical_2023
6,SC11,Region 12,Modal share: public transport,0.4261280864725823,0.4386527953703466,empirical_2023
6,SC11,Region 12,NOₓ emissions,701.779142562301,652.1589395099378,empirical_2023
6,SC11,Region 12,PM₂.₅ emissions,23.387088506437145,21.366739177034624,empirical_2023
6,SC11,Region 12,Time loss (car),38820565.03401066,36099799.47149956,empirical_2023
6,SC11,Region 12,PCE-weighted VKT,852162593.3467133,838319095.2329096,empirical_2023
6,SC11,Tehran,CO₂ emissions,15295393.008864775,15140090.293639326,empirical_2023
6,SC11,Tehran,Congestion index,0.3626602663685084,0.3560622525811386,empirical_2023
6,SC11,Tehran,Electricity use,1694175852.6605258,2018591208.507799,empirical_2023
6,SC11,Tehran,Final energy,223913128041.83905,219971961716.5268,empirical_2023
6,SC11,Tehran,Health indicator,1.136461862276746e+16,1.1613253018963176e+16,empirical_2023
6,SC11,Tehran,Modal share: car,0.4933824439108883,0.4747029850494488,empirical_2023
6,SC11,Tehran,Modal share: public transport,0.1830632746786678,0.1977199004952552,empirical_2023
6,SC11,Tehran,NOₓ emissions,56670.75430427882,55003.96538858223,empirical_2023
6,SC11,Tehran,PM₂.₅ emissions,1026.7581348369788,993.0081314794082,empirical_2023
6,SC11,Tehran,Time loss (car),699234680.0082741,671771695.4824246,empirical_2023
6,SC11,Tehran,PCE-weighted VKT,64849915450.18768,64709376356.66816,empirical_2023
6,SC11,Tehran,STOCK::inflation_index_effective,63.87869652292867,142.92185698706032,empirical_2023
6,SC11,Tehran,STOCK::cost_index_rhc_fare,29.51624016041301,60.18207770689028,empirical_2023
6,SC11,Tehran,STOCK::cost_index_bus_fare,73.20148381975896,138.2037519536843,empirical_2023
6,SC11,Tehran,STOCK::cost_index_metro_fare,45.68752260248281,85.07059173023467,empirical_2023
6,SC11,Tehran,STOCK::len_bik,942.1264620910188,1279.6121453740336,empirical_2023
6,SC11,Tehran,STOCK::len_brt,154.26881632653323,147.0150000000056,empirical_2023
6,SC11,Tehran,STOCK::len_hwy,2678.5357142857,2865.749999999971,empirical_2023
6,SC11,Tehran,STOCK::len_met,329.4582482993224,371.175,empirical_2023
6,SC11,Tehran,STOCK::population_city,10238798.186987003,10614547.807697468,empirical_2023
6,SC11,Tehran,STOCK::private_cars_total,4192415.099736402,4343924.107633086,empirical_2023
6,SC11,Tehran,STOCK::taxis_total,78784.0,78784.0,empirical_2023
6,SC11,Tehran,STOCK::metro_cars_total,1182.2600000000002,1184.36,empirical_2023
6,SC11,Tehran,STOCK::brts_total,963.0217687074846,999.0376190476236,empirical_2023
6,SC11,Tehran,STOCK::buses_total,2107.78877551022,2206.368571428616,empirical_2023
6,SC11,Tehran,STOCK::motorcycles_total,325417.6086656498,337177.8227351354,empirical_2023
6,SC11,Tehran,STOCK::transport_financial_balance_IRR,-4711032451092359.0,-9870189885876372.0,empirical_2023
6,SC5,Region 12,CO₂ emissions,201683.3345400916,203418.6656294345,empirical_2023
6,SC5,Region 12,Congestion index,1.1296127382498573,1.1340703906842384,empirical_2023
6,SC5,Region 12,Electricity use,87630037.58249533,90743291.30738722,empirical_2023
6,SC5,Region 12,Final energy,2665783652.0607977,2678542655.7748384,empirical_2023
6,SC5,Region 12,Health indicator,361307783046415.1,365008704703073.0,empirical_2023
6,SC5,Region 12,Modal share: car,0.1576876986879712,0.154134894036379,empirical_2023
6,SC5,Region 12,Modal share: public transport,0.4175786720762481,0.4229548809537334,empirical_2023
6,SC5,Region 12,NOₓ emissions,759.9186966047891,765.8759196317686,empirical_2023
6,SC5,Region 12,PM₂.₅ emissions,26.86102629709109,27.37565453719484,empirical_2023
6,SC5,Region 12,Time loss (car),41760094.5247597,42145106.39573583,empirical_2023
6,SC5,Region 12,PCE-weighted VKT,874100637.5180609,884459450.0181404,empirical_2023
6,SC5,Tehran,CO₂ emissions,15682113.002286168,15935483.809827494,empirical_2023
6,SC5,Tehran,Congestion index,0.3705080244536663,0.3719701149039939,empirical_2023
6,SC5,Tehran,Electricity use,1592918607.3203063,1810000616.0169864,empirical_2023
6,SC5,Tehran,Final energy,230429184425.4608,233354501686.1912,empirical_2023
6,SC5,Tehran,Health indicator,1.161775495494387e+16,1.2119939979039808e+16,empirical_2023
6,SC5,Tehran,Modal share: car,0.5032982431896639,0.4940889029109043,empirical_2023
6,SC5,Tehran,Modal share: public transport,0.1755374421823779,0.1842233340249519,empirical_2023
6,SC5,Tehran,NOₓ emissions,59104.66357856147,59867.43617723189,empirical_2023
6,SC5,Tehran,PM₂.₅ emissions,1097.7493172765626,1123.9800545497742,empirical_2023
6,SC5,Tehran,Time loss (car),737635707.3687049,751173662.2940925,empirical_2023
6,SC5,Tehran,PCE-weighted VKT,66252263249.27648,67593596689.48761,empirical_2023
6,SC5,Tehran,STOCK::inflation_index_effective,63.87869652292867,142.92185698706032,empirical_2023
6,SC5,Tehran,STOCK::cost_index_rhc_fare,29.51624016041301,60.18207770689028,empirical_2023
6,SC5,Tehran,STOCK::cost_index_bus_fare,84.36487247380374,169.56239313950334,empirical_2023
6,SC5,Tehran,STOCK::cost_index_metro_fare,45.68752260248281,85.07059173023467,empirical_2023
6,SC5,Tehran,STOCK::len_bik,941.660883050843,1278.6481875338736,empirical_2023
6,SC5,Tehran,STOCK::len_brt,154.26881632653323,147.0150000000056,empirical_2023
6,SC5,Tehran,STOCK::len_hwy,2678.5357142857,2865.749999999971,empirical_2023
6,SC5,Tehran,STOCK::len_met,329.4582482993224,371.175,empirical_2023
6,SC5,Tehran,STOCK::population_city,10237102.764215132,10610048.534734698,empirical_2023
6,SC5,Tehran,STOCK::private_cars_total,4192415.099736402,4343924.107633086,empirical_2023
6,SC5,Tehran,STOCK::taxis_total,78784.0,78784.0,empirical_2023
6,SC5,Tehran,STOCK::metro_cars_total,1182.2600000000002,1184.36,empirical_2023
6,SC5,Tehran,STOCK::brts_total,963.0217687074846,999.0376190476236,empirical_2023
6,SC5,Tehran,STOCK::buses_total,2107.78877551022,2206.368571428616,empirical_2023
6,SC5,Tehran,STOCK::motorcycles_total,325417.6086656498,337177.8227351354,empirical_2023
6,SC5,Tehran,STOCK::transport_financial_balance_IRR,-4565415006744602.0,-9424854806680822.0,empirical_2023
6,SC6,Region 12,CO₂ emissions,201847.58935147527,203837.88950980332,empirical_2023
6,SC6,Region 12,Congestion index,1.146311577462631,1.1554550044560048,empirical_2023
6,SC6,Region 12,Electricity use,81475514.09966591,84256665.18634647,empirical_2023
6,SC6,Region 12,Final energy,2698555292.0353403,2716872460.264437,empirical_2023
6,SC6,Region 12,Health indicator,353526791796934.06,347755954714926.94,empirical_2023
6,SC6,Region 12,Modal share: car,0.159676937828971,0.1559537043956173,empirical_2023
6,SC6,Region 12,Modal share: public transport,0.4022503894793011,0.4051465676441756,empirical_2023
6,SC6,Region 12,NOₓ emissions,701.9896361717941,644.9567187891929,empirical_2023
6,SC6,Region 12,PM₂.₅ emissions,21.68110094311879,18.017406905177445,empirical_2023
6,SC6,Region 12,Time loss (car),43243043.34493063,43881870.23543827,empirical_2023
6,SC6,Region 12,PCE-weighted VKT,888601447.5849794,899644275.2350726,empirical_2023
6,SC6,Tehran,CO₂ emissions,15764583.55666946,16062106.697282722,empirical_2023
6,SC6,Tehran,Congestion index,0.3759851704860134,0.3789841744431573,empirical_2023
6,SC6,Tehran,Electricity use,1384355797.9833589,1568468547.7791855,empirical_2023
6,SC6,Tehran,Final energy,232714526478.551,236472972501.7964,empirical_2023
6,SC6,Tehran,Health indicator,1.1495225533888206e+16,1.1856234740384096e+16,empirical_2023
6,SC6,Tehran,Modal share: car,0.5104271449799374,0.5020946257608057,empirical_2023
6,SC6,Tehran,Modal share: public transport,0.1608958381941036,0.1674015133004597,empirical_2023
6,SC6,Tehran,NOₓ emissions,58305.900868804936,57962.76274064183,empirical_2023
6,SC6,Tehran,PM₂.₅ emissions,1015.2492126816672,975.9270283011948,empirical_2023
6,SC6,Tehran,Time loss (car),760555444.7234756,781533376.6920326,empirical_2023
6,SC6,Tehran,PCE-weighted VKT,67233243569.361,68868176266.31364,empirical_2023
6,SC6,Tehran,STOCK::inflation_index_effective,63.87869652292867,142.92185698706032,empirical_2023
6,SC6,Tehran,STOCK::cost_index_rhc_fare,29.51624016041301,60.18207770689028,empirical_2023
6,SC6,Tehran,STOCK::cost_index_bus_fare,84.36487247380374,169.56239313950334,empirical_2023
6,SC6,Tehran,STOCK::cost_index_metro_fare,45.68752260248281,85.07059173023467,empirical_2023
6,SC6,Tehran,STOCK::len_bik,941.660883050843,1278.6481875338736,empirical_2023
6,SC6,Tehran,STOCK::len_brt,145.8321428571453,133.6500000000051,empirical_2023
6,SC6,Tehran,STOCK::len_hwy,2678.5357142857,2865.749999999971,empirical_2023
6,SC6,Tehran,STOCK::len_met,320.3214285714312,353.5,empirical_2023
6,SC6,Tehran,STOCK::population_city,10237905.04950471,10612218.924861396,empirical_2023
6,SC6,Tehran,STOCK::private_cars_total,4192415.099736402,4343924.107633086,empirical_2023
6,SC6,Tehran,STOCK::taxis_total,78784.0,78784.0,empirical_2023
6,SC6,Tehran,STOCK::metro_cars_total,1181.0,1181.0,empirical_2023
6,SC6,Tehran,STOCK::brts_total,942.0,942.0,empirical_2023
6,SC6,Tehran,STOCK::buses_total,2047.0,2047.0,empirical_2023
6,SC6,Tehran,STOCK::motorcycles_total,325417.6086656498,337177.8227351354,empirical_2023
6,SC6,Tehran,STOCK::transport_financial_balance_IRR,-4543023525385165.0,-9354745422580144.0,empirical_2023
6,SC8,Region 12,CO₂ emissions,198905.6203167361,199240.05575291425,empirical_2023
6,SC8,Region 12,Congestion index,1.1057356840520594,1.089103533467696,empirical_2023
6,SC8,Region 12,Electricity use,86620258.41282691,89770295.49002711,empirical_2023
6,SC8,Region 12,Final energy,2627994270.465964,2619990682.687716,empirical_2023
6,SC8,Region 12,Health indicator,350776120041897.3,344859437175630.2,empirical_2023
6,SC8,Region 12,Modal share: car,0.1515963497682331,0.1450372890533514,empirical_2023
6,SC8,Region 12,Modal share: public transport,0.4271682193837702,0.4324246616165509,empirical_2023
6,SC8,Region 12,NOₓ emissions,708.9609456325189,669.264063047197,empirical_2023
6,SC8,Region 12,PM₂.₅ emissions,23.304357029239306,21.17483137752723,empirical_2023
6,SC8,Region 12,Time loss (car),38881358.28126172,37282604.0698291,empirical_2023
6,SC8,Region 12,PCE-weighted VKT,839971777.3813198,829451683.4754937,empirical_2023
6,SC8,Tehran,CO₂ emissions,15262307.810540738,15181560.927957188,empirical_2023
6,SC8,Tehran,Congestion index,0.362676455384867,0.3572211829301885,empirical_2023
6,SC8,Tehran,Electricity use,1468809613.069752,1634266267.6192155,empirical_2023
6,SC8,Tehran,Final energy,224697548689.13043,222834531612.108,empirical_2023
6,SC8,Tehran,Health indicator,1.1371199439142992e+16,1.1651205578291588e+16,empirical_2023
6,SC8,Tehran,Modal share: car,0.4983018525332377,0.4861609732923559,empirical_2023
6,SC8,Tehran,Modal share: public transport,0.1767126747182357,0.1851401230740942,empirical_2023
6,SC8,Tehran,NOₓ emissions,56818.920177549626,55541.85529290141,empirical_2023
6,SC8,Tehran,PM₂.₅ emissions,1017.5063408613966,980.0440376803724,empirical_2023
6,SC8,Tehran,Time loss (car),699110692.6476519,678941736.2947263,empirical_2023
6,SC8,Tehran,PCE-weighted VKT,64845292451.93325,64913452991.12787,empirical_2023
6,SC8,Tehran,STOCK::inflation_index_effective,63.87869652292867,142.92185698706032,empirical_2023
6,SC8,Tehran,STOCK::cost_index_rhc_fare,29.51624016041301,60.18207770689028,empirical_2023
6,SC8,Tehran,STOCK::cost_index_bus_fare,60.26793001761512,106.36159228555996,empirical_2023
6,SC8,Tehran,STOCK::cost_index_metro_fare,35.161126476087375,58.82076106461197,empirical_2023
6,SC8,Tehran,STOCK::len_bik,941.660883050843,1278.6481875338736,empirical_2023
6,SC8,Tehran,STOCK::len_brt,145.8321428571453,133.6500000000051,empirical_2023
6,SC8,Tehran,STOCK::len_hwy,2678.5357142857,2865.749999999971,empirical_2023
6,SC8,Tehran,STOCK::len_met,320.3214285714312,353.5,empirical_2023
6,SC8,Tehran,STOCK::population_city,10238796.174774587,10614435.65619893,empirical_2023
6,SC8,Tehran,STOCK::private_cars_total,4192415.099736402,4343924.107633086,empirical_2023
6,SC8,Tehran,STOCK::taxis_total,78784.0,78784.0,empirical_2023
6,SC8,Tehran,STOCK::metro_cars_total,1181.0,1181.0,empirical_2023
6,SC8,Tehran,STOCK::brts_total,942.0,942.0,empirical_2023
6,SC8,Tehran,STOCK::buses_total,2047.0,2047.0,empirical_2023
6,SC8,Tehran,STOCK::motorcycles_total,325417.6086656498,337177.8227351354,empirical_2023
6,SC8,Tehran,STOCK::transport_financial_balance_IRR,-4682985796291433.0,-9721349842982188.0,empirical_2023
7,SC0,Region 12,CO₂ emissions,260525.5903657764,265113.45485771785,sign_reversed_2023
7,SC0,Region 12,Congestion index,1.250694847625306,1.2804122207035062,sign_reversed_2023
7,SC0,Region 12,Electricity use,59950160.27281775,61517471.32536845,sign_reversed_2023
7,SC0,Region 12,Final energy,3680195532.099939,3743793023.2929792,sign_reversed_2023
7,SC0,Region 12,Health indicator,404628790960874.06,413252274217926.3,sign_reversed_2023
7,SC0,Region 12,Modal share: car,0.2729122816439625,0.2710354207592044,sign_reversed_2023
7,SC0,Region 12,Modal share: public transport,0.2911771057139981,0.2878185716706474,sign_reversed_2023
7,SC0,Region 12,NOₓ emissions,1022.7385140278452,1042.9584733853585,sign_reversed_2023
7,SC0,Region 12,PM₂.₅ emissions,30.593510598779005,31.50173618359975,sign_reversed_2023
7,SC0,Region 12,Time loss (car),84618389.73392858,89410115.50793606,sign_reversed_2023
7,SC0,Region 12,PCE-weighted VKT,1127132092.640646,1154417059.5230217,sign_reversed_2023
7,SC0,Tehran,CO₂ emissions,17422260.818442658,18070339.676621363,sign_reversed_2023
7,SC0,Tehran,Congestion index,0.4102224253472734,0.4199695933972863,sign_reversed_2023
7,SC0,Tehran,Electricity use,1104647777.8912394,1287035430.7978811,sign_reversed_2023
7,SC0,Tehran,Final energy,258375119041.9225,267356404446.03128,sign_reversed_2023
7,SC0,Tehran,Health indicator,1.2231089174411616e+16,1.2878496442272552e+16,sign_reversed_2023
7,SC0,Tehran,Modal share: car,0.5952623626709891,0.5945554633235757,sign_reversed_2023
7,SC0,Tehran,Modal share: public transport,0.111990423172926,0.1128304200753797,sign_reversed_2023
7,SC0,Tehran,NOₓ emissions,66168.2051596339,68427.26246830919,sign_reversed_2023
7,SC0,Tehran,PM₂.₅ emissions,1172.6741787569604,1218.004439740129,sign_reversed_2023
7,SC0,Tehran,Time loss (car),980264599.2021788,1050846751.0437932,sign_reversed_2023
7,SC0,Tehran,PCE-weighted VKT,73363552350.25891,76315957063.56967,sign_reversed_2023
7,SC0,Tehran,STOCK::inflation_index_effective,63.87869652292867,142.92185698706032,sign_reversed_2023
7,SC0,Tehran,STOCK::cost_index_rhc_fare,29.51624016041301,60.18207770689028,sign_reversed_2023
7,SC0,Tehran,STOCK::cost_index_bus_fare,84.36487247380374,169.56239313950334,sign_reversed_2023
7,SC0,Tehran,STOCK::cost_index_metro_fare,45.68752260248281,85.07059173023467,sign_reversed_2023
7,SC0,Tehran,STOCK::len_bik,941.660883050843,1278.6481875338736,sign_reversed_2023
7,SC0,Tehran,STOCK::len_brt,145.8321428571453,133.6500000000051,sign_reversed_2023
7,SC0,Tehran,STOCK::len_hwy,2678.5357142857,2865.749999999971,sign_reversed_2023
7,SC0,Tehran,STOCK::len_met,320.3214285714312,353.5,sign_reversed_2023
7,SC0,Tehran,STOCK::population_city,10222670.556524193,10589405.053325756,sign_reversed_2023
7,SC0,Tehran,STOCK::private_cars_total,4192415.099736402,4343924.107633086,sign_reversed_2023
7,SC0,Tehran,STOCK::taxis_total,78784.0,78784.0,sign_reversed_2023
7,SC0,Tehran,STOCK::metro_cars_total,1181.0,1181.0,sign_reversed_2023
7,SC0,Tehran,STOCK::brts_total,942.0,942.0,sign_reversed_2023
7,SC0,Tehran,STOCK::buses_total,2047.0,2047.0,sign_reversed_2023
7,SC0,Tehran,STOCK::motorcycles_total,325417.6086656498,337177.8227351354,sign_reversed_2023
7,SC0,Tehran,STOCK::transport_financial_balance_IRR,-4013952166848620.0,-7948489765028306.0,sign_reversed_2023
7,SC10,Region 12,CO₂ emissions,253815.9618552252,255286.1481085628,sign_reversed_2023
7,SC10,Region 12,Congestion index,1.1835884759954347,1.1883731083749765,sign_reversed_2023
7,SC10,Region 12,Electricity use,70843719.57446387,74253839.37653956,sign_reversed_2023
7,SC10,Region 12,Final energy,3520878352.755193,3524965061.47554,sign_reversed_2023
7,SC10,Region 12,Health indicator,384425923760518.6,381157354614577.6,sign_reversed_2023
7,SC10,Region 12,Modal share: car,0.2584035587238661,0.2547424024935029,sign_reversed_2023
7,SC10,Region 12,Modal share: public transport,0.3300365030022553,0.3294664720967385,sign_reversed_2023
7,SC10,Region 12,NOₓ emissions,921.1733529790524,877.3206946024753,sign_reversed_2023
7,SC10,Region 12,PM₂.₅ emissions,24.902740281907537,22.22592344537653,sign_reversed_2023
7,SC10,Region 12,Time loss (car),73531300.52575265,74846734.95754173,sign_reversed_2023
7,SC10,Region 12,PCE-weighted VKT,1079628174.325274,1099802355.7229407,sign_reversed_2023
7,SC10,Tehran,CO₂ emissions,16480784.880203877,16702735.69857805,sign_reversed_2023
7,SC10,Tehran,Congestion index,0.388211829734339,0.3897811681727738,sign_reversed_2023
7,SC10,Tehran,Electricity use,1474384408.8368757,1759248753.2498872,sign_reversed_2023
7,SC10,Tehran,Final energy,242350193560.69,244283493483.8784,sign_reversed_2023
7,SC10,Tehran,Health indicator,1.1757085129571642e+16,1.2131669414273324e+16,sign_reversed_2023
7,SC10,Tehran,Modal share: car,0.5444030003678418,0.5356130732930386,sign_reversed_2023
7,SC10,Tehran,Modal share: public transport,0.1643602742676322,0.1721522385203825,sign_reversed_2023
7,SC10,Tehran,NOₓ emissions,61233.17996400693,60856.40004002871,sign_reversed_2023
7,SC10,Tehran,PM₂.₅ emissions,1064.6471714810182,1038.7498796375776,sign_reversed_2023
7,SC10,Tehran,Time loss (car),846859815.8109242,863105479.6903565,sign_reversed_2023
7,SC10,Tehran,PCE-weighted VKT,69417972906.36392,70830182380.1838,sign_reversed_2023
7,SC10,Tehran,STOCK::inflation_index_effective,63.87869652292867,142.92185698706032,sign_reversed_2023
7,SC10,Tehran,STOCK::cost_index_rhc_fare,29.51624016041301,60.18207770689028,sign_reversed_2023
7,SC10,Tehran,STOCK::cost_index_bus_fare,60.26793001761512,106.36159228555996,sign_reversed_2023
7,SC10,Tehran,STOCK::cost_index_metro_fare,35.161126476087375,58.82076106461197,sign_reversed_2023
7,SC10,Tehran,STOCK::len_bik,941.660883050843,1278.6481875338736,sign_reversed_2023
7,SC10,Tehran,STOCK::len_brt,154.26881632653323,147.0150000000056,sign_reversed_2023
7,SC10,Tehran,STOCK::len_hwy,2678.5357142857,2865.749999999971,sign_reversed_2023
7,SC10,Tehran,STOCK::len_met,329.4582482993224,371.175,sign_reversed_2023
7,SC10,Tehran,STOCK::population_city,10226213.145615462,10597891.48293419,sign_reversed_2023
7,SC10,Tehran,STOCK::private_cars_total,4192415.099736402,4343924.107633086,sign_reversed_2023
7,SC10,Tehran,STOCK::taxis_total,78784.0,78784.0,sign_reversed_2023
7,SC10,Tehran,STOCK::metro_cars_total,1182.2600000000002,1184.36,sign_reversed_2023
7,SC10,Tehran,STOCK::brts_total,963.0217687074846,999.0376190476236,sign_reversed_2023
7,SC10,Tehran,STOCK::buses_total,2107.78877551022,2206.368571428616,sign_reversed_2023
7,SC10,Tehran,STOCK::motorcycles_total,325417.6086656498,337177.8227351354,sign_reversed_2023
7,SC10,Tehran,STOCK::transport_financial_balance_IRR,-4682545400999003.0,-9800962603007306.0,sign_reversed_2023
7,SC11,Region 12,CO₂ emissions,253955.5767436027,252345.9303698476,sign_reversed_2023
7,SC11,Region 12,Congestion index,1.1738841739184227,1.155225495992581,sign_reversed_2023
7,SC11,Region 12,Electricity use,67575832.26479782,72485108.14164577,sign_reversed_2023
7,SC11,Region 12,Final energy,3539295539.076661,3489486188.9553647,sign_reversed_2023
7,SC11,Region 12,Health indicator,385513593541881.9,379460004545641.94,sign_reversed_2023
7,SC11,Region 12,Modal share: car,0.257919249447336,0.245834803889043,sign_reversed_2023
7,SC11,Region 12,Modal share: public transport,0.318198081783931,0.3244845205438642,sign_reversed_2023
7,SC11,Region 12,NOₓ emissions,941.5047999154862,895.8638878212128,sign_reversed_2023
7,SC11,Region 12,PM₂.₅ emissions,26.32664496531053,24.384448157989176,sign_reversed_2023
7,SC11,Region 12,Time loss (car),72482650.62487806,69151289.6025987,sign_reversed_2023
7,SC11,Region 12,PCE-weighted VKT,1081181006.9315913,1074976742.11603,sign_reversed_2023
7,SC11,Tehran,CO₂ emissions,16267838.187856948,16137332.465438146,sign_reversed_2023
7,SC11,Tehran,Congestion index,0.3850288612093683,0.378908896673618,sign_reversed_2023
7,SC11,Tehran,Electricity use,1392077715.3666034,1695358262.103233,sign_reversed_2023
7,SC11,Tehran,Final energy,239555063513.9492,236103890709.34515,sign_reversed_2023
7,SC11,Tehran,Health indicator,1.1722311832406844e+16,1.1997503390856606e+16,sign_reversed_2023
7,SC11,Tehran,Modal share: car,0.5431334455044728,0.5250638543982196,sign_reversed_2023
7,SC11,Tehran,Modal share: public transport,0.1585988874081834,0.1721690709778984,sign_reversed_2023
7,SC11,Tehran,NOₓ emissions,60791.374114508726,59284.65687090703,sign_reversed_2023
7,SC11,Tehran,PM₂.₅ emissions,1069.3581325046148,1037.9909481218938,sign_reversed_2023
7,SC11,Tehran,Time loss (car),827973619.1036046,801322751.5128574,sign_reversed_2023
7,SC11,Tehran,PCE-weighted VKT,68850827449.8996,68861437071.75395,sign_reversed_2023
7,SC11,Tehran,STOCK::inflation_index_effective,63.87869652292867,142.92185698706032,sign_reversed_2023
7,SC11,Tehran,STOCK::cost_index_rhc_fare,29.51624016041301,60.18207770689028,sign_reversed_2023
7,SC11,Tehran,STOCK::cost_index_bus_fare,73.20148381975896,138.2037519536843,sign_reversed_2023
7,SC11,Tehran,STOCK::cost_index_metro_fare,45.68752260248281,85.07059173023467,sign_reversed_2023
7,SC11,Tehran,STOCK::len_bik,942.1264620910188,1279.6121453740336,sign_reversed_2023
7,SC11,Tehran,STOCK::len_brt,154.26881632653323,147.0150000000056,sign_reversed_2023
7,SC11,Tehran,STOCK::len_hwy,2678.5357142857,2865.749999999971,sign_reversed_2023
7,SC11,Tehran,STOCK::len_met,329.4582482993224,371.175,sign_reversed_2023
7,SC11,Tehran,STOCK::population_city,10226263.633545095,10598485.283767872,sign_reversed_2023
7,SC11,Tehran,STOCK::private_cars_total,4192415.099736402,4343924.107633086,sign_reversed_2023
7,SC11,Tehran,STOCK::taxis_total,78784.0,78784.0,sign_reversed_2023
7,SC11,Tehran,STOCK::metro_cars_total,1182.2600000000002,1184.36,sign_reversed_2023
7,SC11,Tehran,STOCK::brts_total,963.0217687074846,999.0376190476236,sign_reversed_2023
7,SC11,Tehran,STOCK::buses_total,2107.78877551022,2206.368571428616,sign_reversed_2023
7,SC11,Tehran,STOCK::motorcycles_total,325417.6086656498,337177.8227351354,sign_reversed_2023
7,SC11,Tehran,STOCK::transport_financial_balance_IRR,-4613081712615416.0,-9640761226685322.0,sign_reversed_2023
7,SC5,Region 12,CO₂ emissions,257984.79301149843,261562.352406956,sign_reversed_2023
7,SC5,Region 12,Congestion index,1.1985595861206406,1.2049322411999357,sign_reversed_2023
7,SC5,Region 12,Electricity use,64468696.58218741,66010043.65836364,sign_reversed_2023
7,SC5,Region 12,Final energy,3618999745.791116,3667341411.280776,sign_reversed_2023
7,SC5,Region 12,Health indicator,396352718423032.0,401375459947799.1,sign_reversed_2023
7,SC5,Region 12,Modal share: car,0.2672213058809712,0.2651268430556112,sign_reversed_2023
7,SC5,Region 12,Modal share: public transport,0.3096572423301419,0.3083199548389558,sign_reversed_2023
7,SC5,Region 12,NOₓ emissions,1003.4331803384092,1019.4424848745908,sign_reversed_2023
7,SC5,Region 12,PM₂.₅ emissions,29.912512650780457,30.67102924998656,sign_reversed_2023
7,SC5,Region 12,Time loss (car),77533132.02852027,79580929.66021012,sign_reversed_2023
7,SC5,Region 12,PCE-weighted VKT,1108450303.699083,1133357000.8934574,sign_reversed_2023
7,SC5,Tehran,CO₂ emissions,16666511.630848778,16953655.458141766,sign_reversed_2023
7,SC5,Tehran,Congestion index,0.3931222882025769,0.3952124911225725,sign_reversed_2023
7,SC5,Tehran,Electricity use,1300956442.3576844,1508993920.219012,sign_reversed_2023
7,SC5,Tehran,Final energy,246169950287.8125,249630982749.5196,sign_reversed_2023
7,SC5,Tehran,Health indicator,1.1969202672048268e+16,1.2490950796334494e+16,sign_reversed_2023
7,SC5,Tehran,Modal share: car,0.5531652918690666,0.5445662906112877,sign_reversed_2023
7,SC5,Tehran,Modal share: public transport,0.151381151443517,0.1594045129105219,sign_reversed_2023
7,SC5,Tehran,NOₓ emissions,63211.34480545481,64114.447873334415,sign_reversed_2023
7,SC5,Tehran,PM₂.₅ emissions,1139.2265802232198,1166.9706105074868,sign_reversed_2023
7,SC5,Tehran,Time loss (car),872206314.8573418,892194883.2907557,sign_reversed_2023
7,SC5,Tehran,PCE-weighted VKT,70296707419.95,71817150521.57281,sign_reversed_2023
7,SC5,Tehran,STOCK::inflation_index_effective,63.87869652292867,142.92185698706032,sign_reversed_2023
7,SC5,Tehran,STOCK::cost_index_rhc_fare,29.51624016041301,60.18207770689028,sign_reversed_2023
7,SC5,Tehran,STOCK::cost_index_bus_fare,84.36487247380374,169.56239313950334,sign_reversed_2023
7,SC5,Tehran,STOCK::cost_index_metro_fare,45.68752260248281,85.07059173023467,sign_reversed_2023
7,SC5,Tehran,STOCK::len_bik,941.660883050843,1278.6481875338736,sign_reversed_2023
7,SC5,Tehran,STOCK::len_brt,154.26881632653323,147.0150000000056,sign_reversed_2023
7,SC5,Tehran,STOCK::len_hwy,2678.5357142857,2865.749999999971,sign_reversed_2023
7,SC5,Tehran,STOCK::len_met,329.4582482993224,371.175,sign_reversed_2023
7,SC5,Tehran,STOCK::population_city,10224609.85776668,10594094.878832586,sign_reversed_2023
7,SC5,Tehran,STOCK::private_cars_total,4192415.099736402,4343924.107633086,sign_reversed_2023
7,SC5,Tehran,STOCK::taxis_total,78784.0,78784.0,sign_reversed_2023
7,SC5,Tehran,STOCK::metro_cars_total,1182.2600000000002,1184.36,sign_reversed_2023
7,SC5,Tehran,STOCK::brts_total,963.0217687074846,999.0376190476236,sign_reversed_2023
7,SC5,Tehran,STOCK::buses_total,2107.78877551022,2206.368571428616,sign_reversed_2023
7,SC5,Tehran,STOCK::motorcycles_total,325417.6086656498,337177.8227351354,sign_reversed_2023
7,SC5,Tehran,STOCK::transport_financial_balance_IRR,-4464976683016160.0,-9187280357488068.0,sign_reversed_2023
7,SC6,Region 12,CO₂ emissions,259189.10995912208,263428.8153436824,sign_reversed_2023
7,SC6,Region 12,Congestion index,1.2124630251905244,1.222985417635066,sign_reversed_2023
7,SC6,Region 12,Electricity use,59505170.625093326,61018025.741906255,sign_reversed_2023
7,SC6,Region 12,Final energy,3661602721.092049,3720160169.294469,sign_reversed_2023
7,SC6,Region 12,Health indicator,389741861839197.6,386863800594440.4,sign_reversed_2023
7,SC6,Region 12,Modal share: car,0.2709237182067052,0.268886258071555,sign_reversed_2023
7,SC6,Region 12,Modal share: public transport,0.2960520492537709,0.2934084729050027,sign_reversed_2023
7,SC6,Region 12,NOₓ emissions,945.0297501809338,897.5165741784112,sign_reversed_2023
7,SC6,Region 12,PM₂.₅ emissions,24.43780225809621,20.82736317343348,sign_reversed_2023
7,SC6,Region 12,Time loss (car),80024571.28280604,82589328.38101098,sign_reversed_2023
7,SC6,Region 12,PCE-weighted VKT,1121662940.6302986,1147471462.2250166,sign_reversed_2023
7,SC6,Tehran,CO₂ emissions,16740197.070737686,17068384.8816414,sign_reversed_2023
7,SC6,Tehran,Congestion index,0.3976825552467283,0.401133853824676,sign_reversed_2023
7,SC6,Tehran,Electricity use,1131255391.008249,1312243286.486465,sign_reversed_2023
7,SC6,Tehran,Final energy,248122177766.81244,252338126902.40952,sign_reversed_2023
7,SC6,Tehran,Health indicator,1.184931361173251e+16,1.2238710516907554e+16,sign_reversed_2023
7,SC6,Tehran,Modal share: car,0.5593864174169674,0.5516354444448596,sign_reversed_2023
7,SC6,Tehran,Modal share: public transport,0.1396017506990223,0.1457660266271555,sign_reversed_2023
7,SC6,Tehran,NOₓ emissions,62404.8848050468,62261.52520741332,sign_reversed_2023
7,SC6,Tehran,PM₂.₅ emissions,1059.198972196529,1023.8439721944904,sign_reversed_2023
7,SC6,Tehran,Time loss (car),893673652.6706971,921073099.376965,sign_reversed_2023
7,SC6,Tehran,PCE-weighted VKT,71113557181.81656,72893167616.22966,sign_reversed_2023
7,SC6,Tehran,STOCK::inflation_index_effective,63.87869652292867,142.92185698706032,sign_reversed_2023
7,SC6,Tehran,STOCK::cost_index_rhc_fare,29.51624016041301,60.18207770689028,sign_reversed_2023
7,SC6,Tehran,STOCK::cost_index_bus_fare,84.36487247380374,169.56239313950334,sign_reversed_2023
7,SC6,Tehran,STOCK::cost_index_metro_fare,45.68752260248281,85.07059173023467,sign_reversed_2023
7,SC6,Tehran,STOCK::len_bik,941.660883050843,1278.6481875338736,sign_reversed_2023
7,SC6,Tehran,STOCK::len_brt,145.8321428571453,133.6500000000051,sign_reversed_2023
7,SC6,Tehran,STOCK::len_hwy,2678.5357142857,2865.749999999971,sign_reversed_2023
7,SC6,Tehran,STOCK::len_met,320.3214285714312,353.5,sign_reversed_2023
7,SC6,Tehran,STOCK::population_city,10225409.834095022,10596221.663438711,sign_reversed_2023
7,SC6,Tehran,STOCK::private_cars_total,4192415.099736402,4343924.107633086,sign_reversed_2023
7,SC6,Tehran,STOCK::taxis_total,78784.0,78784.0,sign_reversed_2023
7,SC6,Tehran,STOCK::metro_cars_total,1181.0,1181.0,sign_reversed_2023
7,SC6,Tehran,STOCK::brts_total,942.0,942.0,sign_reversed_2023
7,SC6,Tehran,STOCK::buses_total,2047.0,2047.0,sign_reversed_2023
7,SC6,Tehran,STOCK::motorcycles_total,325417.6086656498,337177.8227351354,sign_reversed_2023
7,SC6,Tehran,STOCK::transport_financial_balance_IRR,-4449331046539105.0,-9135482623023254.0,sign_reversed_2023
7,SC8,Region 12,CO₂ emissions,255029.99844071976,256882.6538475213,sign_reversed_2023
7,SC8,Region 12,Congestion index,1.1720635399231352,1.155740765683347,sign_reversed_2023
7,SC8,Region 12,Electricity use,64072655.26167259,65802026.05901383,sign_reversed_2023
7,SC8,Region 12,Final energy,3576250916.545287,3598244970.778275,sign_reversed_2023
7,SC8,Region 12,Health indicator,386303336407653.2,382267345319319.0,sign_reversed_2023
7,SC8,Region 12,Modal share: car,0.259652317242899,0.2534633248925459,sign_reversed_2023
7,SC8,Region 12,Modal share: public transport,0.3179980571353204,0.3178056241621143,sign_reversed_2023
7,SC8,Region 12,NOₓ emissions,949.1410866848518,916.6449674618976,sign_reversed_2023
7,SC8,Region 12,PM₂.₅ emissions,26.208333071803924,24.15884419801743,sign_reversed_2023
7,SC8,Region 12,Time loss (car),72792925.89271621,71345983.43573761,sign_reversed_2023
7,SC8,Region 12,PCE-weighted VKT,1068885636.7015305,1066308202.7195896,sign_reversed_2023
7,SC8,Tehran,CO₂ emissions,16221757.97017214,16153987.457154743,sign_reversed_2023
7,SC8,Tehran,Congestion index,0.3844317012429427,0.3790779028725763,sign_reversed_2023
7,SC8,Tehran,Electricity use,1198529634.917937,1363338096.3834188,sign_reversed_2023
7,SC8,Tehran,Final energy,239962205457.65823,238287787520.7521,sign_reversed_2023
7,SC8,Tehran,Health indicator,1.1721083476905682e+16,1.202129825518056e+16,sign_reversed_2023
7,SC8,Tehran,Modal share: car,0.5476831787892157,0.536111437849393,sign_reversed_2023
7,SC8,Tehran,Modal share: public transport,0.1538132002320386,0.1618260137019029,sign_reversed_2023
7,SC8,Tehran,NOₓ emissions,60851.49756688516,59671.62539917,sign_reversed_2023
7,SC8,Tehran,PM₂.₅ emissions,1059.7170564744022,1024.3873875783083,sign_reversed_2023
7,SC8,Tehran,Time loss (car),825198083.5141453,804850383.6852065,sign_reversed_2023
7,SC8,Tehran,PCE-weighted VKT,68735624412.20845,68885208391.75235,sign_reversed_2023
7,SC8,Tehran,STOCK::inflation_index_effective,63.87869652292867,142.92185698706032,sign_reversed_2023
7,SC8,Tehran,STOCK::cost_index_rhc_fare,29.51624016041301,60.18207770689028,sign_reversed_2023
7,SC8,Tehran,STOCK::cost_index_bus_fare,60.26793001761512,106.36159228555996,sign_reversed_2023
7,SC8,Tehran,STOCK::cost_index_metro_fare,35.161126476087375,58.82076106461197,sign_reversed_2023
7,SC8,Tehran,STOCK::len_bik,941.660883050843,1278.6481875338736,sign_reversed_2023
7,SC8,Tehran,STOCK::len_brt,145.8321428571453,133.6500000000051,sign_reversed_2023
7,SC8,Tehran,STOCK::len_hwy,2678.5357142857,2865.749999999971,sign_reversed_2023
7,SC8,Tehran,STOCK::len_met,320.3214285714312,353.5,sign_reversed_2023
7,SC8,Tehran,STOCK::population_city,10226318.361622438,10598512.720795412,sign_reversed_2023
7,SC8,Tehran,STOCK::private_cars_total,4192415.099736402,4343924.107633086,sign_reversed_2023
7,SC8,Tehran,STOCK::taxis_total,78784.0,78784.0,sign_reversed_2023
7,SC8,Tehran,STOCK::metro_cars_total,1181.0,1181.0,sign_reversed_2023
7,SC8,Tehran,STOCK::brts_total,942.0,942.0,sign_reversed_2023
7,SC8,Tehran,STOCK::buses_total,2047.0,2047.0,sign_reversed_2023
7,SC8,Tehran,STOCK::motorcycles_total,325417.6086656498,337177.8227351354,sign_reversed_2023
7,SC8,Tehran,STOCK::transport_financial_balance_IRR,-4585143872152872.0,-9491518103837282.0,sign_reversed_2023
0,SC1,Region 12,CO₂ emissions,244102.1871406617,248272.73856198223,empirical_2019
0,SC1,Region 12,Congestion index,1.2406196778773229,1.2440529191072374,empirical_2019
0,SC1,Region 12,Electricity use,69810431.58470145,71875761.55560052,empirical_2019
0,SC1,Region 12,Final energy,3393887897.1341925,3448910301.600269,empirical_2019
0,SC1,Region 12,Health indicator,396509703755289.9,401741186771683.9,empirical_2019
0,SC1,Region 12,Modal share: car,0.2354834064451999,0.2327617023143053,empirical_2019
0,SC1,Region 12,Modal share: public transport,0.2932533162169787,0.2908397499646448,empirical_2019
0,SC1,Region 12,NOₓ emissions,943.600206239106,961.3074063269584,empirical_2019
0,SC1,Region 12,PM₂.₅ emissions,30.238730475007696,31.12449537593725,empirical_2019
0,SC1,Region 12,Time loss (car),72065300.96415584,73414341.57400557,empirical_2019
0,SC1,Region 12,PCE-weighted VKT,1055445416.0179555,1060829385.8965352,empirical_2019
0,SC1,Tehran,CO₂ emissions,17472589.26898978,17745744.494564664,empirical_2019
0,SC1,Tehran,Congestion index,0.4069178138525907,0.4080439019202052,empirical_2019
0,SC1,Tehran,Electricity use,1222195573.8924394,1401882889.230338,empirical_2019
0,SC1,Tehran,Final energy,258215791351.96823,261552817863.8576,empirical_2019
0,SC1,Tehran,Health indicator,1.2228909635530518e+16,1.2743282802211994e+16,empirical_2019
0,SC1,Tehran,Modal share: car,0.6110615674192724,0.6072968090765412,empirical_2019
0,SC1,Tehran,Modal share: public transport,0.1088654242232661,0.1113829680023784,empirical_2019
0,SC1,Tehran,NOₓ emissions,66151.71134828599,66967.73804427542,empirical_2019
0,SC1,Tehran,PM₂.₅ emissions,1185.7338539682391,1207.6546046844992,empirical_2019
0,SC1,Tehran,Time loss (car),976209137.286418,997251063.583394,empirical_2019
0,SC1,Tehran,PCE-weighted VKT,72764507143.24033,74148846460.73767,empirical_2019
0,SC1,Tehran,STOCK::inflation_index_effective,63.87869652292867,142.92185698706032,empirical_2019
0,SC1,Tehran,STOCK::cost_index_rhc_fare,29.51624016041301,60.18207770689028,empirical_2019
0,SC1,Tehran,STOCK::cost_index_bus_fare,84.36487247380374,169.56239313950334,empirical_2019
0,SC1,Tehran,STOCK::cost_index_metro_fare,45.68752260248281,85.07059173023467,empirical_2019
0,SC1,Tehran,STOCK::len_bik,941.660883050843,1278.6481875338736,empirical_2019
0,SC1,Tehran,STOCK::len_brt,145.8321428571453,133.6500000000051,empirical_2019
0,SC1,Tehran,STOCK::len_hwy,2678.5357142857,2865.749999999971,empirical_2019
0,SC1,Tehran,STOCK::len_met,320.3214285714312,353.5,empirical_2019
0,SC1,Tehran,STOCK::population_city,10216160.792544257,10582980.588711824,empirical_2019
0,SC1,Tehran,STOCK::private_cars_total,4192415.099736402,4343924.107633086,empirical_2019
0,SC1,Tehran,STOCK::taxis_total,78784.0,78784.0,empirical_2019
0,SC1,Tehran,STOCK::metro_cars_total,1181.0,1181.0,empirical_2019
0,SC1,Tehran,STOCK::brts_total,942.0,942.0,empirical_2019
0,SC1,Tehran,STOCK::buses_total,2047.0,2047.0,empirical_2019
0,SC1,Tehran,STOCK::motorcycles_total,325417.6086656498,337177.8227351354,empirical_2019
0,SC1,Tehran,STOCK::transport_financial_balance_IRR,-3711271329838976.0,-7316025208287608.0,empirical_2019
0,SC2,Region 12,CO₂ emissions,242951.66497159825,244669.7851066714,empirical_2019
0,SC2,Region 12,Congestion index,1.2618592700724505,1.2825101227391549,empirical_2019
0,SC2,Region 12,Electricity use,70300493.09273997,72792539.81133693,empirical_2019
0,SC2,Region 12,Final energy,3373568093.959678,3388976824.388282,empirical_2019
0,SC2,Region 12,Health indicator,398545212151629.6,404851483524471.3,empirical_2019
0,SC2,Region 12,Modal share: car,0.2314764462154889,0.2238855081716963,empirical_2019
0,SC2,Region 12,Modal share: public transport,0.295306060120494,0.2956188021306496,empirical_2019
0,SC2,Region 12,NOₓ emissions,940.3251841721502,950.1228186862108,empirical_2019
0,SC2,Region 12,PM₂.₅ emissions,30.430348272315005,31.450219155659788,empirical_2019
0,SC2,Region 12,Time loss (car),72705982.88170885,74045203.5931307,empirical_2019
0,SC2,Region 12,PCE-weighted VKT,1072461050.8679172,1088315345.157982,empirical_2019
0,SC2,Tehran,CO₂ emissions,17761741.040238727,18255570.71181328,empirical_2019
0,SC2,Tehran,Congestion index,0.4138843069505798,0.4206576960650464,empirical_2019
0,SC2,Tehran,Electricity use,1262565674.0915878,1482177760.740039,empirical_2019
0,SC2,Tehran,Final energy,262406535409.0124,268945990002.0576,empirical_2019
0,SC2,Tehran,Health indicator,1.2335942488425252e+16,1.2936357487815236e+16,empirical_2019
0,SC2,Tehran,Modal share: car,0.6060450750508061,0.5953480990039697,empirical_2019
0,SC2,Tehran,Modal share: public transport,0.1105395105391817,0.1144087482679147,empirical_2019
0,SC2,Tehran,NOₓ emissions,67265.18699029447,68932.60507008302,empirical_2019
0,SC2,Tehran,PM₂.₅ emissions,1212.1766880490145,1256.7086527370382,empirical_2019
0,SC2,Tehran,Time loss (car),1012920449.4718904,1062083177.2284644,empirical_2019
0,SC2,Tehran,PCE-weighted VKT,74030951139.96725,76452851101.30318,empirical_2019
0,SC2,Tehran,STOCK::inflation_index_effective,63.87869652292867,142.92185698706032,empirical_2019
0,SC2,Tehran,STOCK::cost_index_rhc_fare,29.51624016041301,60.18207770689028,empirical_2019
0,SC2,Tehran,STOCK::cost_index_bus_fare,84.36487247380374,169.56239313950334,empirical_2019
0,SC2,Tehran,STOCK::cost_index_metro_fare,45.68752260248281,85.07059173023467,empirical_2019
0,SC2,Tehran,STOCK::len_bik,942.3771584972671,1280.1311995956578,empirical_2019
0,SC2,Tehran,STOCK::len_brt,145.8321428571453,133.6500000000051,empirical_2019
0,SC2,Tehran,STOCK::len_hwy,2678.5357142857,2865.749999999971,empirical_2019
0,SC2,Tehran,STOCK::len_met,320.3214285714312,353.5,empirical_2019
0,SC2,Tehran,STOCK::population_city,10215415.370779067,10581071.509261971,empirical_2019
0,SC2,Tehran,STOCK::private_cars_total,4192415.099736402,4343924.107633086,empirical_2019
0,SC2,Tehran,STOCK::taxis_total,78784.0,78784.0,empirical_2019
0,SC2,Tehran,STOCK::metro_cars_total,1181.0,1181.0,empirical_2019
0,SC2,Tehran,STOCK::brts_total,942.0,942.0,empirical_2019
0,SC2,Tehran,STOCK::buses_total,2047.0,2047.0,empirical_2019
0,SC2,Tehran,STOCK::motorcycles_total,325417.6086656498,337177.8227351354,empirical_2019
0,SC2,Tehran,STOCK::transport_financial_balance_IRR,-3742146079425236.0,-7415867335154589.0,empirical_2019
0,SC3,Region 12,CO₂ emissions,243337.68032477616,246127.68496330403,empirical_2019
0,SC3,Region 12,Congestion index,1.267093240721785,1.295347260980621,empirical_2019
0,SC3,Region 12,Electricity use,69937515.13560945,72388182.6413769,empirical_2019
0,SC3,Region 12,Final energy,3381978280.793544,3414734443.483725,empirical_2019
0,SC3,Region 12,Health indicator,399311021807991.7,407043661592879.3,empirical_2019
0,SC3,Region 12,Modal share: car,0.2322522693742118,0.22405838997193,empirical_2019
0,SC3,Region 12,Modal share: public transport,0.2937947878134578,0.2928525884601349,empirical_2019
0,SC3,Region 12,NOₓ emissions,941.6460765546396,955.2304949365678,empirical_2019
0,SC3,Region 12,PM₂.₅ emissions,30.362260634731395,31.4151371855521,empirical_2019
0,SC3,Region 12,Time loss (car),73430196.850481,75265032.83322765,empirical_2019
0,SC3,Region 12,PCE-weighted VKT,1074822318.0073483,1096037641.7213666,empirical_2019
0,SC3,Tehran,CO₂ emissions,17847485.937944364,18477654.31157355,empirical_2019
0,SC3,Tehran,Congestion index,0.4156010263710228,0.4248682211135274,empirical_2019
0,SC3,Tehran,Electricity use,1238700543.5997157,1438606962.5094552,empirical_2019
0,SC3,Tehran,Final energy,263793305379.49976,272424132542.8172,empirical_2019
0,SC3,Tehran,Health indicator,1.2360921152994046e+16,1.3004358462585226e+16,empirical_2019
0,SC3,Tehran,Modal share: car,0.6123617016252625,0.6091732928483566,empirical_2019
0,SC3,Tehran,Modal share: public transport,0.1078852050905319,0.1096282550040107,empirical_2019
0,SC3,Tehran,NOₓ emissions,67583.99736573147,69761.63118937095,empirical_2019
0,SC3,Tehran,PM₂.₅ emissions,1211.082511692891,1257.7798664611182,empirical_2019
0,SC3,Tehran,Time loss (car),1026091200.76844,1095131650.313577,empirical_2019
0,SC3,Tehran,PCE-weighted VKT,74324753955.38733,77206124990.82104,empirical_2019
0,SC3,Tehran,STOCK::inflation_index_effective,63.87869652292867,142.92185698706032,empirical_2019
0,SC3,Tehran,STOCK::cost_index_rhc_fare,29.51624016041301,60.18207770689028,empirical_2019
0,SC3,Tehran,STOCK::cost_index_bus_fare,84.36487247380374,169.56239313950334,empirical_2019
0,SC3,Tehran,STOCK::cost_index_metro_fare,45.68752260248281,85.07059173023467,empirical_2019
0,SC3,Tehran,STOCK::len_bik,941.660883050843,1278.6481875338736,empirical_2019
0,SC3,Tehran,STOCK::len_brt,145.8321428571453,133.6500000000051,empirical_2019
0,SC3,Tehran,STOCK::len_hwy,2678.5357142857,2865.749999999971,empirical_2019
0,SC3,Tehran,STOCK::len_met,320.3214285714312,353.5,empirical_2019
0,SC3,Tehran,STOCK::population_city,10215291.182957212,10580632.136956612,empirical_2019
0,SC3,Tehran,STOCK::private_cars_total,4192415.099736402,4343924.107633086,empirical_2019
0,SC3,Tehran,STOCK::taxis_total,78784.0,78784.0,empirical_2019
0,SC3,Tehran,STOCK::metro_cars_total,1181.0,1181.0,empirical_2019
0,SC3,Tehran,STOCK::brts_total,942.0,942.0,empirical_2019
0,SC3,Tehran,STOCK::buses_total,2047.0,2047.0,empirical_2019
0,SC3,Tehran,STOCK::motorcycles_total,325417.6086656498,337177.8227351354,empirical_2019
0,SC3,Tehran,STOCK::transport_financial_balance_IRR,-3719728345678341.0,-7345220969058146.0,empirical_2019
0,SC4,Region 12,CO₂ emissions,242400.3121091775,246733.5505712912,empirical_2019
0,SC4,Region 12,Congestion index,1.2567538519913328,1.2860207995271191,empirical_2019
0,SC4,Region 12,Electricity use,73855657.83924064,75015286.2231963,empirical_2019
0,SC4,Region 12,Final energy,3347752740.218576,3409646575.7372465,empirical_2019
0,SC4,Region 12,Health indicator,397057896580314.6,405555263464306.4,empirical_2019
0,SC4,Region 12,Modal share: car,0.2308886823391485,0.2301453552489749,empirical_2019
0,SC4,Region 12,Modal share: public transport,0.3099646024782455,0.3049776205592132,empirical_2019
0,SC4,Region 12,NOₓ emissions,929.8709146020472,949.6024683890562,empirical_2019
0,SC4,Region 12,PM₂.₅ emissions,29.86883304001907,30.779710018209293,empirical_2019
0,SC4,Region 12,Time loss (car),72130559.8482597,76441256.87261975,empirical_2019
0,SC4,Region 12,PCE-weighted VKT,1053790839.2742383,1081666024.1088293,empirical_2019
0,SC4,Tehran,CO₂ emissions,17762651.775802698,18408383.92532487,empirical_2019
0,SC4,Tehran,Congestion index,0.4122097522087701,0.421809182656123,empirical_2019
0,SC4,Tehran,Electricity use,1322914312.3418355,1509367841.4009695,empirical_2019
0,SC4,Tehran,Final energy,262098579368.594,271014741036.832,empirical_2019
0,SC4,Tehran,Health indicator,1.2322595523285514e+16,1.297019014789429e+16,empirical_2019
0,SC4,Tehran,Modal share: car,0.6075722273917361,0.6073890323409866,empirical_2019
0,SC4,Tehran,Modal share: public transport,0.1167130500674715,0.1168863692129713,empirical_2019
0,SC4,Tehran,NOₓ emissions,67143.1686993812,69386.16919777713,empirical_2019
0,SC4,Tehran,PM₂.₅ emissions,1205.7876514303566,1251.4352562822185,empirical_2019
0,SC4,Tehran,Time loss (car),1007696289.8660609,1079141383.763511,empirical_2019
0,SC4,Tehran,PCE-weighted VKT,73718686485.387,76650243204.99318,empirical_2019
0,SC4,Tehran,STOCK::inflation_index_effective,63.87869652292867,142.92185698706032,empirical_2019
0,SC4,Tehran,STOCK::cost_index_rhc_fare,29.51624016041301,60.18207770689028,empirical_2019
0,SC4,Tehran,STOCK::cost_index_bus_fare,60.26793001761512,106.36159228555996,empirical_2019
0,SC4,Tehran,STOCK::cost_index_metro_fare,35.161126476087375,58.82076106461197,empirical_2019
0,SC4,Tehran,STOCK::len_bik,941.660883050843,1278.6481875338736,empirical_2019
0,SC4,Tehran,STOCK::len_brt,145.8321428571453,133.6500000000051,empirical_2019
0,SC4,Tehran,STOCK::len_hwy,2678.5357142857,2865.749999999971,empirical_2019
0,SC4,Tehran,STOCK::len_met,320.3214285714312,353.5,empirical_2019
0,SC4,Tehran,STOCK::population_city,10215658.941018382,10581330.565506805,empirical_2019
0,SC4,Tehran,STOCK::private_cars_total,4192415.099736402,4343924.107633086,empirical_2019
0,SC4,Tehran,STOCK::taxis_total,78784.0,78784.0,empirical_2019
0,SC4,Tehran,STOCK::metro_cars_total,1181.0,1181.0,empirical_2019
0,SC4,Tehran,STOCK::brts_total,942.0,942.0,empirical_2019
0,SC4,Tehran,STOCK::buses_total,2047.0,2047.0,empirical_2019
0,SC4,Tehran,STOCK::motorcycles_total,325417.6086656498,337177.8227351354,empirical_2019
0,SC4,Tehran,STOCK::transport_financial_balance_IRR,-3793757698214157.5,-7536569271802402.0,empirical_2019
0,SC7,Region 12,CO₂ emissions,241993.26714736625,244053.52000182812,empirical_2019
0,SC7,Region 12,Congestion index,1.2682618528746763,1.2980774580968952,empirical_2019
0,SC7,Region 12,Electricity use,75225678.87603575,83251660.27337247,empirical_2019
0,SC7,Region 12,Final energy,3322860505.504246,3302213703.2938056,empirical_2019
0,SC7,Region 12,Health indicator,396749592580230.9,402088585196212.0,empirical_2019
0,SC7,Region 12,Modal share: car,0.2371294718019242,0.236216945746793,empirical_2019
0,SC7,Region 12,Modal share: public transport,0.2915886714556079,0.2873470223963149,empirical_2019
0,SC7,Region 12,NOₓ emissions,924.416187221702,922.6076278321846,empirical_2019
0,SC7,Region 12,PM₂.₅ emissions,30.00921802209961,30.68607279872812,empirical_2019
0,SC7,Region 12,Time loss (car),75146120.20012529,79611123.94715658,empirical_2019
0,SC7,Region 12,PCE-weighted VKT,1079226941.0345504,1108206060.9850628,empirical_2019
0,SC7,Tehran,CO₂ emissions,17783697.193625305,18345943.677724663,empirical_2019
0,SC7,Tehran,Congestion index,0.4159843260324549,0.4257637137949281,empirical_2019
0,SC7,Tehran,Electricity use,1416645733.3507652,1815820774.9567137,empirical_2019
0,SC7,Tehran,Final energy,261507889282.77933,267611115390.5416,empirical_2019
0,SC7,Tehran,Health indicator,1.2312006294157974e+16,1.2901272321637792e+16,empirical_2019
0,SC7,Tehran,Modal share: car,0.6140424848077897,0.6133481258593331,empirical_2019
0,SC7,Tehran,Modal share: public transport,0.107333195579489,0.108247012796572,empirical_2019
0,SC7,Tehran,NOₓ emissions,67025.33378023657,68600.02914240844,empirical_2019
0,SC7,Tehran,PM₂.₅ emissions,1204.730413796451,1244.5401672925311,empirical_2019
0,SC7,Tehran,Time loss (car),1029300889.0157852,1102857449.746203,empirical_2019
0,SC7,Tehran,PCE-weighted VKT,74393873855.8255,77368851964.62811,empirical_2019
0,SC7,Tehran,STOCK::inflation_index_effective,63.87869652292867,142.92185698706032,empirical_2019
0,SC7,Tehran,STOCK::cost_index_rhc_fare,29.51624016041301,60.18207770689028,empirical_2019
0,SC7,Tehran,STOCK::cost_index_bus_fare,84.36487247380374,169.56239313950334,empirical_2019
0,SC7,Tehran,STOCK::cost_index_metro_fare,45.68752260248281,85.07059173023467,empirical_2019
0,SC7,Tehran,STOCK::len_bik,941.660883050843,1278.6481875338736,empirical_2019
0,SC7,Tehran,STOCK::len_brt,145.8321428571453,133.6500000000051,empirical_2019
0,SC7,Tehran,STOCK::len_hwy,2678.5357142857,2865.749999999971,empirical_2019
0,SC7,Tehran,STOCK::len_met,320.3214285714312,353.5,empirical_2019
0,SC7,Tehran,STOCK::population_city,10215631.705292586,10581505.337169953,empirical_2019
0,SC7,Tehran,STOCK::private_cars_total,4192415.099736402,4343924.107633086,empirical_2019
0,SC7,Tehran,STOCK::taxis_total,78784.0,78784.0,empirical_2019
0,SC7,Tehran,STOCK::metro_cars_total,1181.0,1181.0,empirical_2019
0,SC7,Tehran,STOCK::brts_total,942.0,942.0,empirical_2019
0,SC7,Tehran,STOCK::buses_total,2047.0,2047.0,empirical_2019
0,SC7,Tehran,STOCK::motorcycles_total,325417.6086656498,337177.8227351354,empirical_2019
0,SC7,Tehran,STOCK::transport_financial_balance_IRR,-3767976162727169.5,-7496480326787747.0,empirical_2019
0,SC9,Region 12,CO₂ emissions,239880.4850167441,240221.3441913875,empirical_2019
0,SC9,Region 12,Congestion index,1.2095116263040502,1.2095070198886204,empirical_2019
0,SC9,Region 12,Electricity use,77665190.00439186,80260131.31229003,empirical_2019
0,SC9,Region 12,Final energy,3290319465.3644915,3284645900.745037,empirical_2019
0,SC9,Region 12,Health indicator,386577876743615.9,386726879537808.2,empirical_2019
0,SC9,Region 12,Modal share: car,0.2230566913837179,0.213866123311747,empirical_2019
0,SC9,Region 12,Modal share: public transport,0.3230451519139578,0.3255523674112337,empirical_2019
0,SC9,Region 12,NOₓ emissions,891.8307401914886,876.1135927419514,empirical_2019
0,SC9,Region 12,PM₂.₅ emissions,27.76360825524566,27.287962068025266,empirical_2019
0,SC9,Region 12,Time loss (car),65614640.74726285,64571847.24835328,empirical_2019
0,SC9,Region 12,PCE-weighted VKT,1040951156.3370856,1053416238.8332688,empirical_2019
0,SC9,Tehran,CO₂ emissions,17059771.81659813,17235790.581760745,empirical_2019
0,SC9,Tehran,Congestion index,0.3967145093547385,0.3967129984706779,empirical_2019
0,SC9,Tehran,Electricity use,1547349447.7493002,1807689831.1282432,empirical_2019
0,SC9,Tehran,Final energy,250595502045.6429,252194499809.8124,empirical_2019
0,SC9,Tehran,Health indicator,1.202557482892814e+16,1.2465093718786314e+16,empirical_2019
0,SC9,Tehran,Modal share: car,0.5651089662625911,0.5469357879398197,empirical_2019
0,SC9,Tehran,Modal share: public transport,0.1499927728290737,0.1602759293550781,empirical_2019
0,SC9,Tehran,NOₓ emissions,63912.29708517726,63973.07299223427,empirical_2019
0,SC9,Tehran,PM₂.₅ emissions,1152.0668698274862,1159.3965138068802,empirical_2019
0,SC9,Tehran,Time loss (car),904563262.6574717,908861048.9486006,empirical_2019
0,SC9,Tehran,PCE-weighted VKT,70951863025.4252,72100998236.20093,empirical_2019
0,SC9,Tehran,STOCK::inflation_index_effective,63.87869652292867,142.92185698706032,empirical_2019
0,SC9,Tehran,STOCK::cost_index_rhc_fare,29.51624016041301,60.18207770689028,empirical_2019
0,SC9,Tehran,STOCK::cost_index_bus_fare,70.18799307146887,131.70713041746714,empirical_2019
0,SC9,Tehran,STOCK::cost_index_metro_fare,39.58232500141554,69.61389311940997,empirical_2019
0,SC9,Tehran,STOCK::len_bik,942.3771584972671,1280.1311995956578,empirical_2019
0,SC9,Tehran,STOCK::len_brt,150.89414693877808,141.6690000000054,empirical_2019
0,SC9,Tehran,STOCK::len_hwy,2678.5357142857,2865.749999999971,empirical_2019
0,SC9,Tehran,STOCK::len_met,325.80352040816587,364.105,empirical_2019
0,SC9,Tehran,STOCK::population_city,10217746.968214676,10586632.54938384,empirical_2019
0,SC9,Tehran,STOCK::private_cars_total,4192415.099736402,4343924.107633086,empirical_2019
0,SC9,Tehran,STOCK::taxis_total,78784.0,78784.0,empirical_2019
0,SC9,Tehran,STOCK::metro_cars_total,1181.7559999999996,1183.0159999999996,empirical_2019
0,SC9,Tehran,STOCK::brts_total,954.6130612244908,976.2225714285742,empirical_2019
0,SC9,Tehran,STOCK::buses_total,2083.473265306132,2142.6211428571687,empirical_2019
0,SC9,Tehran,STOCK::motorcycles_total,325417.6086656498,337177.8227351354,empirical_2019
0,SC9,Tehran,STOCK::transport_financial_balance_IRR,-4111778772999301.0,-8433548737427309.0,empirical_2019
1,SC1,Region 12,CO₂ emissions,210255.84283982776,212190.2840451276,sign_reversed_2019
1,SC1,Region 12,Congestion index,1.1236678581443222,1.124419204015195,sign_reversed_2019
1,SC1,Region 12,Electricity use,72557120.18013631,74880970.80388269,sign_reversed_2019
1,SC1,Region 12,Final energy,2858983042.7400217,2878513607.0283465,sign_reversed_2019
1,SC1,Region 12,Health indicator,367028479408939.4,370881095104038.7,sign_reversed_2019
1,SC1,Region 12,Modal share: car,0.1830372067458459,0.1786660881227173,sign_reversed_2019
1,SC1,Region 12,Modal share: public transport,0.4202938600730674,0.4228568517920984,sign_reversed_2019
1,SC1,Region 12,NOₓ emissions,825.0423520262686,834.0492748298254,sign_reversed_2019
1,SC1,Region 12,PM₂.₅ emissions,27.439106132351125,28.080458036926625,sign_reversed_2019
1,SC1,Region 12,Time loss (car),48068122.79618628,48217871.60349325,sign_reversed_2019
1,SC1,Region 12,PCE-weighted VKT,886491499.1995229,882932006.7125828,sign_reversed_2019
1,SC1,Tehran,CO₂ emissions,15297953.270060876,15493340.222531669,sign_reversed_2019
1,SC1,Tehran,Congestion index,0.3685581298491415,0.3688045679999098,sign_reversed_2019
1,SC1,Tehran,Electricity use,1169889293.326218,1322816027.625761,sign_reversed_2019
1,SC1,Tehran,Final energy,226907196673.039,229212522160.5309,sign_reversed_2019
1,SC1,Tehran,Health indicator,1.1526937651927188e+16,1.2004933435632156e+16,sign_reversed_2019
1,SC1,Tehran,Modal share: car,0.5097045634821218,0.504125224474632,sign_reversed_2019
1,SC1,Tehran,Modal share: public transport,0.1526527532109661,0.1570607146071986,sign_reversed_2019
1,SC1,Tehran,NOₓ emissions,58210.45207938587,58793.41927770975,sign_reversed_2019
1,SC1,Tehran,PM₂.₅ emissions,1057.3228105492133,1075.08278228788,sign_reversed_2019
1,SC1,Tehran,Time loss (car),720018697.361209,730731363.0932757,sign_reversed_2019
1,SC1,Tehran,PCE-weighted VKT,65904074149.617714,67018360421.40316,sign_reversed_2019
1,SC1,Tehran,STOCK::inflation_index_effective,63.87869652292867,142.92185698706032,sign_reversed_2019
1,SC1,Tehran,STOCK::cost_index_rhc_fare,29.51624016041301,60.18207770689028,sign_reversed_2019
1,SC1,Tehran,STOCK::cost_index_bus_fare,84.36487247380374,169.56239313950334,sign_reversed_2019
1,SC1,Tehran,STOCK::cost_index_metro_fare,45.68752260248281,85.07059173023467,sign_reversed_2019
1,SC1,Tehran,STOCK::len_bik,941.660883050843,1278.6481875338736,sign_reversed_2019
1,SC1,Tehran,STOCK::len_brt,145.8321428571453,133.6500000000051,sign_reversed_2019
1,SC1,Tehran,STOCK::len_hwy,2678.5357142857,2865.749999999971,sign_reversed_2019
1,SC1,Tehran,STOCK::len_met,320.3214285714312,353.5,sign_reversed_2019
1,SC1,Tehran,STOCK::population_city,10245727.704784509,10619722.656859431,sign_reversed_2019
1,SC1,Tehran,STOCK::private_cars_total,4192415.099736402,4343924.107633086,sign_reversed_2019
1,SC1,Tehran,STOCK::taxis_total,78784.0,78784.0,sign_reversed_2019
1,SC1,Tehran,STOCK::metro_cars_total,1181.0,1181.0,sign_reversed_2019
1,SC1,Tehran,STOCK::brts_total,942.0,942.0,sign_reversed_2019
1,SC1,Tehran,STOCK::buses_total,2047.0,2047.0,sign_reversed_2019
1,SC1,Tehran,STOCK::motorcycles_total,325417.6086656498,337177.8227351354,sign_reversed_2019
1,SC1,Tehran,STOCK::transport_financial_balance_IRR,-4701713398183693.0,-9479708938465768.0,sign_reversed_2019
1,SC2,Region 12,CO₂ emissions,209234.789720742,209060.45696508363,sign_reversed_2019
1,SC2,Region 12,Congestion index,1.1426037827773663,1.1605757871391305,sign_reversed_2019
1,SC2,Region 12,Electricity use,72920812.02290806,75404040.0529022,sign_reversed_2019
1,SC2,Region 12,Final energy,2841103773.319057,2827148014.2822742,sign_reversed_2019
1,SC2,Region 12,Health indicator,368896402825853.0,373994925089404.8,sign_reversed_2019
1,SC2,Region 12,Modal share: car,0.1796673273757502,0.1710296547914786,sign_reversed_2019
1,SC2,Region 12,Modal share: public transport,0.4227147435637969,0.4285700786328658,sign_reversed_2019
1,SC2,Region 12,NOₓ emissions,822.3028662840859,825.3254515999922,sign_reversed_2019
1,SC2,Region 12,PM₂.₅ emissions,27.59354234393513,28.37922313069988,sign_reversed_2019
1,SC2,Region 12,Time loss (car),48373904.89217942,48452017.361902855,sign_reversed_2019
1,SC2,Region 12,PCE-weighted VKT,900138681.1666963,904696323.4439842,sign_reversed_2019
1,SC2,Tehran,CO₂ emissions,15546916.788223546,15962592.297347838,sign_reversed_2019
1,SC2,Tehran,Congestion index,0.3747690300890439,0.3806637687070471,sign_reversed_2019
1,SC2,Tehran,Electricity use,1207795113.1808963,1399125245.730651,sign_reversed_2019
1,SC2,Tehran,Final energy,230526090182.5968,236067464623.19675,sign_reversed_2019
1,SC2,Tehran,Health indicator,1.1623030532524106e+16,1.2187814450343566e+16,sign_reversed_2019
1,SC2,Tehran,Modal share: car,0.5052597038218078,0.4940471140863089,sign_reversed_2019
1,SC2,Tehran,Modal share: public transport,0.1546063432202405,0.159321373980274,sign_reversed_2019
1,SC2,Tehran,NOₓ emissions,59175.0262075014,60596.79882406552,sign_reversed_2019
1,SC2,Tehran,PM₂.₅ emissions,1080.214664946389,1118.733366126329,sign_reversed_2019
1,SC2,Tehran,Time loss (car),746093152.7138815,779649263.1424649,sign_reversed_2019
1,SC2,Tehran,PCE-weighted VKT,67033510872.80879,69184115020.02002,sign_reversed_2019
1,SC2,Tehran,STOCK::inflation_index_effective,63.87869652292867,142.92185698706032,sign_reversed_2019
1,SC2,Tehran,STOCK::cost_index_rhc_fare,29.51624016041301,60.18207770689028,sign_reversed_2019
1,SC2,Tehran,STOCK::cost_index_bus_fare,84.36487247380374,169.56239313950334,sign_reversed_2019
1,SC2,Tehran,STOCK::cost_index_metro_fare,45.68752260248281,85.07059173023467,sign_reversed_2019
1,SC2,Tehran,STOCK::len_bik,942.3771584972671,1280.1311995956578,sign_reversed_2019
1,SC2,Tehran,STOCK::len_brt,145.8321428571453,133.6500000000051,sign_reversed_2019
1,SC2,Tehran,STOCK::len_hwy,2678.5357142857,2865.749999999971,sign_reversed_2019
1,SC2,Tehran,STOCK::len_met,320.3214285714312,353.5,sign_reversed_2019
1,SC2,Tehran,STOCK::population_city,10245063.614391848,10618011.057317711,sign_reversed_2019
1,SC2,Tehran,STOCK::private_cars_total,4192415.099736402,4343924.107633086,sign_reversed_2019
1,SC2,Tehran,STOCK::taxis_total,78784.0,78784.0,sign_reversed_2019
1,SC2,Tehran,STOCK::metro_cars_total,1181.0,1181.0,sign_reversed_2019
1,SC2,Tehran,STOCK::brts_total,942.0,942.0,sign_reversed_2019
1,SC2,Tehran,STOCK::buses_total,2047.0,2047.0,sign_reversed_2019
1,SC2,Tehran,STOCK::motorcycles_total,325417.6086656498,337177.8227351354,sign_reversed_2019
1,SC2,Tehran,STOCK::transport_financial_balance_IRR,-4756494841735211.0,-9641882656693322.0,sign_reversed_2019
1,SC3,Region 12,CO₂ emissions,209630.93194467737,210431.06357954667,sign_reversed_2019
1,SC3,Region 12,Congestion index,1.1483301029525983,1.1733311886566484,sign_reversed_2019
1,SC3,Region 12,Electricity use,72635623.07847877,75233491.66207351,sign_reversed_2019
1,SC3,Region 12,Final energy,2849310221.9284124,2850611412.3100734,sign_reversed_2019
1,SC3,Region 12,Health indicator,369763830459180.9,376250258625855.4,sign_reversed_2019
1,SC3,Region 12,Modal share: car,0.1804556188180312,0.1716595097159804,sign_reversed_2019
1,SC3,Region 12,Modal share: public transport,0.4208675381871982,0.4250031600870424,sign_reversed_2019
1,SC3,Region 12,NOₓ emissions,823.5104452578734,829.2765886534124,sign_reversed_2019
1,SC3,Region 12,PM₂.₅ emissions,27.53757300766374,28.312833916009915,sign_reversed_2019
1,SC3,Region 12,Time loss (car),48962577.08869826,49455184.87339836,sign_reversed_2019
1,SC3,Region 12,PCE-weighted VKT,902634829.2094114,912017567.5203768,sign_reversed_2019
1,SC3,Tehran,CO₂ emissions,15643605.990937453,16187707.290408207,sign_reversed_2019
1,SC3,Tehran,Congestion index,0.3766472379948803,0.3848474844685133,sign_reversed_2019
1,SC3,Tehran,Electricity use,1187230185.356578,1361831215.903535,sign_reversed_2019
1,SC3,Tehran,Final energy,232067494458.3072,239562900248.60132,sign_reversed_2019
1,SC3,Tehran,Health indicator,1.1652851028045388e+16,1.2260549899077242e+16,sign_reversed_2019
1,SC3,Tehran,Modal share: car,0.5118379804569181,0.5078687997069933,sign_reversed_2019
1,SC3,Tehran,Modal share: public transport,0.1508184010373201,0.153298359014964,sign_reversed_2019
1,SC3,Tehran,NOₓ emissions,59526.53372227956,61429.57466058584,sign_reversed_2019
1,SC3,Tehran,PM₂.₅ emissions,1080.6340735480974,1122.1318569927937,sign_reversed_2019
1,SC3,Tehran,Time loss (car),758067758.1852545,807387321.2039531,sign_reversed_2019
1,SC3,Tehran,PCE-weighted VKT,67357853786.1806,69933644155.37146,sign_reversed_2019
1,SC3,Tehran,STOCK::inflation_index_effective,63.87869652292867,142.92185698706032,sign_reversed_2019
1,SC3,Tehran,STOCK::cost_index_rhc_fare,29.51624016041301,60.18207770689028,sign_reversed_2019
1,SC3,Tehran,STOCK::cost_index_bus_fare,84.36487247380374,169.56239313950334,sign_reversed_2019
1,SC3,Tehran,STOCK::cost_index_metro_fare,45.68752260248281,85.07059173023467,sign_reversed_2019
1,SC3,Tehran,STOCK::len_bik,941.660883050843,1278.6481875338736,sign_reversed_2019
1,SC3,Tehran,STOCK::len_brt,145.8321428571453,133.6500000000051,sign_reversed_2019
1,SC3,Tehran,STOCK::len_hwy,2678.5357142857,2865.749999999971,sign_reversed_2019
1,SC3,Tehran,STOCK::len_met,320.3214285714312,353.5,sign_reversed_2019
1,SC3,Tehran,STOCK::population_city,10244912.174242549,10617486.829742149,sign_reversed_2019
1,SC3,Tehran,STOCK::private_cars_total,4192415.099736402,4343924.107633086,sign_reversed_2019
1,SC3,Tehran,STOCK::taxis_total,78784.0,78784.0,sign_reversed_2019
1,SC3,Tehran,STOCK::metro_cars_total,1181.0,1181.0,sign_reversed_2019
1,SC3,Tehran,STOCK::brts_total,942.0,942.0,sign_reversed_2019
1,SC3,Tehran,STOCK::buses_total,2047.0,2047.0,sign_reversed_2019
1,SC3,Tehran,STOCK::motorcycles_total,325417.6086656498,337177.8227351354,sign_reversed_2019
1,SC3,Tehran,STOCK::transport_financial_balance_IRR,-4709640304378137.0,-9499628937388296.0,sign_reversed_2019
1,SC4,Region 12,CO₂ emissions,207633.0401531417,209634.7089734659,sign_reversed_2019
1,SC4,Region 12,Congestion index,1.134963710785995,1.1610429602746402,sign_reversed_2019
1,SC4,Region 12,Electricity use,75852707.43507527,77430137.24401328,sign_reversed_2019
1,SC4,Region 12,Final energy,2801990578.859505,2826168124.2162943,sign_reversed_2019
1,SC4,Region 12,Health indicator,366885304564060.3,373964024031534.4,sign_reversed_2019
1,SC4,Region 12,Modal share: car,0.1774658820634345,0.1749390240456574,sign_reversed_2019
1,SC4,Region 12,Modal share: public transport,0.4404400934845213,0.4404999280582053,sign_reversed_2019
1,SC4,Region 12,NOₓ emissions,809.7925484727444,820.2029435007585,sign_reversed_2019
1,SC4,Region 12,PM₂.₅ emissions,26.986454422160342,27.66094809262603,sign_reversed_2019
1,SC4,Region 12,Time loss (car),47332720.21920494,49590195.89938546,sign_reversed_2019
1,SC4,Region 12,PCE-weighted VKT,878236775.6362098,893223696.2837433,sign_reversed_2019
1,SC4,Tehran,CO₂ emissions,15518750.228108428,16081638.053954896,sign_reversed_2019
1,SC4,Tehran,Congestion index,0.3722631199798921,0.3808169994467993,sign_reversed_2019
1,SC4,Tehran,Electricity use,1264485296.4904315,1427227104.63707,sign_reversed_2019
1,SC4,Tehran,Final energy,229771600117.3958,237593612050.5543,sign_reversed_2019
1,SC4,Tehran,Health indicator,1.1604107203309434e+16,1.2216902392575274e+16,sign_reversed_2019
1,SC4,Tehran,Modal share: car,0.5055846181684032,0.504990516210791,sign_reversed_2019
1,SC4,Tehran,Modal share: public transport,0.1631685725664697,0.1635036224794239,sign_reversed_2019
1,SC4,Tehran,NOₓ emissions,58983.47180143655,60958.9357535689,sign_reversed_2019
1,SC4,Tehran,PM₂.₅ emissions,1074.6556479446128,1115.4991817790617,sign_reversed_2019
1,SC4,Tehran,Time loss (car),738200829.9359316,789687356.3859464,sign_reversed_2019
1,SC4,Tehran,PCE-weighted VKT,66574001756.97417,69201233222.06012,sign_reversed_2019
1,SC4,Tehran,STOCK::inflation_index_effective,63.87869652292867,142.92185698706032,sign_reversed_2019
1,SC4,Tehran,STOCK::cost_index_rhc_fare,29.51624016041301,60.18207770689028,sign_reversed_2019
1,SC4,Tehran,STOCK::cost_index_bus_fare,60.26793001761512,106.36159228555996,sign_reversed_2019
1,SC4,Tehran,STOCK::cost_index_metro_fare,35.161126476087375,58.82076106461197,sign_reversed_2019
1,SC4,Tehran,STOCK::len_bik,941.660883050843,1278.6481875338736,sign_reversed_2019
1,SC4,Tehran,STOCK::len_brt,145.8321428571453,133.6500000000051,sign_reversed_2019
1,SC4,Tehran,STOCK::len_hwy,2678.5357142857,2865.749999999971,sign_reversed_2019
1,SC4,Tehran,STOCK::len_met,320.3214285714312,353.5,sign_reversed_2019
1,SC4,Tehran,STOCK::population_city,10245361.94872495,10618371.77069766,sign_reversed_2019
1,SC4,Tehran,STOCK::private_cars_total,4192415.099736402,4343924.107633086,sign_reversed_2019
1,SC4,Tehran,STOCK::taxis_total,78784.0,78784.0,sign_reversed_2019
1,SC4,Tehran,STOCK::metro_cars_total,1181.0,1181.0,sign_reversed_2019
1,SC4,Tehran,STOCK::brts_total,942.0,942.0,sign_reversed_2019
1,SC4,Tehran,STOCK::buses_total,2047.0,2047.0,sign_reversed_2019
1,SC4,Tehran,STOCK::motorcycles_total,325417.6086656498,337177.8227351354,sign_reversed_2019
1,SC4,Tehran,STOCK::transport_financial_balance_IRR,-4864755956658791.0,-9897112015410782.0,sign_reversed_2019
1,SC7,Region 12,CO₂ emissions,208156.4624666613,208084.30619243247,sign_reversed_2019
1,SC7,Region 12,Congestion index,1.1495778691817162,1.1762531948973811,sign_reversed_2019
1,SC7,Region 12,Electricity use,78902001.18309252,87713866.65308043,sign_reversed_2019
1,SC7,Region 12,Final energy,2787372525.363864,2734191160.9345794,sign_reversed_2019
1,SC7,Region 12,Health indicator,365447966754619.6,367912399313231.7,sign_reversed_2019
1,SC7,Region 12,Modal share: car,0.184494993399728,0.1817242862780302,sign_reversed_2019
1,SC7,Region 12,Modal share: public transport,0.4183832294693166,0.4188448057811935,sign_reversed_2019
1,SC7,Region 12,NOₓ emissions,798.0683890291374,781.7119378913013,sign_reversed_2019
1,SC7,Region 12,PM₂.₅ emissions,26.95871698433165,27.18584763143762,sign_reversed_2019
1,SC7,Region 12,Time loss (car),50186699.58062709,52555799.13454219,sign_reversed_2019
1,SC7,Region 12,PCE-weighted VKT,906854326.64193,923473810.8371348,sign_reversed_2019
1,SC7,Tehran,CO₂ emissions,15538118.008560756,15968622.909213196,sign_reversed_2019
1,SC7,Tehran,Congestion index,0.3770564998462,0.3858058897015957,sign_reversed_2019
1,SC7,Tehran,Electricity use,1470842018.2475204,1958631324.9057536,sign_reversed_2019
1,SC7,Tehran,Final energy,228451321781.1724,231952453601.6558,sign_reversed_2019
1,SC7,Tehran,Health indicator,1.1563423553561562e+16,1.2074299010077294e+16,sign_reversed_2019
1,SC7,Tehran,Modal share: car,0.5135831336588798,0.5121961394099438,sign_reversed_2019
1,SC7,Tehran,Modal share: public transport,0.15013834799003,0.1516049037254507,sign_reversed_2019
1,SC7,Tehran,NOₓ emissions,58553.9717592492,59428.63429044915,sign_reversed_2019
1,SC7,Tehran,PM₂.₅ emissions,1068.291609715128,1097.4575378298862,sign_reversed_2019
1,SC7,Tehran,Time loss (car),760949618.1764088,814337964.3569925,sign_reversed_2019
1,SC7,Tehran,PCE-weighted VKT,67431653070.19282,70107803460.63388,sign_reversed_2019
1,SC7,Tehran,STOCK::inflation_index_effective,63.87869652292867,142.92185698706032,sign_reversed_2019
1,SC7,Tehran,STOCK::cost_index_rhc_fare,29.51624016041301,60.18207770689028,sign_reversed_2019
1,SC7,Tehran,STOCK::cost_index_bus_fare,84.36487247380374,169.56239313950334,sign_reversed_2019
1,SC7,Tehran,STOCK::cost_index_metro_fare,45.68752260248281,85.07059173023467,sign_reversed_2019
1,SC7,Tehran,STOCK::len_bik,941.660883050843,1278.6481875338736,sign_reversed_2019
1,SC7,Tehran,STOCK::len_brt,145.8321428571453,133.6500000000051,sign_reversed_2019
1,SC7,Tehran,STOCK::len_hwy,2678.5357142857,2865.749999999971,sign_reversed_2019
1,SC7,Tehran,STOCK::len_met,320.3214285714312,353.5,sign_reversed_2019
1,SC7,Tehran,STOCK::population_city,10245537.226545649,10619081.837079408,sign_reversed_2019
1,SC7,Tehran,STOCK::private_cars_total,4192415.099736402,4343924.107633086,sign_reversed_2019
1,SC7,Tehran,STOCK::taxis_total,78784.0,78784.0,sign_reversed_2019
1,SC7,Tehran,STOCK::metro_cars_total,1181.0,1181.0,sign_reversed_2019
1,SC7,Tehran,STOCK::brts_total,942.0,942.0,sign_reversed_2019
1,SC7,Tehran,STOCK::buses_total,2047.0,2047.0,sign_reversed_2019
1,SC7,Tehran,STOCK::motorcycles_total,325417.6086656498,337177.8227351354,sign_reversed_2019
1,SC7,Tehran,STOCK::transport_financial_balance_IRR,-4875306346729797.0,-1.0025510799354128e+16,sign_reversed_2019
1,SC9,Region 12,CO₂ emissions,205416.7896961696,203737.1015724555,sign_reversed_2019
1,SC9,Region 12,Congestion index,1.0748265803966437,1.0649915346189296,sign_reversed_2019
1,SC9,Region 12,Electricity use,79192627.42758796,81689599.28510508,sign_reversed_2019
1,SC9,Region 12,Final energy,2751288920.3268056,2714695950.0159087,sign_reversed_2019
1,SC9,Region 12,Health indicator,354944168968595.06,352628519376017.9,sign_reversed_2019
1,SC9,Region 12,Modal share: car,0.1708672484218125,0.1610174215431256,sign_reversed_2019
1,SC9,Region 12,Modal share: public transport,0.4535305332140408,0.4623952516980167,sign_reversed_2019
1,SC9,Region 12,NOₓ emissions,775.0824666266808,753.2338231960046,sign_reversed_2019
1,SC9,Region 12,PM₂.₅ emissions,25.07343837605282,24.443522485372043,sign_reversed_2019
1,SC9,Region 12,Time loss (car),41967064.58570998,40006884.60927665,sign_reversed_2019
1,SC9,Region 12,PCE-weighted VKT,865569191.2419615,865695565.6987435,sign_reversed_2019
1,SC9,Tehran,CO₂ emissions,14665853.61945214,14654661.874253444,sign_reversed_2019
1,SC9,Tehran,Congestion index,0.3525384049316251,0.3493125530461747,sign_reversed_2019
1,SC9,Tehran,Electricity use,1460413086.6129858,1679468308.795702,sign_reversed_2019
1,SC9,Tehran,Final energy,216119405219.0757,215127893796.17963,sign_reversed_2019
1,SC9,Tehran,Health indicator,1.1253945454680832e+16,1.1612697575968318e+16,sign_reversed_2019
1,SC9,Tehran,Modal share: car,0.4561166941164521,0.4353109266244291,sign_reversed_2019
1,SC9,Tehran,Modal share: public transport,0.2083668505006447,0.2227190088761746,sign_reversed_2019
1,SC9,Tehran,NOₓ emissions,55292.392108700165,54698.94844688285,sign_reversed_2019
1,SC9,Tehran,PM₂.₅ emissions,1017.6711686103982,1014.9342082876776,sign_reversed_2019
1,SC9,Tehran,Time loss (car),634752489.2066367,619706931.3721868,sign_reversed_2019
1,SC9,Tehran,PCE-weighted VKT,63046914164.29737,63486157166.90874,sign_reversed_2019
1,SC9,Tehran,STOCK::inflation_index_effective,63.87869652292867,142.92185698706032,sign_reversed_2019
1,SC9,Tehran,STOCK::cost_index_rhc_fare,29.51624016041301,60.18207770689028,sign_reversed_2019
1,SC9,Tehran,STOCK::cost_index_bus_fare,70.18799307146887,131.70713041746714,sign_reversed_2019
1,SC9,Tehran,STOCK::cost_index_metro_fare,39.58232500141554,69.61389311940997,sign_reversed_2019
1,SC9,Tehran,STOCK::len_bik,942.3771584972671,1280.1311995956578,sign_reversed_2019
1,SC9,Tehran,STOCK::len_brt,150.89414693877808,141.6690000000054,sign_reversed_2019
1,SC9,Tehran,STOCK::len_hwy,2678.5357142857,2865.749999999971,sign_reversed_2019
1,SC9,Tehran,STOCK::len_met,325.80352040816587,364.105,sign_reversed_2019
1,SC9,Tehran,STOCK::population_city,10247792.978334522,10624611.86533035,sign_reversed_2019
1,SC9,Tehran,STOCK::private_cars_total,4192415.099736402,4343924.107633086,sign_reversed_2019
1,SC9,Tehran,STOCK::taxis_total,78784.0,78784.0,sign_reversed_2019
1,SC9,Tehran,STOCK::metro_cars_total,1181.7559999999996,1183.0159999999996,sign_reversed_2019
1,SC9,Tehran,STOCK::brts_total,954.6130612244908,976.2225714285742,sign_reversed_2019
1,SC9,Tehran,STOCK::buses_total,2083.473265306132,2142.6211428571687,sign_reversed_2019
1,SC9,Tehran,STOCK::motorcycles_total,325417.6086656498,337177.8227351354,sign_reversed_2019
1,SC9,Tehran,STOCK::transport_financial_balance_IRR,-5416108876945178.0,-1.1466110310503838e+16,sign_reversed_2019
2,SC1,Region 12,CO₂ emissions,238460.00938991416,242545.50714750213,empirical_2021
2,SC1,Region 12,Congestion index,1.2405187662787245,1.2439022735905518,empirical_2021
2,SC1,Region 12,Electricity use,75868334.26164368,77907967.00963366,empirical_2021
2,SC1,Region 12,Final energy,3275568325.2691336,3329373946.580513,empirical_2021
2,SC1,Region 12,Health indicator,393110291350239.4,398333357215132.5,empirical_2021
2,SC1,Region 12,Modal share: car,0.2235611957814221,0.220824801468636,empirical_2021
2,SC1,Region 12,Modal share: public transport,0.329709419096518,0.3273547961613355,empirical_2021
2,SC1,Region 12,NOₓ emissions,916.1872470995274,933.6964579870584,empirical_2021
2,SC1,Region 12,PM₂.₅ emissions,29.977033908637896,30.8481823386454,empirical_2021
2,SC1,Region 12,Time loss (car),68407488.43071145,69636267.25893675,empirical_2021
2,SC1,Region 12,PCE-weighted VKT,999169314.9379584,1004399889.5396572,empirical_2021
2,SC1,Tehran,CO₂ emissions,17422268.81585471,17693563.851648487,empirical_2021
2,SC1,Tehran,Congestion index,0.4068847152907781,0.4079944908513583,empirical_2021
2,SC1,Tehran,Electricity use,1183477821.079668,1360608298.7395597,empirical_2021
2,SC1,Tehran,Final energy,258071447220.6727,261402467455.8104,empirical_2021
2,SC1,Tehran,Health indicator,1.2177630298023014e+16,1.2689859866809174e+16,empirical_2021
2,SC1,Tehran,Modal share: car,0.6071395048461505,0.6033279037025722,empirical_2021
2,SC1,Tehran,Modal share: public transport,0.1030276156035702,0.105401932467935,empirical_2021
2,SC1,Tehran,NOₓ emissions,65779.71614628859,66588.46019291828,empirical_2021
2,SC1,Tehran,PM₂.₅ emissions,1151.0704296969718,1172.407185407319,empirical_2021
2,SC1,Tehran,Time loss (car),969962972.8881994,990703443.2440996,empirical_2021
2,SC1,Tehran,PCE-weighted VKT,72758539857.05435,74139867589.24823,empirical_2021
2,SC1,Tehran,STOCK::inflation_index_effective,63.87869652292867,142.92185698706032,empirical_2021
2,SC1,Tehran,STOCK::cost_index_rhc_fare,29.51624016041301,60.18207770689028,empirical_2021
2,SC1,Tehran,STOCK::cost_index_bus_fare,84.36487247380374,169.56239313950334,empirical_2021
2,SC1,Tehran,STOCK::cost_index_metro_fare,45.68752260248281,85.07059173023467,empirical_2021
2,SC1,Tehran,STOCK::len_bik,941.660883050843,1278.6481875338736,empirical_2021
2,SC1,Tehran,STOCK::len_brt,145.8321428571453,133.6500000000051,empirical_2021
2,SC1,Tehran,STOCK::len_hwy,2678.5357142857,2865.749999999971,empirical_2021
2,SC1,Tehran,STOCK::len_met,320.3214285714312,353.5,empirical_2021
2,SC1,Tehran,STOCK::population_city,10217503.98531494,10584792.93557154,empirical_2021
2,SC1,Tehran,STOCK::private_cars_total,4192415.099736402,4343924.107633086,empirical_2021
2,SC1,Tehran,STOCK::taxis_total,78784.0,78784.0,empirical_2021
2,SC1,Tehran,STOCK::metro_cars_total,1181.0,1181.0,empirical_2021
2,SC1,Tehran,STOCK::brts_total,942.0,942.0,empirical_2021
2,SC1,Tehran,STOCK::buses_total,2047.0,2047.0,empirical_2021
2,SC1,Tehran,STOCK::motorcycles_total,325417.6086656498,337177.8227351354,empirical_2021
2,SC1,Tehran,STOCK::transport_financial_balance_IRR,-3640222794366041.0,-7165164571440473.0,empirical_2021
2,SC2,Region 12,CO₂ emissions,237349.5130510667,239081.84859037472,empirical_2021
2,SC2,Region 12,Congestion index,1.2620876866889184,1.2833596522895407,empirical_2021
2,SC2,Region 12,Electricity use,76383052.71096383,78880699.27076347,empirical_2021
2,SC2,Region 12,Final energy,3255645997.0470266,3271020156.9732304,empirical_2021
2,SC2,Region 12,Health indicator,395167450275193.06,401537416855359.2,empirical_2021
2,SC2,Region 12,Modal share: car,0.2197060962528168,0.2123287736748417,empirical_2021
2,SC2,Region 12,Modal share: public transport,0.3319590841091136,0.3327077390896049,empirical_2021
2,SC2,Region 12,NOₓ emissions,913.0238819773108,922.956874916722,empirical_2021
2,SC2,Region 12,PM₂.₅ emissions,30.166180628118145,31.168395679177763,empirical_2021
2,SC2,Region 12,Time loss (car),69027216.5535323,70295737.22779144,empirical_2021
2,SC2,Region 12,PCE-weighted VKT,1014842808.4638786,1029427806.8764042,empirical_2021
2,SC2,Tehran,CO₂ emissions,17716490.426443696,18217850.232953586,empirical_2021
2,SC2,Tehran,Congestion index,0.4139592265991056,0.4209363380321299,empirical_2021
2,SC2,Tehran,Electricity use,1223169139.6783748,1439346874.5255156,empirical_2021
2,SC2,Tehran,Final energy,262352270834.53784,269044398832.65536,empirical_2021
2,SC2,Tehran,Health indicator,1.2284808198880548e+16,1.2884712504493416e+16,empirical_2021
2,SC2,Tehran,Modal share: car,0.602470376292148,0.5918763124683986,empirical_2021
2,SC2,Tehran,Modal share: public transport,0.1046545315727851,0.1083321043509227,empirical_2021
2,SC2,Tehran,NOₓ emissions,66902.5560459731,68588.94783662295,empirical_2021
2,SC2,Tehran,PM₂.₅ emissions,1176.297751392089,1219.275810102165,empirical_2021
2,SC2,Tehran,Time loss (car),1007226151.5310344,1057260815.6266458,empirical_2021
2,SC2,Tehran,PCE-weighted VKT,74044479313.03432,76503493162.57838,empirical_2021
2,SC2,Tehran,STOCK::inflation_index_effective,63.87869652292867,142.92185698706032,empirical_2021
2,SC2,Tehran,STOCK::cost_index_rhc_fare,29.51624016041301,60.18207770689028,empirical_2021
2,SC2,Tehran,STOCK::cost_index_bus_fare,84.36487247380374,169.56239313950334,empirical_2021
2,SC2,Tehran,STOCK::cost_index_metro_fare,45.68752260248281,85.07059173023467,empirical_2021
2,SC2,Tehran,STOCK::len_bik,942.3771584972671,1280.1311995956578,empirical_2021
2,SC2,Tehran,STOCK::len_brt,145.8321428571453,133.6500000000051,empirical_2021
2,SC2,Tehran,STOCK::len_hwy,2678.5357142857,2865.749999999971,empirical_2021
2,SC2,Tehran,STOCK::len_met,320.3214285714312,353.5,empirical_2021
2,SC2,Tehran,STOCK::population_city,10216760.433030542,10582881.649361985,empirical_2021
2,SC2,Tehran,STOCK::private_cars_total,4192415.099736402,4343924.107633086,empirical_2021
2,SC2,Tehran,STOCK::taxis_total,78784.0,78784.0,empirical_2021
2,SC2,Tehran,STOCK::metro_cars_total,1181.0,1181.0,empirical_2021
2,SC2,Tehran,STOCK::brts_total,942.0,942.0,empirical_2021
2,SC2,Tehran,STOCK::buses_total,2047.0,2047.0,empirical_2021
2,SC2,Tehran,STOCK::motorcycles_total,325417.6086656498,337177.8227351354,empirical_2021
2,SC2,Tehran,STOCK::transport_financial_balance_IRR,-3669186381718661.0,-7258791783356830.0,empirical_2021
2,SC3,Region 12,CO₂ emissions,237728.0512157612,240486.66095997565,empirical_2021
2,SC3,Region 12,Congestion index,1.2669906739540633,1.2952054235837989,empirical_2021
2,SC3,Region 12,Electricity use,75991340.82557067,78423054.2953307,empirical_2021
2,SC3,Region 12,Final energy,3264141511.485513,3296396902.971701,empirical_2021
2,SC3,Region 12,Health indicator,395899760244037.0,403613711680976.0,empirical_2021
2,SC3,Region 12,Modal share: car,0.2204572112484201,0.2124642008347835,empirical_2021
2,SC3,Region 12,Modal share: public transport,0.3302617596749951,0.3294524973947795,empirical_2021
2,SC3,Region 12,NOₓ emissions,914.3450473810937,927.890378176152,empirical_2021
2,SC3,Region 12,PM₂.₅ emissions,30.098802218587487,31.13246966413748,empirical_2021
2,SC3,Region 12,Time loss (car),69690554.25331354,71358122.43300426,empirical_2021
2,SC3,Region 12,PCE-weighted VKT,1017403233.7777288,1037308386.8911672,empirical_2021
2,SC3,Tehran,CO₂ emissions,17796250.063644208,18423860.396063104,empirical_2021
2,SC3,Tehran,Congestion index,0.4155673849209963,0.4248216990693694,empirical_2021
2,SC3,Tehran,Electricity use,1199602672.7459948,1396530624.9799852,empirical_2021
2,SC3,Tehran,Final energy,263644865281.79395,272269268138.4363,empirical_2021
2,SC3,Tehran,Health indicator,1.2308736169745166e+16,1.2949113879807304e+16,empirical_2021
2,SC3,Tehran,Modal share: car,0.608457994697423,0.6052523618534965,empirical_2021
2,SC3,Tehran,Modal share: public transport,0.1021037944579071,0.1037496501470683,empirical_2021
2,SC3,Tehran,NOₓ emissions,67204.01593462455,69366.90275920277,empirical_2021
2,SC3,Tehran,PM₂.₅ emissions,1175.662256388783,1220.9793191135605,empirical_2021
2,SC3,Tehran,Time loss (car),1019550766.7731608,1088032807.466215,empirical_2021
2,SC3,Tehran,PCE-weighted VKT,74318692694.96227,77197671106.58682,empirical_2021
2,SC3,Tehran,STOCK::inflation_index_effective,63.87869652292867,142.92185698706032,empirical_2021
2,SC3,Tehran,STOCK::cost_index_rhc_fare,29.51624016041301,60.18207770689028,empirical_2021
2,SC3,Tehran,STOCK::cost_index_bus_fare,84.36487247380374,169.56239313950334,empirical_2021
2,SC3,Tehran,STOCK::cost_index_metro_fare,45.68752260248281,85.07059173023467,empirical_2021
2,SC3,Tehran,STOCK::len_bik,941.660883050843,1278.6481875338736,empirical_2021
2,SC3,Tehran,STOCK::len_brt,145.8321428571453,133.6500000000051,empirical_2021
2,SC3,Tehran,STOCK::len_hwy,2678.5357142857,2865.749999999971,empirical_2021
2,SC3,Tehran,STOCK::len_met,320.3214285714312,353.5,empirical_2021
2,SC3,Tehran,STOCK::population_city,10216640.465337535,10582460.692210846,empirical_2021
2,SC3,Tehran,STOCK::private_cars_total,4192415.099736402,4343924.107633086,empirical_2021
2,SC3,Tehran,STOCK::taxis_total,78784.0,78784.0,empirical_2021
2,SC3,Tehran,STOCK::metro_cars_total,1181.0,1181.0,empirical_2021
2,SC3,Tehran,STOCK::brts_total,942.0,942.0,empirical_2021
2,SC3,Tehran,STOCK::buses_total,2047.0,2047.0,empirical_2021
2,SC3,Tehran,STOCK::motorcycles_total,325417.6086656498,337177.8227351354,empirical_2021
2,SC3,Tehran,STOCK::transport_financial_balance_IRR,-3648107700208129.5,-7192398759660348.0,empirical_2021
2,SC4,Region 12,CO₂ emissions,236505.8744426641,240751.3352404744,empirical_2021
2,SC4,Region 12,Congestion index,1.2571604368817726,1.286340508476839,empirical_2021
2,SC4,Region 12,Electricity use,80025649.58999884,81176789.87625699,empirical_2021
2,SC4,Region 12,Final energy,3224971410.0581927,3285360522.103326,empirical_2021
2,SC4,Region 12,Health indicator,393547787868190.06,402027950458142.2,empirical_2021
2,SC4,Region 12,Modal share: car,0.2185501753098083,0.217905023838832,empirical_2021
2,SC4,Region 12,Modal share: public transport,0.3476321827804567,0.3427664103033567,empirical_2021
2,SC4,Region 12,NOₓ emissions,901.328275793252,920.9048613517606,empirical_2021
2,SC4,Region 12,PM₂.₅ emissions,29.56946266072569,30.47802277425387,empirical_2021
2,SC4,Region 12,Time loss (car),68310070.49340849,72403829.16896413,empirical_2021
2,SC4,Region 12,PCE-weighted VKT,995083254.5365115,1021725204.50207,empirical_2021
2,SC4,Tehran,CO₂ emissions,17717117.615278147,18359808.278610133,empirical_2021
2,SC4,Tehran,Congestion index,0.4123431102698371,0.4219140457896109,empirical_2021
2,SC4,Tehran,Electricity use,1281361312.612135,1465236378.0220065,empirical_2021
2,SC4,Tehran,Final energy,262042414361.54056,270940743302.88995,empirical_2021
2,SC4,Tehran,Health indicator,1.2273153503810002e+16,1.2917922177706346e+16,empirical_2021
2,SC4,Tehran,Modal share: car,0.60398948289871,0.6037018141356197,empirical_2021
2,SC4,Tehran,Modal share: public transport,0.110485287260493,0.1106321608467208,empirical_2021
2,SC4,Tehran,NOₓ emissions,66791.02093738162,69019.22255041028,empirical_2021
2,SC4,Tehran,PM₂.₅ emissions,1171.2819485134555,1215.8450767829995,empirical_2021
2,SC4,Tehran,Time loss (car),1002228231.9853317,1073055511.3784308,empirical_2021
2,SC4,Tehran,PCE-weighted VKT,73742473149.4171,76669298704.53084,empirical_2021
2,SC4,Tehran,STOCK::inflation_index_effective,63.87869652292867,142.92185698706032,empirical_2021
2,SC4,Tehran,STOCK::cost_index_rhc_fare,29.51624016041301,60.18207770689028,empirical_2021
2,SC4,Tehran,STOCK::cost_index_bus_fare,60.26793001761512,106.36159228555996,empirical_2021
2,SC4,Tehran,STOCK::cost_index_metro_fare,35.161126476087375,58.82076106461197,empirical_2021
2,SC4,Tehran,STOCK::len_bik,941.660883050843,1278.6481875338736,empirical_2021
2,SC4,Tehran,STOCK::len_brt,145.8321428571453,133.6500000000051,empirical_2021
2,SC4,Tehran,STOCK::len_hwy,2678.5357142857,2865.749999999971,empirical_2021
2,SC4,Tehran,STOCK::len_met,320.3214285714312,353.5,empirical_2021
2,SC4,Tehran,STOCK::population_city,10216983.128717052,10583109.323150683,empirical_2021
2,SC4,Tehran,STOCK::private_cars_total,4192415.099736402,4343924.107633086,empirical_2021
2,SC4,Tehran,STOCK::taxis_total,78784.0,78784.0,empirical_2021
2,SC4,Tehran,STOCK::metro_cars_total,1181.0,1181.0,empirical_2021
2,SC4,Tehran,STOCK::brts_total,942.0,942.0,empirical_2021
2,SC4,Tehran,STOCK::buses_total,2047.0,2047.0,empirical_2021
2,SC4,Tehran,STOCK::motorcycles_total,325417.6086656498,337177.8227351354,empirical_2021
2,SC4,Tehran,STOCK::transport_financial_balance_IRR,-3716114364282992.0,-7368279175670352.0,empirical_2021
2,SC7,Region 12,CO₂ emissions,236465.3375068744,238571.63941826625,empirical_2021
2,SC7,Region 12,Congestion index,1.268132920372675,1.297874079047624,empirical_2021
2,SC7,Region 12,Electricity use,81136025.67650509,88910654.7022773,empirical_2021
2,SC7,Region 12,Final energy,3208182062.629132,3190677403.531544,empirical_2021
2,SC7,Region 12,Health indicator,393129684512724.06,398249156399735.6,empirical_2021
2,SC7,Region 12,Modal share: car,0.2251777355646275,0.2242156393795482,empirical_2021
2,SC7,Region 12,Modal share: public transport,0.3279187322824235,0.3235957489615095,empirical_2021
2,SC7,Region 12,NOₓ emissions,896.7682640058413,894.8401842963326,empirical_2021
2,SC7,Region 12,PM₂.₅ emissions,29.72097212995099,30.36290698671541,empirical_2021
2,SC7,Region 12,Time loss (car),71346555.3186878,75547852.1181105,empirical_2021
2,SC7,Region 12,PCE-weighted VKT,1021960836.0680456,1049829279.9303576,empirical_2021
2,SC7,Tehran,CO₂ emissions,17717959.179837916,18260758.96672856,empirical_2021
2,SC7,Tehran,Congestion index,0.4159420367372061,0.4256970063586456,empirical_2021
2,SC7,Tehran,Electricity use,1406193836.1889665,1835967748.8517675,empirical_2021
2,SC7,Tehran,Final energy,260918071724.6604,266500689638.0658,empirical_2021
2,SC7,Tehran,Health indicator,1.22522666147267e+16,1.2829319674839362e+16,empirical_2021
2,SC7,Tehran,Modal share: car,0.6101132463703598,0.6093635227724786,empirical_2021
2,SC7,Tehran,Modal share: public transport,0.1015796536382283,0.1024377733319739,empirical_2021
2,SC7,Tehran,NOₓ emissions,66555.46525775445,68008.94173196408,empirical_2021
2,SC7,Tehran,PM₂.₅ emissions,1168.9726269699745,1206.9921216428645,empirical_2021
2,SC7,Tehran,Time loss (car),1022699615.6575706,1095615016.4849665,empirical_2021
2,SC7,Tehran,PCE-weighted VKT,74386254517.43013,77356730035.0332,empirical_2021
2,SC7,Tehran,STOCK::inflation_index_effective,63.87869652292867,142.92185698706032,empirical_2021
2,SC7,Tehran,STOCK::cost_index_rhc_fare,29.51624016041301,60.18207770689028,empirical_2021
2,SC7,Tehran,STOCK::cost_index_bus_fare,84.36487247380374,169.56239313950334,empirical_2021
2,SC7,Tehran,STOCK::cost_index_metro_fare,45.68752260248281,85.07059173023467,empirical_2021
2,SC7,Tehran,STOCK::len_bik,941.660883050843,1278.6481875338736,empirical_2021
2,SC7,Tehran,STOCK::len_brt,145.8321428571453,133.6500000000051,empirical_2021
2,SC7,Tehran,STOCK::len_hwy,2678.5357142857,2865.749999999971,empirical_2021
2,SC7,Tehran,STOCK::len_met,320.3214285714312,353.5,empirical_2021
2,SC7,Tehran,STOCK::population_city,10217029.66453306,10583468.203263387,empirical_2021
2,SC7,Tehran,STOCK::private_cars_total,4192415.099736402,4343924.107633086,empirical_2021
2,SC7,Tehran,STOCK::taxis_total,78784.0,78784.0,empirical_2021
2,SC7,Tehran,STOCK::metro_cars_total,1181.0,1181.0,empirical_2021
2,SC7,Tehran,STOCK::brts_total,942.0,942.0,empirical_2021
2,SC7,Tehran,STOCK::buses_total,2047.0,2047.0,empirical_2021
2,SC7,Tehran,STOCK::motorcycles_total,325417.6086656498,337177.8227351354,empirical_2021
2,SC7,Tehran,STOCK::transport_financial_balance_IRR,-3688519186525676.0,-7318346677565082.0,empirical_2021
2,SC9,Region 12,CO₂ emissions,234119.65239375192,234408.3123223939,empirical_2021
2,SC9,Region 12,Congestion index,1.212276761327548,1.2139224320521655,empirical_2021
2,SC9,Region 12,Electricity use,83989406.56559849,86514455.87358893,empirical_2021
2,SC9,Region 12,Final energy,3168740445.5775456,3162475627.1779466,empirical_2021
2,SC9,Region 12,Health indicator,383363518727382.06,383707254205832.1,empirical_2021
2,SC9,Region 12,Modal share: car,0.2109214997440129,0.2019162469921757,empirical_2021
2,SC9,Region 12,Modal share: public transport,0.3614265014040846,0.3643318433388536,empirical_2021
2,SC9,Region 12,NOₓ emissions,863.8489497008073,848.4475644761011,empirical_2021
2,SC9,Region 12,PM₂.₅ emissions,27.485541686268792,27.010646272060367,empirical_2021
2,SC9,Region 12,Time loss (car),62262025.893446445,61308690.128331214,empirical_2021
2,SC9,Region 12,PCE-weighted VKT,981112997.1815876,991897698.1156616,empirical_2021
2,SC9,Tehran,CO₂ emissions,17051477.21401062,17251509.053348787,empirical_2021
2,SC9,Tehran,Congestion index,0.3976214615164953,0.3981612342974077,empirical_2021
2,SC9,Tehran,Electricity use,1498497601.2959754,1754442549.0521886,empirical_2021
2,SC9,Tehran,Final energy,251147767595.1164,253154031509.1703,empirical_2021
2,SC9,Tehran,Health indicator,1.199128763418241e+16,1.2439138630936578e+16,empirical_2021
2,SC9,Tehran,Modal share: car,0.5634201331740771,0.5457137170936937,empirical_2021
2,SC9,Tehran,Modal share: public transport,0.1413324080295359,0.1509468005947061,empirical_2021
2,SC9,Tehran,NOₓ emissions,63713.38451581714,63871.19443960588,empirical_2021
2,SC9,Tehran,PM₂.₅ emissions,1122.2716036033478,1131.5074017834736,empirical_2021
2,SC9,Tehran,Time loss (car),904043346.6800026,911328996.6409256,empirical_2021
2,SC9,Tehran,PCE-weighted VKT,71114589353.76425,72364209296.06331,empirical_2021
2,SC9,Tehran,STOCK::inflation_index_effective,63.87869652292867,142.92185698706032,empirical_2021
2,SC9,Tehran,STOCK::cost_index_rhc_fare,29.51624016041301,60.18207770689028,empirical_2021
2,SC9,Tehran,STOCK::cost_index_bus_fare,70.18799307146887,131.70713041746714,empirical_2021
2,SC9,Tehran,STOCK::cost_index_metro_fare,39.58232500141554,69.61389311940997,empirical_2021
2,SC9,Tehran,STOCK::len_bik,942.3771584972671,1280.1311995956578,empirical_2021
2,SC9,Tehran,STOCK::len_brt,150.89414693877808,141.6690000000054,empirical_2021
2,SC9,Tehran,STOCK::len_hwy,2678.5357142857,2865.749999999971,empirical_2021
2,SC9,Tehran,STOCK::len_met,325.80352040816587,364.105,empirical_2021
2,SC9,Tehran,STOCK::population_city,10218962.245543536,10588140.417086557,empirical_2021
2,SC9,Tehran,STOCK::private_cars_total,4192415.099736402,4343924.107633086,empirical_2021
2,SC9,Tehran,STOCK::taxis_total,78784.0,78784.0,empirical_2021
2,SC9,Tehran,STOCK::metro_cars_total,1181.7559999999996,1183.0159999999996,empirical_2021
2,SC9,Tehran,STOCK::brts_total,954.6130612244908,976.2225714285742,empirical_2021
2,SC9,Tehran,STOCK::buses_total,2083.473265306132,2142.6211428571687,empirical_2021
2,SC9,Tehran,STOCK::motorcycles_total,325417.6086656498,337177.8227351354,empirical_2021
2,SC9,Tehran,STOCK::transport_financial_balance_IRR,-4000947589142440.0,-8172542364633482.0,empirical_2021
3,SC1,Region 12,CO₂ emissions,218304.0507862182,220334.64025938424,sign_reversed_2021
3,SC1,Region 12,Congestion index,1.1182461963584995,1.118707764914478,sign_reversed_2021
3,SC1,Region 12,Electricity use,67794463.3934106,70155503.5026285,sign_reversed_2021
3,SC1,Region 12,Final energy,3009459879.214849,3030558430.3373523,sign_reversed_2021
3,SC1,Region 12,Health indicator,370547233403341.6,374366087145368.0,sign_reversed_2021
3,SC1,Region 12,Modal share: car,0.196900945524342,0.192392735652853,sign_reversed_2021
3,SC1,Region 12,Modal share: public transport,0.3716439660551803,0.373807656723769,sign_reversed_2021
3,SC1,Region 12,NOₓ emissions,857.9836802574594,867.1352403899147,sign_reversed_2021
3,SC1,Region 12,PM₂.₅ emissions,28.014738503657764,28.676463803633176,sign_reversed_2021
3,SC1,Region 12,Time loss (car),51329695.41722679,51519758.10328816,sign_reversed_2021
3,SC1,Region 12,PCE-weighted VKT,952903700.1065131,949582698.41626,sign_reversed_2021
3,SC1,Tehran,CO₂ emissions,15262844.83219275,15452810.723174552,sign_reversed_2021
3,SC1,Tehran,Congestion index,0.3667798485590126,0.3669312410212563,sign_reversed_2021
3,SC1,Tehran,Electricity use,1210664072.9950562,1365054319.8394876,sign_reversed_2021
3,SC1,Tehran,Final energy,225685388392.1349,227891092307.6536,sign_reversed_2021
3,SC1,Tehran,Health indicator,1.1557659215723536e+16,1.2035205155763692e+16,sign_reversed_2021
3,SC1,Tehran,Modal share: car,0.5104871963360024,0.5047635029172939,sign_reversed_2021
3,SC1,Tehran,Modal share: public transport,0.1656540143135513,0.1704609381114522,sign_reversed_2021
3,SC1,Tehran,NOₓ emissions,58319.092130353696,58885.73637150875,sign_reversed_2021
3,SC1,Tehran,PM₂.₅ emissions,1089.578118099839,1107.4458210370392,sign_reversed_2021
3,SC1,Tehran,Time loss (car),716817270.0945461,727020451.2090107,sign_reversed_2021
3,SC1,Tehran,PCE-weighted VKT,65586004907.244125,66677943535.2366,sign_reversed_2021
3,SC1,Tehran,STOCK::inflation_index_effective,63.87869652292867,142.92185698706032,sign_reversed_2021
3,SC1,Tehran,STOCK::cost_index_rhc_fare,29.51624016041301,60.18207770689028,sign_reversed_2021
3,SC1,Tehran,STOCK::cost_index_bus_fare,84.36487247380374,169.56239313950334,sign_reversed_2021
3,SC1,Tehran,STOCK::cost_index_metro_fare,45.68752260248281,85.07059173023467,sign_reversed_2021
3,SC1,Tehran,STOCK::len_bik,941.660883050843,1278.6481875338736,sign_reversed_2021
3,SC1,Tehran,STOCK::len_brt,145.8321428571453,133.6500000000051,sign_reversed_2021
3,SC1,Tehran,STOCK::len_hwy,2678.5357142857,2865.749999999971,sign_reversed_2021
3,SC1,Tehran,STOCK::len_met,320.3214285714312,353.5,sign_reversed_2021
3,SC1,Tehran,STOCK::population_city,10245904.333024267,10619688.421491388,sign_reversed_2021
3,SC1,Tehran,STOCK::private_cars_total,4192415.099736402,4343924.107633086,sign_reversed_2021
3,SC1,Tehran,STOCK::taxis_total,78784.0,78784.0,sign_reversed_2021
3,SC1,Tehran,STOCK::metro_cars_total,1181.0,1181.0,sign_reversed_2021
3,SC1,Tehran,STOCK::brts_total,942.0,942.0,sign_reversed_2021
3,SC1,Tehran,STOCK::buses_total,2047.0,2047.0,sign_reversed_2021
3,SC1,Tehran,STOCK::motorcycles_total,325417.6086656498,337177.8227351354,sign_reversed_2021
3,SC1,Tehran,STOCK::transport_financial_balance_IRR,-4923733876830367.0,-9958438911029898.0,sign_reversed_2021
3,SC2,Region 12,CO₂ emissions,217237.2855270765,217046.29968116697,sign_reversed_2021
3,SC2,Region 12,Congestion index,1.1368484456173016,1.1547536193599313,sign_reversed_2021
3,SC2,Region 12,Electricity use,68198313.04804249,70855189.44158624,sign_reversed_2021
3,SC2,Region 12,Final energy,2990675638.4363523,2976000489.7419643,sign_reversed_2021
3,SC2,Region 12,Health indicator,372385748476060.8,377365631106430.4,sign_reversed_2021
3,SC2,Region 12,Modal share: car,0.1934159692221934,0.1846260947953217,sign_reversed_2021
3,SC2,Region 12,Modal share: public transport,0.3740667698115598,0.3797484337681793,sign_reversed_2021
3,SC2,Region 12,NOₓ emissions,855.0213227847054,857.2629170006202,sign_reversed_2021
3,SC2,Region 12,PM₂.₅ emissions,28.17138181495536,28.93119508347722,sign_reversed_2021
3,SC2,Region 12,Time loss (car),51678246.72693773,51901208.35501431,sign_reversed_2021
3,SC2,Region 12,PCE-weighted VKT,967877193.0390816,973509014.866568,sign_reversed_2021
3,SC2,Tehran,CO₂ emissions,15504465.045249548,15904984.66238838,sign_reversed_2021
3,SC2,Tehran,Congestion index,0.3728813047394305,0.3787541232074302,sign_reversed_2021
3,SC2,Tehran,Electricity use,1248630528.134899,1439707268.8489914,sign_reversed_2021
3,SC2,Tehran,Final energy,229179851492.7753,234459519208.52216,sign_reversed_2021
3,SC2,Tehran,Health indicator,1.1653424361194374e+16,1.2217931256069358e+16,sign_reversed_2021
3,SC2,Tehran,Modal share: car,0.5054591032744523,0.4925926788025435,sign_reversed_2021
3,SC2,Tehran,Modal share: public transport,0.1679155012746083,0.1744893905693064,sign_reversed_2021
3,SC2,Tehran,NOₓ emissions,59270.70390258211,60667.914463411376,sign_reversed_2021
3,SC2,Tehran,PM₂.₅ emissions,1113.6791936439845,1153.6281554749455,sign_reversed_2021
3,SC2,Tehran,Time loss (car),742125614.8490595,774837268.0698587,sign_reversed_2021
3,SC2,Tehran,PCE-weighted VKT,66695730629.88515,68837044600.5217,sign_reversed_2021
3,SC2,Tehran,STOCK::inflation_index_effective,63.87869652292867,142.92185698706032,sign_reversed_2021
3,SC2,Tehran,STOCK::cost_index_rhc_fare,29.51624016041301,60.18207770689028,sign_reversed_2021
3,SC2,Tehran,STOCK::cost_index_bus_fare,84.36487247380374,169.56239313950334,sign_reversed_2021
3,SC2,Tehran,STOCK::cost_index_metro_fare,45.68752260248281,85.07059173023467,sign_reversed_2021
3,SC2,Tehran,STOCK::len_bik,942.3771584972671,1280.1311995956578,sign_reversed_2021
3,SC2,Tehran,STOCK::len_brt,145.8321428571453,133.6500000000051,sign_reversed_2021
3,SC2,Tehran,STOCK::len_hwy,2678.5357142857,2865.749999999971,sign_reversed_2021
3,SC2,Tehran,STOCK::len_met,320.3214285714312,353.5,sign_reversed_2021
3,SC2,Tehran,STOCK::population_city,10245241.031769147,10617982.549307834,sign_reversed_2021
3,SC2,Tehran,STOCK::private_cars_total,4192415.099736402,4343924.107633086,sign_reversed_2021
3,SC2,Tehran,STOCK::taxis_total,78784.0,78784.0,sign_reversed_2021
3,SC2,Tehran,STOCK::metro_cars_total,1181.0,1181.0,sign_reversed_2021
3,SC2,Tehran,STOCK::brts_total,942.0,942.0,sign_reversed_2021
3,SC2,Tehran,STOCK::buses_total,2047.0,2047.0,sign_reversed_2021
3,SC2,Tehran,STOCK::motorcycles_total,325417.6086656498,337177.8227351354,sign_reversed_2021
3,SC2,Tehran,STOCK::transport_financial_balance_IRR,-4987041415176482.0,-1.0160564280272122e+16,sign_reversed_2021
3,SC3,Region 12,CO₂ emissions,217635.2108629763,218445.5661774973,sign_reversed_2021
3,SC3,Region 12,Congestion index,1.1425962422319356,1.1676290279383628,sign_reversed_2021
3,SC3,Region 12,Electricity use,67879577.73733728,70533095.29838839,sign_reversed_2021
3,SC3,Region 12,Final energy,2999128876.761563,3000683141.2237105,sign_reversed_2021
3,SC3,Region 12,Health indicator,373264592502884.9,379725061374819.6,sign_reversed_2021
3,SC3,Region 12,Modal share: car,0.1941464551283464,0.1849465799532116,sign_reversed_2021
3,SC3,Region 12,Modal share: public transport,0.3722034483710169,0.3759175260557961,sign_reversed_2021
3,SC3,Region 12,NOₓ emissions,856.3075001103205,861.8818323887226,sign_reversed_2021
3,SC3,Region 12,PM₂.₅ emissions,28.116799967309525,28.912670766585222,sign_reversed_2021
3,SC3,Region 12,Time loss (car),52277425.40925615,52885130.54905351,sign_reversed_2021
3,SC3,Region 12,PCE-weighted VKT,970352637.9360543,981139965.7112844,sign_reversed_2021
3,SC3,Tehran,CO₂ emissions,15603187.310780052,16150630.960027222,sign_reversed_2021
3,SC3,Tehran,Congestion index,0.3747665568232102,0.3829772007586088,sign_reversed_2021
3,SC3,Tehran,Electricity use,1228315439.7296982,1405612066.3248844,sign_reversed_2021
3,SC3,Tehran,Final energy,230754361895.27832,238267055346.17352,sign_reversed_2021
3,SC3,Tehran,Health indicator,1.1682783729387172e+16,1.2293844086374476e+16,sign_reversed_2021
3,SC3,Tehran,Modal share: car,0.5124697324675249,0.5086902618409429,sign_reversed_2021
3,SC3,Tehran,Modal share: public transport,0.163866982233557,0.1663459785031986,sign_reversed_2021
3,SC3,Tehran,NOₓ emissions,59622.24176029565,61544.10866590227,sign_reversed_2021
3,SC3,Tehran,PM₂.₅ emissions,1113.4308078481731,1156.3050219649583,sign_reversed_2021
3,SC3,Tehran,Time loss (car),754223287.4813039,803739304.9807087,sign_reversed_2021
3,SC3,Tehran,PCE-weighted VKT,67021305251.72208,69593780285.35374,sign_reversed_2021
3,SC3,Tehran,STOCK::inflation_index_effective,63.87869652292867,142.92185698706032,sign_reversed_2021
3,SC3,Tehran,STOCK::cost_index_rhc_fare,29.51624016041301,60.18207770689028,sign_reversed_2021
3,SC3,Tehran,STOCK::cost_index_bus_fare,84.36487247380374,169.56239313950334,sign_reversed_2021
3,SC3,Tehran,STOCK::cost_index_metro_fare,45.68752260248281,85.07059173023467,sign_reversed_2021
3,SC3,Tehran,STOCK::len_bik,941.660883050843,1278.6481875338736,sign_reversed_2021
3,SC3,Tehran,STOCK::len_brt,145.8321428571453,133.6500000000051,sign_reversed_2021
3,SC3,Tehran,STOCK::len_hwy,2678.5357142857,2865.749999999971,sign_reversed_2021
3,SC3,Tehran,STOCK::len_met,320.3214285714312,353.5,sign_reversed_2021
3,SC3,Tehran,STOCK::population_city,10245091.499450954,10617466.275314268,sign_reversed_2021
3,SC3,Tehran,STOCK::private_cars_total,4192415.099736402,4343924.107633086,sign_reversed_2021
3,SC3,Tehran,STOCK::taxis_total,78784.0,78784.0,sign_reversed_2021
3,SC3,Tehran,STOCK::metro_cars_total,1181.0,1181.0,sign_reversed_2021
3,SC3,Tehran,STOCK::brts_total,942.0,942.0,sign_reversed_2021
3,SC3,Tehran,STOCK::buses_total,2047.0,2047.0,sign_reversed_2021
3,SC3,Tehran,STOCK::motorcycles_total,325417.6086656498,337177.8227351354,sign_reversed_2021
3,SC3,Tehran,STOCK::transport_financial_balance_IRR,-4937179145807933.0,-9991272553560432.0,sign_reversed_2021
3,SC4,Region 12,CO₂ emissions,216011.3430847823,218224.5857996784,sign_reversed_2021
3,SC4,Region 12,Congestion index,1.1283048956199615,1.152267586859823,sign_reversed_2021
3,SC4,Region 12,Electricity use,71293816.89612986,72934551.95828837,sign_reversed_2021
3,SC4,Region 12,Final energy,2956597296.49772,2983954409.5068336,sign_reversed_2021
3,SC4,Region 12,Health indicator,370378064771936.7,377264779948225.1,sign_reversed_2021
3,SC4,Region 12,Modal share: car,0.1919625124066306,0.1894197057366938,sign_reversed_2021
3,SC4,Region 12,Modal share: public transport,0.391457093611506,0.3913612570865747,sign_reversed_2021
3,SC4,Region 12,NOₓ emissions,843.1816559023194,854.0257442874178,sign_reversed_2021
3,SC4,Region 12,PM₂.₅ emissions,27.53194078284091,28.21209772232788,sign_reversed_2021
3,SC4,Region 12,Time loss (car),50743434.36038746,53072824.706219934,sign_reversed_2021
3,SC4,Region 12,PCE-weighted VKT,946846395.7672836,963659877.7131974,sign_reversed_2021
3,SC4,Tehran,CO₂ emissions,15464556.078377206,15984567.719956098,sign_reversed_2021
3,SC4,Tehran,Congestion index,0.3700790578063445,0.3779387154493963,sign_reversed_2021
3,SC4,Tehran,Electricity use,1306481618.8104358,1467934691.2588987,sign_reversed_2021
3,SC4,Tehran,Final energy,228250827173.3039,235409605536.683,sign_reversed_2021
3,SC4,Tehran,Health indicator,1.1629150898839934e+16,1.2230286598534146e+16,sign_reversed_2021
3,SC4,Tehran,Modal share: car,0.5052875254813616,0.5035174530718435,sign_reversed_2021
3,SC4,Tehran,Modal share: public transport,0.1773834684080331,0.1791351243197516,sign_reversed_2021
3,SC4,Tehran,NOₓ emissions,59029.86940581104,60867.85186842028,sign_reversed_2021
3,SC4,Tehran,PM₂.₅ emissions,1106.2241659726496,1146.039093994896,sign_reversed_2021
3,SC4,Tehran,Time loss (car),732762186.1061573,779934192.3997457,sign_reversed_2021
3,SC4,Tehran,PCE-weighted VKT,66183133477.4502,68678197741.83482,sign_reversed_2021
3,SC4,Tehran,STOCK::inflation_index_effective,63.87869652292867,142.92185698706032,sign_reversed_2021
3,SC4,Tehran,STOCK::cost_index_rhc_fare,29.51624016041301,60.18207770689028,sign_reversed_2021
3,SC4,Tehran,STOCK::cost_index_bus_fare,60.26793001761512,106.36159228555996,sign_reversed_2021
3,SC4,Tehran,STOCK::cost_index_metro_fare,35.161126476087375,58.82076106461197,sign_reversed_2021
3,SC4,Tehran,STOCK::len_bik,941.660883050843,1278.6481875338736,sign_reversed_2021
3,SC4,Tehran,STOCK::len_brt,145.8321428571453,133.6500000000051,sign_reversed_2021
3,SC4,Tehran,STOCK::len_hwy,2678.5357142857,2865.749999999971,sign_reversed_2021
3,SC4,Tehran,STOCK::len_met,320.3214285714312,353.5,sign_reversed_2021
3,SC4,Tehran,STOCK::population_city,10245579.841911985,10618439.011184584,sign_reversed_2021
3,SC4,Tehran,STOCK::private_cars_total,4192415.099736402,4343924.107633086,sign_reversed_2021
3,SC4,Tehran,STOCK::taxis_total,78784.0,78784.0,sign_reversed_2021
3,SC4,Tehran,STOCK::metro_cars_total,1181.0,1181.0,sign_reversed_2021
3,SC4,Tehran,STOCK::brts_total,942.0,942.0,sign_reversed_2021
3,SC4,Tehran,STOCK::buses_total,2047.0,2047.0,sign_reversed_2021
3,SC4,Tehran,STOCK::motorcycles_total,325417.6086656498,337177.8227351354,sign_reversed_2021
3,SC4,Tehran,STOCK::transport_financial_balance_IRR,-5113045492576588.0,-1.0464950723007532e+16,sign_reversed_2021
3,SC7,Region 12,CO₂ emissions,216085.446662486,215946.2398928,sign_reversed_2021
3,SC7,Region 12,Congestion index,1.1438811520001402,1.170637953398624,sign_reversed_2021
3,SC7,Region 12,Electricity use,74152230.16235423,83162608.9570981,sign_reversed_2021
3,SC7,Region 12,Final energy,2934256199.0392795,2877527472.849731,sign_reversed_2021
3,SC7,Region 12,Health indicator,369314715629968.7,372103862388063.0,sign_reversed_2021
3,SC7,Region 12,Modal share: car,0.1984050763628479,0.1955484940647845,sign_reversed_2021
3,SC7,Region 12,Modal share: public transport,0.3698216418714378,0.3699809124720402,sign_reversed_2021
3,SC7,Region 12,NOₓ emissions,832.3321290549011,816.7767093919568,sign_reversed_2021
3,SC7,Region 12,PM₂.₅ emissions,27.598087516926626,27.895573788999783,sign_reversed_2021
3,SC7,Region 12,Time loss (car),53562447.2503641,56138642.019479975,sign_reversed_2021
3,SC7,Region 12,PCE-weighted VKT,974517458.5048602,992568130.6015676,sign_reversed_2021
3,SC7,Tehran,CO₂ emissions,15513868.75924144,15966874.501237923,sign_reversed_2021
3,SC7,Tehran,Congestion index,0.3751880015924647,0.3839641151145296,sign_reversed_2021
3,SC7,Tehran,Electricity use,1482586372.764982,1937172206.449372,sign_reversed_2021
3,SC7,Tehran,Final energy,227624911143.53885,231720921880.49988,sign_reversed_2021
3,SC7,Tehran,Health indicator,1.160010471317127e+16,1.2123569785133594e+16,sign_reversed_2021
3,SC7,Tehran,Modal share: car,0.5142480249856335,0.5130989435793617,sign_reversed_2021
3,SC7,Tehran,Modal share: public transport,0.163136460540264,0.1645300870743108,sign_reversed_2021
3,SC7,Tehran,NOₓ emissions,58731.04819786911,59730.719649580766,sign_reversed_2021
3,SC7,Tehran,PM₂.₅ emissions,1100.895173452011,1131.5023107569814,sign_reversed_2021
3,SC7,Tehran,Time loss (car),757152688.0281118,810809552.1798598,sign_reversed_2021
3,SC7,Tehran,PCE-weighted VKT,67097299601.38068,69773120206.13847,sign_reversed_2021
3,SC7,Tehran,STOCK::inflation_index_effective,63.87869652292867,142.92185698706032,sign_reversed_2021
3,SC7,Tehran,STOCK::cost_index_rhc_fare,29.51624016041301,60.18207770689028,sign_reversed_2021
3,SC7,Tehran,STOCK::cost_index_bus_fare,84.36487247380374,169.56239313950334,sign_reversed_2021
3,SC7,Tehran,STOCK::cost_index_metro_fare,45.68752260248281,85.07059173023467,sign_reversed_2021
3,SC7,Tehran,STOCK::len_bik,941.660883050843,1278.6481875338736,sign_reversed_2021
3,SC7,Tehran,STOCK::len_brt,145.8321428571453,133.6500000000051,sign_reversed_2021
3,SC7,Tehran,STOCK::len_hwy,2678.5357142857,2865.749999999971,sign_reversed_2021
3,SC7,Tehran,STOCK::len_met,320.3214285714312,353.5,sign_reversed_2021
3,SC7,Tehran,STOCK::population_city,10245676.099571925,10618941.797526237,sign_reversed_2021
3,SC7,Tehran,STOCK::private_cars_total,4192415.099736402,4343924.107633086,sign_reversed_2021
3,SC7,Tehran,STOCK::taxis_total,78784.0,78784.0,sign_reversed_2021
3,SC7,Tehran,STOCK::metro_cars_total,1181.0,1181.0,sign_reversed_2021
3,SC7,Tehran,STOCK::brts_total,942.0,942.0,sign_reversed_2021
3,SC7,Tehran,STOCK::buses_total,2047.0,2047.0,sign_reversed_2021
3,SC7,Tehran,STOCK::motorcycles_total,325417.6086656498,337177.8227351354,sign_reversed_2021
3,SC7,Tehran,STOCK::transport_financial_balance_IRR,-5129820722618914.0,-1.0602988559066478e+16,sign_reversed_2021
3,SC9,Region 12,CO₂ emissions,213669.4812670645,212082.21537781588,sign_reversed_2021
3,SC9,Region 12,Congestion index,1.0647768519120495,1.0524277797800183,sign_reversed_2021
3,SC9,Region 12,Electricity use,74619528.14449134,77279048.33508551,sign_reversed_2021
3,SC9,Region 12,Final energy,2903952953.483094,2868273885.6198864,sign_reversed_2021
3,SC9,Region 12,Health indicator,357992512725870.44,355342611473860.0,sign_reversed_2021
3,SC9,Region 12,Modal share: car,0.1851151464470632,0.1749416420696994,sign_reversed_2021
3,SC9,Region 12,Modal share: public transport,0.4044165981240345,0.4128830791120707,sign_reversed_2021
3,SC9,Region 12,NOₓ emissions,807.6946948714547,785.3824087502513,sign_reversed_2021
3,SC9,Region 12,PM₂.₅ emissions,25.5827027611632,24.943129349874727,sign_reversed_2021
3,SC9,Region 12,Time loss (car),44830383.12155253,42692424.64939995,sign_reversed_2021
3,SC9,Region 12,PCE-weighted VKT,934810175.3043224,936786381.225098,sign_reversed_2021
3,SC9,Tehran,CO₂ emissions,14569047.26514127,14519480.911066793,sign_reversed_2021
3,SC9,Tehran,Congestion index,0.3492421380597664,0.3451916965548631,sign_reversed_2021
3,SC9,Tehran,Electricity use,1506644771.7763517,1727614356.1182947,sign_reversed_2021
3,SC9,Tehran,Final energy,213922907701.0193,212317946371.06912,sign_reversed_2021
3,SC9,Tehran,Health indicator,1.1261448493999072e+16,1.1605999879765748e+16,sign_reversed_2021
3,SC9,Tehran,Modal share: car,0.4539260071720465,0.4325002074607824,sign_reversed_2021
3,SC9,Tehran,Modal share: public transport,0.2258364639793985,0.241334090909405,sign_reversed_2021
3,SC9,Tehran,NOₓ emissions,55174.32369259769,54435.88295141108,sign_reversed_2021
3,SC9,Tehran,PM₂.₅ emissions,1043.9155312899882,1038.0318899649342,sign_reversed_2021
3,SC9,Tehran,Time loss (car),625195515.9798676,606508435.0504313,sign_reversed_2021
3,SC9,Tehran,PCE-weighted VKT,62456486315.73091,62737208007.80108,sign_reversed_2021
3,SC9,Tehran,STOCK::inflation_index_effective,63.87869652292867,142.92185698706032,sign_reversed_2021
3,SC9,Tehran,STOCK::cost_index_rhc_fare,29.51624016041301,60.18207770689028,sign_reversed_2021
3,SC9,Tehran,STOCK::cost_index_bus_fare,70.18799307146887,131.70713041746714,sign_reversed_2021
3,SC9,Tehran,STOCK::cost_index_metro_fare,39.58232500141554,69.61389311940997,sign_reversed_2021
3,SC9,Tehran,STOCK::len_bik,942.3771584972671,1280.1311995956578,sign_reversed_2021
3,SC9,Tehran,STOCK::len_brt,150.89414693877808,141.6690000000054,sign_reversed_2021
3,SC9,Tehran,STOCK::len_hwy,2678.5357142857,2865.749999999971,sign_reversed_2021
3,SC9,Tehran,STOCK::len_met,325.80352040816587,364.105,sign_reversed_2021
3,SC9,Tehran,STOCK::population_city,10248142.81460315,10624992.919378232,sign_reversed_2021
3,SC9,Tehran,STOCK::private_cars_total,4192415.099736402,4343924.107633086,sign_reversed_2021
3,SC9,Tehran,STOCK::taxis_total,78784.0,78784.0,sign_reversed_2021
3,SC9,Tehran,STOCK::metro_cars_total,1181.7559999999996,1183.0159999999996,sign_reversed_2021
3,SC9,Tehran,STOCK::brts_total,954.6130612244908,976.2225714285742,sign_reversed_2021
3,SC9,Tehran,STOCK::buses_total,2083.473265306132,2142.6211428571687,sign_reversed_2021
3,SC9,Tehran,STOCK::motorcycles_total,325417.6086656498,337177.8227351354,sign_reversed_2021
3,SC9,Tehran,STOCK::transport_financial_balance_IRR,-5715326599096722.0,-1.2158118874530066e+16,sign_reversed_2021
4,SC1,Region 12,CO₂ emissions,222727.9453331355,224899.93094100483,empirical_2022
4,SC1,Region 12,Congestion index,1.1110785067603206,1.1132568984075504,empirical_2022
4,SC1,Region 12,Electricity use,84545705.49770762,88240696.12779306,empirical_2022
4,SC1,Region 12,Final energy,2993647853.947329,3010382105.664008,empirical_2022
4,SC1,Region 12,Health indicator,368074172206137.06,371920992452280.3,empirical_2022
4,SC1,Region 12,Modal share: car,0.1954083428847785,0.1902576711390422,empirical_2022
4,SC1,Region 12,Modal share: public transport,0.3907800222423648,0.3946195793621893,empirical_2022
4,SC1,Region 12,NOₓ emissions,842.7272103807953,849.8518069075698,empirical_2022
4,SC1,Region 12,PM₂.₅ emissions,28.187357587555585,28.829684159129894,empirical_2022
4,SC1,Region 12,Time loss (car),50438082.47054909,50569341.83167168,empirical_2022
4,SC1,Region 12,PCE-weighted VKT,918236489.1994308,912214791.1852556,empirical_2022
4,SC1,Tehran,CO₂ emissions,15415691.139148792,15639920.310587544,empirical_2022
4,SC1,Tehran,Congestion index,0.364428877803289,0.3651433807106764,empirical_2022
4,SC1,Tehran,Electricity use,1577549598.4926736,1746863574.9734604,empirical_2022
4,SC1,Tehran,Final energy,226508956116.74365,229166958646.5829,empirical_2022
4,SC1,Tehran,Health indicator,1.1523820062154094e+16,1.200903706997448e+16,empirical_2022
4,SC1,Tehran,Modal share: car,0.5099926277367104,0.504683480080046,empirical_2022
4,SC1,Tehran,Modal share: public transport,0.160765407629642,0.1649331838775336,empirical_2022
4,SC1,Tehran,NOₓ emissions,57992.57260154102,58649.84864597562,empirical_2022
4,SC1,Tehran,PM₂.₅ emissions,1082.364782310848,1101.6062279838045,empirical_2022
4,SC1,Tehran,Time loss (car),709714349.1197383,722742209.5447713,empirical_2022
4,SC1,Tehran,PCE-weighted VKT,65166276500.0252,66353057465.28533,empirical_2022
4,SC1,Tehran,STOCK::inflation_index_effective,63.87869652292867,142.92185698706032,empirical_2022
4,SC1,Tehran,STOCK::cost_index_rhc_fare,29.51624016041301,60.18207770689028,empirical_2022
4,SC1,Tehran,STOCK::cost_index_bus_fare,84.36487247380374,169.56239313950334,empirical_2022
4,SC1,Tehran,STOCK::cost_index_metro_fare,45.68752260248281,85.07059173023467,empirical_2022
4,SC1,Tehran,STOCK::len_bik,941.660883050843,1278.6481875338736,empirical_2022
4,SC1,Tehran,STOCK::len_brt,145.8321428571453,133.6500000000051,empirical_2022
4,SC1,Tehran,STOCK::len_hwy,2678.5357142857,2865.749999999971,empirical_2022
4,SC1,Tehran,STOCK::len_met,320.3214285714312,353.5,empirical_2022
4,SC1,Tehran,STOCK::population_city,10244191.622805407,10618083.398669146,empirical_2022
4,SC1,Tehran,STOCK::private_cars_total,4192415.099736402,4343924.107633086,empirical_2022
4,SC1,Tehran,STOCK::taxis_total,78784.0,78784.0,empirical_2022
4,SC1,Tehran,STOCK::metro_cars_total,1181.0,1181.0,empirical_2022
4,SC1,Tehran,STOCK::brts_total,942.0,942.0,empirical_2022
4,SC1,Tehran,STOCK::buses_total,2047.0,2047.0,empirical_2022
4,SC1,Tehran,STOCK::motorcycles_total,325417.6086656498,337177.8227351354,empirical_2022
4,SC1,Tehran,STOCK::transport_financial_balance_IRR,-4289835553721589.0,-8609444997753766.0,empirical_2022
4,SC2,Region 12,CO₂ emissions,221711.8899348473,221732.38160807485,empirical_2022
4,SC2,Region 12,Congestion index,1.1294660144249655,1.1463521963360028,empirical_2022
4,SC2,Region 12,Electricity use,85048474.75725748,89147086.964035,empirical_2022
4,SC2,Region 12,Final energy,2975238200.448699,2956861712.7966013,empirical_2022
4,SC2,Region 12,Health indicator,369876591038844.7,374604897929714.9,empirical_2022
4,SC2,Region 12,Modal share: car,0.1919307124843279,0.1825640239724167,empirical_2022
4,SC2,Region 12,Modal share: public transport,0.3931792123942115,0.4003695364076318,empirical_2022
4,SC2,Region 12,NOₓ emissions,839.7181779350902,839.9115667173749,empirical_2022
4,SC2,Region 12,PM₂.₅ emissions,28.342943818717742,29.08478870548716,empirical_2022
4,SC2,Region 12,Time loss (car),50764626.74960702,50749490.75765372,empirical_2022
4,SC2,Region 12,PCE-weighted VKT,932258415.081882,934305262.3111804,empirical_2022
4,SC2,Tehran,CO₂ emissions,15661392.16833288,16066360.249649614,empirical_2022
4,SC2,Tehran,Congestion index,0.37045989968253,0.3759984932983535,empirical_2022
4,SC2,Tehran,Electricity use,1628057721.5838878,1845410991.953859,empirical_2022
4,SC2,Tehran,Final energy,230012065320.1824,235252128711.0808,empirical_2022
4,SC2,Tehran,Health indicator,1.1618122162621678e+16,1.217659834867119e+16,empirical_2022
4,SC2,Tehran,Modal share: car,0.5049623640093459,0.4927740156576202,empirical_2022
4,SC2,Tehran,Modal share: public transport,0.1630504459727969,0.168813616960482,empirical_2022
4,SC2,Tehran,NOₓ emissions,58928.96627492889,60273.42583388284,empirical_2022
4,SC2,Tehran,PM₂.₅ emissions,1106.1144379219818,1145.20877125962,empirical_2022
4,SC2,Tehran,Time loss (car),734664459.3154238,765826220.7544506,empirical_2022
4,SC2,Tehran,PCE-weighted VKT,66263016744.48519,68336219903.62527,empirical_2022
4,SC2,Tehran,STOCK::inflation_index_effective,63.87869652292867,142.92185698706032,empirical_2022
4,SC2,Tehran,STOCK::cost_index_rhc_fare,29.51624016041301,60.18207770689028,empirical_2022
4,SC2,Tehran,STOCK::cost_index_bus_fare,84.36487247380374,169.56239313950334,empirical_2022
4,SC2,Tehran,STOCK::cost_index_metro_fare,45.68752260248281,85.07059173023467,empirical_2022
4,SC2,Tehran,STOCK::len_bik,942.3771584972671,1280.1311995956578,empirical_2022
4,SC2,Tehran,STOCK::len_brt,145.8321428571453,133.6500000000051,empirical_2022
4,SC2,Tehran,STOCK::len_hwy,2678.5357142857,2865.749999999971,empirical_2022
4,SC2,Tehran,STOCK::len_met,320.3214285714312,353.5,empirical_2022
4,SC2,Tehran,STOCK::population_city,10243530.113268057,10616402.452109918,empirical_2022
4,SC2,Tehran,STOCK::private_cars_total,4192415.099736402,4343924.107633086,empirical_2022
4,SC2,Tehran,STOCK::taxis_total,78784.0,78784.0,empirical_2022
4,SC2,Tehran,STOCK::metro_cars_total,1181.0,1181.0,empirical_2022
4,SC2,Tehran,STOCK::brts_total,942.0,942.0,empirical_2022
4,SC2,Tehran,STOCK::buses_total,2047.0,2047.0,empirical_2022
4,SC2,Tehran,STOCK::motorcycles_total,325417.6086656498,337177.8227351354,empirical_2022
4,SC2,Tehran,STOCK::transport_financial_balance_IRR,-4338151381906333.5,-8765472269446595.0,empirical_2022
4,SC3,Region 12,CO₂ emissions,222091.6783410775,223118.0274754172,empirical_2022
4,SC3,Region 12,Congestion index,1.1352750060118666,1.1613306171482836,empirical_2022
4,SC3,Region 12,Electricity use,84666605.92951597,88745267.66967553,empirical_2022
4,SC3,Region 12,Final energy,2983630195.371648,2981505327.561033,empirical_2022
4,SC3,Region 12,Health indicator,370776317746608.9,377195655114336.94,empirical_2022
4,SC3,Region 12,Modal share: car,0.1926993155305239,0.1829299023245238,empirical_2022
4,SC3,Region 12,Modal share: public transport,0.3913690406300129,0.3968308845787114,empirical_2022
4,SC3,Region 12,NOₓ emissions,841.1133946611595,844.7639807609025,empirical_2022
4,SC3,Region 12,PM₂.₅ emissions,28.292196123267026,29.07215866109092,empirical_2022
4,SC3,Region 12,Time loss (car),51371134.611348666,51875132.44532553,empirical_2022
4,SC3,Region 12,PCE-weighted VKT,934819805.5323676,941961741.9396634,empirical_2022
4,SC3,Tehran,CO₂ emissions,15756562.473837867,16330752.69852302,empirical_2022
4,SC3,Tehran,Congestion index,0.3723652234488548,0.3809113496398923,empirical_2022
4,SC3,Tehran,Electricity use,1599261549.8481438,1795518029.0473626,empirical_2022
4,SC3,Tehran,Final energy,231570332653.67145,239405657476.5783,empirical_2022
4,SC3,Tehran,Health indicator,1.164827490623029e+16,1.2263705789655404e+16,empirical_2022
4,SC3,Tehran,Modal share: car,0.5118417759308107,0.5081032196610767,empirical_2022
4,SC3,Tehran,Modal share: public transport,0.1591880833524926,0.1615947579590654,empirical_2022
4,SC3,Tehran,NOₓ emissions,59288.22736297336,61265.68035146531,empirical_2022
4,SC3,Tehran,PM₂.₅ emissions,1105.9938000963164,1149.6275291549514,empirical_2022
4,SC3,Tehran,Time loss (car),746726477.4094764,797758714.930877,empirical_2022
4,SC3,Tehran,PCE-weighted VKT,66592460610.33113,69218378333.03535,empirical_2022
4,SC3,Tehran,STOCK::inflation_index_effective,63.87869652292867,142.92185698706032,empirical_2022
4,SC3,Tehran,STOCK::cost_index_rhc_fare,29.51624016041301,60.18207770689028,empirical_2022
4,SC3,Tehran,STOCK::cost_index_bus_fare,84.36487247380374,169.56239313950334,empirical_2022
4,SC3,Tehran,STOCK::cost_index_metro_fare,45.68752260248281,85.07059173023467,empirical_2022
4,SC3,Tehran,STOCK::len_bik,941.660883050843,1278.6481875338736,empirical_2022
4,SC3,Tehran,STOCK::len_brt,145.8321428571453,133.6500000000051,empirical_2022
4,SC3,Tehran,STOCK::len_hwy,2678.5357142857,2865.749999999971,empirical_2022
4,SC3,Tehran,STOCK::len_met,320.3214285714312,353.5,empirical_2022
4,SC3,Tehran,STOCK::population_city,10243381.433081375,10615872.9613413,empirical_2022
4,SC3,Tehran,STOCK::private_cars_total,4192415.099736402,4343924.107633086,empirical_2022
4,SC3,Tehran,STOCK::taxis_total,78784.0,78784.0,empirical_2022
4,SC3,Tehran,STOCK::metro_cars_total,1181.0,1181.0,empirical_2022
4,SC3,Tehran,STOCK::brts_total,942.0,942.0,empirical_2022
4,SC3,Tehran,STOCK::buses_total,2047.0,2047.0,empirical_2022
4,SC3,Tehran,STOCK::motorcycles_total,325417.6086656498,337177.8227351354,empirical_2022
4,SC3,Tehran,STOCK::transport_financial_balance_IRR,-4300288615723173.0,-8637700833993658.0,empirical_2022
4,SC4,Region 12,CO₂ emissions,220598.98219902423,222903.22918511115,empirical_2022
4,SC4,Region 12,Congestion index,1.1198382539865768,1.1472726092317025,empirical_2022
4,SC4,Region 12,Electricity use,88798228.13392988,91664213.50416288,empirical_2022
4,SC4,Region 12,Final energy,2939928976.1059456,2962665987.4321303,empirical_2022
4,SC4,Region 12,Health indicator,367561634599434.1,374714551776828.25,empirical_2022
4,SC4,Region 12,Modal share: car,0.1902424752330826,0.187086369044243,empirical_2022
4,SC4,Region 12,Modal share: public transport,0.410715151786127,0.4122510041861434,empirical_2022
4,SC4,Region 12,NOₓ emissions,826.7982340918713,835.6673896188221,empirical_2022
4,SC4,Region 12,PM₂.₅ emissions,27.684250949836592,28.34655418319716,empirical_2022
4,SC4,Region 12,Time loss (car),49710661.98744818,52070696.89522321,empirical_2022
4,SC4,Region 12,PCE-weighted VKT,910617345.3248396,923972282.7730832,empirical_2022
4,SC4,Tehran,CO₂ emissions,15614853.90062855,16197784.71798318,empirical_2022
4,SC4,Tehran,Congestion index,0.3673020364793694,0.376300384691855,empirical_2022
4,SC4,Tehran,Electricity use,1710267165.1981711,1884020860.0675063,empirical_2022
4,SC4,Tehran,Final energy,228878491846.24887,236927635812.86523,empirical_2022
4,SC4,Tehran,Health indicator,1.1587861273221178e+16,1.2206130526036834e+16,empirical_2022
4,SC4,Tehran,Modal share: car,0.5040557614400936,0.5038832997013768,empirical_2022
4,SC4,Tehran,Modal share: public transport,0.1723168593278463,0.1729958135205942,empirical_2022
4,SC4,Tehran,NOₓ emissions,58613.62886832805,60647.58837065205,empirical_2022
4,SC4,Tehran,PM₂.₅ emissions,1098.7651982840257,1140.7179231274022,empirical_2022
4,SC4,Tehran,Time loss (car),723532088.9419824,776586446.6829844,empirical_2022
4,SC4,Tehran,PCE-weighted VKT,65687920362.21124,68380483855.60552,empirical_2022
4,SC4,Tehran,STOCK::inflation_index_effective,63.87869652292867,142.92185698706032,empirical_2022
4,SC4,Tehran,STOCK::cost_index_rhc_fare,29.51624016041301,60.18207770689028,empirical_2022
4,SC4,Tehran,STOCK::cost_index_bus_fare,60.26793001761512,106.36159228555996,empirical_2022
4,SC4,Tehran,STOCK::cost_index_metro_fare,35.161126476087375,58.82076106461197,empirical_2022
4,SC4,Tehran,STOCK::len_bik,941.660883050843,1278.6481875338736,empirical_2022
4,SC4,Tehran,STOCK::len_brt,145.8321428571453,133.6500000000051,empirical_2022
4,SC4,Tehran,STOCK::len_hwy,2678.5357142857,2865.749999999971,empirical_2022
4,SC4,Tehran,STOCK::len_met,320.3214285714312,353.5,empirical_2022
4,SC4,Tehran,STOCK::population_city,10243965.155331489,10616973.452971209,empirical_2022
4,SC4,Tehran,STOCK::private_cars_total,4192415.099736402,4343924.107633086,empirical_2022
4,SC4,Tehran,STOCK::taxis_total,78784.0,78784.0,empirical_2022
4,SC4,Tehran,STOCK::metro_cars_total,1181.0,1181.0,empirical_2022
4,SC4,Tehran,STOCK::brts_total,942.0,942.0,empirical_2022
4,SC4,Tehran,STOCK::buses_total,2047.0,2047.0,empirical_2022
4,SC4,Tehran,STOCK::motorcycles_total,325417.6086656498,337177.8227351354,empirical_2022
4,SC4,Tehran,STOCK::transport_financial_balance_IRR,-4427512605834293.5,-8976317903076115.0,empirical_2022
4,SC7,Region 12,CO₂ emissions,220794.84056002088,221104.03094706903,empirical_2022
4,SC7,Region 12,Congestion index,1.1365727896670286,1.1643778226787134,empirical_2022
4,SC7,Region 12,Electricity use,89870405.56035335,99197794.13134918,empirical_2022
4,SC7,Region 12,Final energy,2928451252.1121154,2877838188.2438087,empirical_2022
4,SC7,Region 12,Health indicator,367428480708725.6,370719448982918.56,empirical_2022
4,SC7,Region 12,Modal share: car,0.1969199955267407,0.193438206540328,empirical_2022
4,SC7,Region 12,Modal share: public transport,0.3888688365850769,0.3906253961222062,empirical_2022
4,SC7,Region 12,NOₓ emissions,821.6835458447905,808.4886018088522,empirical_2022
4,SC7,Region 12,PM₂.₅ emissions,27.86659946002172,28.231186287454435,empirical_2022
4,SC7,Region 12,Time loss (car),52635623.11302238,55076545.38958555,empirical_2022
4,SC7,Region 12,PCE-weighted VKT,939348503.8508446,954101225.1995496,empirical_2022
4,SC7,Tehran,CO₂ emissions,15664354.870618882,16139039.76624794,empirical_2022
4,SC7,Tehran,Congestion index,0.3727908907965754,0.3819108196909587,empirical_2022
4,SC7,Tehran,Electricity use,1844576491.8528104,2313504492.398169,empirical_2022
4,SC7,Tehran,Final energy,228387591688.36743,232695883594.30832,empirical_2022
4,SC7,Tehran,Health indicator,1.1574215005369932e+16,1.2108412388178314e+16,empirical_2022
4,SC7,Tehran,Modal share: car,0.5136069787396849,0.5124803096255055,empirical_2022
4,SC7,Tehran,Modal share: public transport,0.1584773480531423,0.1598231843246033,empirical_2022
4,SC7,Tehran,NOₓ emissions,58477.51620167228,59587.13849944938,empirical_2022
4,SC7,Tehran,PM₂.₅ emissions,1096.471960201403,1130.2759620227584,empirical_2022
4,SC7,Tehran,Time loss (car),749633570.9832811,804780429.2729461,empirical_2022
4,SC7,Tehran,PCE-weighted VKT,66669214530.542496,69399999847.3133,empirical_2022
4,SC7,Tehran,STOCK::inflation_index_effective,63.87869652292867,142.92185698706032,empirical_2022
4,SC7,Tehran,STOCK::cost_index_rhc_fare,29.51624016041301,60.18207770689028,empirical_2022
4,SC7,Tehran,STOCK::cost_index_bus_fare,84.36487247380374,169.56239313950334,empirical_2022
4,SC7,Tehran,STOCK::cost_index_metro_fare,45.68752260248281,85.07059173023467,empirical_2022
4,SC7,Tehran,STOCK::len_bik,941.660883050843,1278.6481875338736,empirical_2022
4,SC7,Tehran,STOCK::len_brt,145.8321428571453,133.6500000000051,empirical_2022
4,SC7,Tehran,STOCK::len_hwy,2678.5357142857,2865.749999999971,empirical_2022
4,SC7,Tehran,STOCK::len_met,320.3214285714312,353.5,empirical_2022
4,SC7,Tehran,STOCK::population_city,10243895.878699088,10617193.507690754,empirical_2022
4,SC7,Tehran,STOCK::private_cars_total,4192415.099736402,4343924.107633086,empirical_2022
4,SC7,Tehran,STOCK::taxis_total,78784.0,78784.0,empirical_2022
4,SC7,Tehran,STOCK::metro_cars_total,1181.0,1181.0,empirical_2022
4,SC7,Tehran,STOCK::brts_total,942.0,942.0,empirical_2022
4,SC7,Tehran,STOCK::buses_total,2047.0,2047.0,empirical_2022
4,SC7,Tehran,STOCK::motorcycles_total,325417.6086656498,337177.8227351354,empirical_2022
4,SC7,Tehran,STOCK::transport_financial_balance_IRR,-4401197803671893.5,-8956185410520510.0,empirical_2022
4,SC9,Region 12,CO₂ emissions,218330.55378502005,216964.669895256,empirical_2022
4,SC9,Region 12,Congestion index,1.0633370723232634,1.0559484891898012,empirical_2022
4,SC9,Region 12,Electricity use,92805726.14501368,97053617.53760564,empirical_2022
4,SC9,Region 12,Final energy,2885319893.38622,2845430523.066185,empirical_2022
4,SC9,Region 12,Health indicator,356009328005022.06,353921400132637.1,empirical_2022
4,SC9,Region 12,Modal share: car,0.1830531851901105,0.1723273153365363,empirical_2022
4,SC9,Region 12,Modal share: public transport,0.4247505576647347,0.434824740232943,empirical_2022
4,SC9,Region 12,NOₓ emissions,791.2198750429149,767.6709551492244,empirical_2022
4,SC9,Region 12,PM₂.₅ emissions,25.74771392011567,25.132078606329323,empirical_2022
4,SC9,Region 12,Time loss (car),44222971.653863415,42267495.91384262,empirical_2022
4,SC9,Region 12,PCE-weighted VKT,896295087.2913046,894134178.4335511,empirical_2022
4,SC9,Tehran,CO₂ emissions,14871876.085201848,14924037.521679789,empirical_2022
4,SC9,Tehran,Congestion index,0.3487698966685119,0.3463464738019001,empirical_2022
4,SC9,Tehran,Electricity use,1990054338.182104,2257024360.1782904,empirical_2022
4,SC9,Tehran,Final energy,216495800968.9681,216225577271.3203,empirical_2022
4,SC9,Tehran,Health indicator,1.1256508555429486e+16,1.1630300795551848e+16,empirical_2022
4,SC9,Tehran,Modal share: car,0.4584794668916501,0.4384521935228314,empirical_2022
4,SC9,Tehran,Modal share: public transport,0.2137308735219051,0.2271048326503233,empirical_2022
4,SC9,Tehran,NOₓ emissions,55134.114515546,54694.9045207959,empirical_2022
4,SC9,Tehran,PM₂.₅ emissions,1043.4370041319503,1043.6139442217914,empirical_2022
4,SC9,Tehran,Time loss (car),628279850.7502283,617798701.3268096,empirical_2022
4,SC9,Tehran,PCE-weighted VKT,62374078087.37129,62947084146.402,empirical_2022
4,SC9,Tehran,STOCK::inflation_index_effective,63.87869652292867,142.92185698706032,empirical_2022
4,SC9,Tehran,STOCK::cost_index_rhc_fare,29.51624016041301,60.18207770689028,empirical_2022
4,SC9,Tehran,STOCK::cost_index_bus_fare,70.18799307146887,131.70713041746714,empirical_2022
4,SC9,Tehran,STOCK::cost_index_metro_fare,39.58232500141554,69.61389311940997,empirical_2022
4,SC9,Tehran,STOCK::len_bik,942.3771584972671,1280.1311995956578,empirical_2022
4,SC9,Tehran,STOCK::len_brt,150.89414693877808,141.6690000000054,empirical_2022
4,SC9,Tehran,STOCK::len_hwy,2678.5357142857,2865.749999999971,empirical_2022
4,SC9,Tehran,STOCK::len_met,325.80352040816587,364.105,empirical_2022
4,SC9,Tehran,STOCK::population_city,10246248.40537298,10622875.810191544,empirical_2022
4,SC9,Tehran,STOCK::private_cars_total,4192415.099736402,4343924.107633086,empirical_2022
4,SC9,Tehran,STOCK::taxis_total,78784.0,78784.0,empirical_2022
4,SC9,Tehran,STOCK::metro_cars_total,1181.7559999999996,1183.0159999999996,empirical_2022
4,SC9,Tehran,STOCK::brts_total,954.6130612244908,976.2225714285742,empirical_2022
4,SC9,Tehran,STOCK::buses_total,2083.473265306132,2142.6211428571687,empirical_2022
4,SC9,Tehran,STOCK::motorcycles_total,325417.6086656498,337177.8227351354,empirical_2022
4,SC9,Tehran,STOCK::transport_financial_balance_IRR,-4824262648236171.0,-1.0099874429167566e+16,empirical_2022
5,SC1,Region 12,CO₂ emissions,239593.96662892457,243302.10235167685,sign_reversed_2022
5,SC1,Region 12,Congestion index,1.2597508825643424,1.2628309698057014,sign_reversed_2022
5,SC1,Region 12,Electricity use,48870193.48831371,50425228.60355534,sign_reversed_2022
5,SC1,Region 12,Final energy,3425284714.987016,3475713753.5058527,sign_reversed_2022
5,SC1,Region 12,Health indicator,401015250380466.0,406124116128180.0,sign_reversed_2022
5,SC1,Region 12,Modal share: car,0.2387668633910401,0.2354511365207831,sign_reversed_2022
5,SC1,Region 12,Modal share: public transport,0.2722259451074361,0.2712235991419855,sign_reversed_2022
5,SC1,Region 12,NOₓ emissions,971.48852690668,988.6530198314168,sign_reversed_2022
5,SC1,Region 12,PM₂.₅ emissions,30.73601776082027,31.59313496840065,sign_reversed_2022
5,SC1,Region 12,Time loss (car),74827102.59406315,76014346.0582882,sign_reversed_2022
5,SC1,Region 12,PCE-weighted VKT,1090318012.409213,1094222200.9631855,sign_reversed_2022
5,SC1,Tehran,CO₂ emissions,17526995.524125487,17790205.51046846,sign_reversed_2022
5,SC1,Tehran,Congestion index,0.413192765093835,0.4142030202018899,sign_reversed_2022
5,SC1,Tehran,Electricity use,921391827.8243024,1089998656.591373,sign_reversed_2022
5,SC1,Tehran,Final energy,260665629092.60944,263911666048.9116,sign_reversed_2022
5,SC1,Tehran,Health indicator,1.226453951740477e+16,1.2777384609992766e+16,sign_reversed_2022
5,SC1,Tehran,Modal share: car,0.6172001336249434,0.6135516073675155,sign_reversed_2022
5,SC1,Tehran,Modal share: public transport,0.0974558945345902,0.0996660306937477,sign_reversed_2022
5,SC1,Tehran,NOₓ emissions,66751.00495681063,67547.32640588052,sign_reversed_2022
5,SC1,Tehran,PM₂.₅ emissions,1165.8723990863705,1186.9321625136586,sign_reversed_2022
5,SC1,Tehran,Time loss (car),1005779458.2409908,1026537140.1591108,sign_reversed_2022
5,SC1,Tehran,PCE-weighted VKT,73886416720.42064,75268067979.92476,sign_reversed_2022
5,SC1,Tehran,STOCK::inflation_index_effective,63.87869652292867,142.92185698706032,sign_reversed_2022
5,SC1,Tehran,STOCK::cost_index_rhc_fare,29.51624016041301,60.18207770689028,sign_reversed_2022
5,SC1,Tehran,STOCK::cost_index_bus_fare,84.36487247380374,169.56239313950334,sign_reversed_2022
5,SC1,Tehran,STOCK::cost_index_metro_fare,45.68752260248281,85.07059173023467,sign_reversed_2022
5,SC1,Tehran,STOCK::len_bik,941.660883050843,1278.6481875338736,sign_reversed_2022
5,SC1,Tehran,STOCK::len_brt,145.8321428571453,133.6500000000051,sign_reversed_2022
5,SC1,Tehran,STOCK::len_hwy,2678.5357142857,2865.749999999971,sign_reversed_2022
5,SC1,Tehran,STOCK::len_met,320.3214285714312,353.5,sign_reversed_2022
5,SC1,Tehran,STOCK::population_city,10216767.35782625,10583362.935072036,sign_reversed_2022
5,SC1,Tehran,STOCK::private_cars_total,4192415.099736402,4343924.107633086,sign_reversed_2022
5,SC1,Tehran,STOCK::taxis_total,78784.0,78784.0,sign_reversed_2022
5,SC1,Tehran,STOCK::metro_cars_total,1181.0,1181.0,sign_reversed_2022
5,SC1,Tehran,STOCK::brts_total,942.0,942.0,sign_reversed_2022
5,SC1,Tehran,STOCK::buses_total,2047.0,2047.0,sign_reversed_2022
5,SC1,Tehran,STOCK::motorcycles_total,325417.6086656498,337177.8227351354,sign_reversed_2022
5,SC1,Tehran,STOCK::transport_financial_balance_IRR,-3913847064740513.0,-7718627824497288.0,sign_reversed_2022
5,SC2,Region 12,CO₂ emissions,238382.03926743183,239614.1339253677,sign_reversed_2022
5,SC2,Region 12,Congestion index,1.2816785424367887,1.303079343512641,sign_reversed_2022
5,SC2,Region 12,Electricity use,49228002.33887973,51090300.93475579,sign_reversed_2022
5,SC2,Region 12,Final energy,3404392147.951836,3414811552.1996665,sign_reversed_2022
5,SC2,Region 12,Health indicator,403132811564216.06,409485908884857.94,sign_reversed_2022
5,SC2,Region 12,Modal share: car,0.2348244368547306,0.2267530269469293,sign_reversed_2022
5,SC2,Region 12,Modal share: public transport,0.2745457419855172,0.2772828774241542,sign_reversed_2022
5,SC2,Region 12,NOₓ emissions,968.4407581379444,978.2273417158316,sign_reversed_2022
5,SC2,Region 12,PM₂.₅ emissions,30.942113797127263,31.95409400079487,sign_reversed_2022
5,SC2,Region 12,Time loss (car),75568770.03297286,76882994.14528456,sign_reversed_2022
5,SC2,Region 12,PCE-weighted VKT,1107937585.6749098,1122598902.5753293,sign_reversed_2022
5,SC2,Tehran,CO₂ emissions,17818990.893594682,18311520.92297145,sign_reversed_2022
5,SC2,Tehran,Congestion index,0.4203849413726006,0.4274043102765179,sign_reversed_2022
5,SC2,Tehran,Electricity use,951514111.0260652,1150234232.9702208,sign_reversed_2022
5,SC2,Tehran,Final energy,264952731634.0933,271585354635.90283,sign_reversed_2022
5,SC2,Tehran,Health indicator,1.237265042638568e+16,1.297452992272906e+16,sign_reversed_2022
5,SC2,Tehran,Modal share: car,0.6123937264591214,0.6019443272193915,sign_reversed_2022
5,SC2,Tehran,Modal share: public transport,0.0990894410543489,0.102494656709976,sign_reversed_2022
5,SC2,Tehran,NOₓ emissions,67887.88871037828,69579.22027076184,sign_reversed_2022
5,SC2,Tehran,PM₂.₅ emissions,1191.452016523222,1234.5609176898586,sign_reversed_2022
5,SC2,Tehran,Time loss (car),1044381825.5918922,1095778135.3727798,sign_reversed_2022
5,SC2,Tehran,PCE-weighted VKT,75193742861.85881,77679021207.24084,sign_reversed_2022
5,SC2,Tehran,STOCK::inflation_index_effective,63.87869652292867,142.92185698706032,sign_reversed_2022
5,SC2,Tehran,STOCK::cost_index_rhc_fare,29.51624016041301,60.18207770689028,sign_reversed_2022
5,SC2,Tehran,STOCK::cost_index_bus_fare,84.36487247380374,169.56239313950334,sign_reversed_2022
5,SC2,Tehran,STOCK::cost_index_metro_fare,45.68752260248281,85.07059173023467,sign_reversed_2022
5,SC2,Tehran,STOCK::len_bik,942.3771584972671,1280.1311995956578,sign_reversed_2022
5,SC2,Tehran,STOCK::len_brt,145.8321428571453,133.6500000000051,sign_reversed_2022
5,SC2,Tehran,STOCK::len_hwy,2678.5357142857,2865.749999999971,sign_reversed_2022
5,SC2,Tehran,STOCK::len_met,320.3214285714312,353.5,sign_reversed_2022
5,SC2,Tehran,STOCK::population_city,10216017.109767232,10581434.77556035,sign_reversed_2022
5,SC2,Tehran,STOCK::private_cars_total,4192415.099736402,4343924.107633086,sign_reversed_2022
5,SC2,Tehran,STOCK::taxis_total,78784.0,78784.0,sign_reversed_2022
5,SC2,Tehran,STOCK::metro_cars_total,1181.0,1181.0,sign_reversed_2022
5,SC2,Tehran,STOCK::brts_total,942.0,942.0,sign_reversed_2022
5,SC2,Tehran,STOCK::buses_total,2047.0,2047.0,sign_reversed_2022
5,SC2,Tehran,STOCK::motorcycles_total,325417.6086656498,337177.8227351354,sign_reversed_2022
5,SC2,Tehran,STOCK::transport_financial_balance_IRR,-3951490437690977.5,-7839496318301917.0,sign_reversed_2022
5,SC3,Region 12,CO₂ emissions,238790.75006245603,241073.1295417334,sign_reversed_2022
5,SC3,Region 12,Congestion index,1.2864944042013806,1.3146441851002308,sign_reversed_2022
5,SC3,Region 12,Electricity use,48962084.48402944,50801683.903363965,sign_reversed_2022
5,SC3,Region 12,Final energy,3412827633.283252,3440396279.4675417,sign_reversed_2022
5,SC3,Region 12,Health indicator,403837349779390.1,411498642802578.56,sign_reversed_2022
5,SC3,Region 12,Modal share: car,0.2355317017032994,0.2267994000452136,sign_reversed_2022
5,SC3,Region 12,Modal share: public transport,0.2729678165883194,0.2740240761699942,sign_reversed_2022
5,SC3,Region 12,NOₓ emissions,969.554524220368,982.908538486052,sign_reversed_2022
5,SC3,Region 12,PM₂.₅ emissions,30.86461927938356,31.90966863734178,sign_reversed_2022
5,SC3,Region 12,Time loss (car),76248577.61410493,77970765.84491925,sign_reversed_2022
5,SC3,Region 12,PCE-weighted VKT,1110216979.8108697,1130311438.611114,sign_reversed_2022
5,SC3,Tehran,CO₂ emissions,17903235.68670892,18524300.233950213,sign_reversed_2022
5,SC3,Tehran,Congestion index,0.4219645229123814,0.4311975276019316,sign_reversed_2022
5,SC3,Tehran,Electricity use,934666288.5324486,1119928384.814809,sign_reversed_2022
5,SC3,Tehran,Final energy,266282506083.5424,274855943407.9579,sign_reversed_2022
5,SC3,Tehran,Health indicator,1.2396537893684014e+16,1.3038294911069376e+16,sign_reversed_2022
5,SC3,Tehran,Modal share: car,0.6184712418231502,0.6153824593701764,sign_reversed_2022
5,SC3,Tehran,Modal share: public transport,0.0965906657191173,0.0981250805972002,sign_reversed_2022
5,SC3,Tehran,NOₓ emissions,68190.72703245028,70354.59762648506,sign_reversed_2022
5,SC3,Tehran,PM₂.₅ emissions,1190.7600889395358,1236.0783311922646,sign_reversed_2022
5,SC3,Tehran,Time loss (car),1057017438.4145328,1127034129.4980412,sign_reversed_2022
5,SC3,Tehran,PCE-weighted VKT,75462567432.13872,78356272739.14694,sign_reversed_2022
5,SC3,Tehran,STOCK::inflation_index_effective,63.87869652292867,142.92185698706032,sign_reversed_2022
5,SC3,Tehran,STOCK::cost_index_rhc_fare,29.51624016041301,60.18207770689028,sign_reversed_2022
5,SC3,Tehran,STOCK::cost_index_bus_fare,84.36487247380374,169.56239313950334,sign_reversed_2022
5,SC3,Tehran,STOCK::cost_index_metro_fare,45.68752260248281,85.07059173023467,sign_reversed_2022
5,SC3,Tehran,STOCK::len_bik,941.660883050843,1278.6481875338736,sign_reversed_2022
5,SC3,Tehran,STOCK::len_brt,145.8321428571453,133.6500000000051,sign_reversed_2022
5,SC3,Tehran,STOCK::len_hwy,2678.5357142857,2865.749999999971,sign_reversed_2022
5,SC3,Tehran,STOCK::len_met,320.3214285714312,353.5,sign_reversed_2022
5,SC3,Tehran,STOCK::population_city,10215897.406788891,10581014.480784029,sign_reversed_2022
5,SC3,Tehran,STOCK::private_cars_total,4192415.099736402,4343924.107633086,sign_reversed_2022
5,SC3,Tehran,STOCK::taxis_total,78784.0,78784.0,sign_reversed_2022
5,SC3,Tehran,STOCK::metro_cars_total,1181.0,1181.0,sign_reversed_2022
5,SC3,Tehran,STOCK::brts_total,942.0,942.0,sign_reversed_2022
5,SC3,Tehran,STOCK::buses_total,2047.0,2047.0,sign_reversed_2022
5,SC3,Tehran,STOCK::motorcycles_total,325417.6086656498,337177.8227351354,sign_reversed_2022
5,SC3,Tehran,STOCK::transport_financial_balance_IRR,-3923988328078349.0,-7753549341790602.0,sign_reversed_2022
5,SC4,Region 12,CO₂ emissions,237485.94759774697,241411.01368524536,sign_reversed_2022
5,SC4,Region 12,Congestion index,1.2772538342112456,1.30624910311723,sign_reversed_2022
5,SC4,Region 12,Electricity use,51888767.05275677,52673614.3352996,sign_reversed_2022
5,SC4,Region 12,Final energy,3377564491.1241,3434511550.018516,sign_reversed_2022
5,SC4,Region 12,Health indicator,401808595274494.7,410201301061395.2,sign_reversed_2022
5,SC4,Region 12,Modal share: car,0.2342599936996413,0.2331411563083732,sign_reversed_2022
5,SC4,Region 12,Modal share: public transport,0.2891711778984694,0.2861939629938061,sign_reversed_2022
5,SC4,Region 12,NOₓ emissions,958.5207617457752,977.9389234921364,sign_reversed_2022
5,SC4,Region 12,PM₂.₅ emissions,30.360262129517743,31.268384727901363,sign_reversed_2022
5,SC4,Region 12,Time loss (car),75046629.94854173,79350305.01892336,sign_reversed_2022
5,SC4,Region 12,PCE-weighted VKT,1090197547.5308857,1116687359.039948,sign_reversed_2022
5,SC4,Tehran,CO₂ emissions,17819879.181186315,18456859.945840925,sign_reversed_2022
5,SC4,Tehran,Congestion index,0.4189336564783014,0.4284439775264718,sign_reversed_2022
5,SC4,Tehran,Electricity use,994950676.5538596,1170474542.4979143,sign_reversed_2022
5,SC4,Tehran,Final energy,264717915318.49484,273563201041.28235,sign_reversed_2022
5,SC4,Tehran,Health indicator,1.2363095391604108e+16,1.3008808051282966e+16,sign_reversed_2022
5,SC4,Tehran,Modal share: car,0.6141709375464373,0.613975531030598,sign_reversed_2022
5,SC4,Tehran,Modal share: public transport,0.1047342138136457,0.1048636693006296,sign_reversed_2022
5,SC4,Tehran,NOₓ emissions,67804.83769596004,70029.70429691428,sign_reversed_2022
5,SC4,Tehran,PM₂.₅ emissions,1186.1540281597547,1230.5878435684576,sign_reversed_2022
5,SC4,Tehran,Time loss (car),1040186154.03504,1112480938.5633905,sign_reversed_2022
5,SC4,Tehran,PCE-weighted VKT,74920902430.43314,77855903634.7285,sign_reversed_2022
5,SC4,Tehran,STOCK::inflation_index_effective,63.87869652292867,142.92185698706032,sign_reversed_2022
5,SC4,Tehran,STOCK::cost_index_rhc_fare,29.51624016041301,60.18207770689028,sign_reversed_2022
5,SC4,Tehran,STOCK::cost_index_bus_fare,60.26793001761512,106.36159228555996,sign_reversed_2022
5,SC4,Tehran,STOCK::cost_index_metro_fare,35.161126476087375,58.82076106461197,sign_reversed_2022
5,SC4,Tehran,STOCK::len_bik,941.660883050843,1278.6481875338736,sign_reversed_2022
5,SC4,Tehran,STOCK::len_brt,145.8321428571453,133.6500000000051,sign_reversed_2022
5,SC4,Tehran,STOCK::len_hwy,2678.5357142857,2865.749999999971,sign_reversed_2022
5,SC4,Tehran,STOCK::len_met,320.3214285714312,353.5,sign_reversed_2022
5,SC4,Tehran,STOCK::population_city,10216218.363845477,10581623.965989962,sign_reversed_2022
5,SC4,Tehran,STOCK::private_cars_total,4192415.099736402,4343924.107633086,sign_reversed_2022
5,SC4,Tehran,STOCK::taxis_total,78784.0,78784.0,sign_reversed_2022
5,SC4,Tehran,STOCK::metro_cars_total,1181.0,1181.0,sign_reversed_2022
5,SC4,Tehran,STOCK::brts_total,942.0,942.0,sign_reversed_2022
5,SC4,Tehran,STOCK::buses_total,2047.0,2047.0,sign_reversed_2022
5,SC4,Tehran,STOCK::motorcycles_total,325417.6086656498,337177.8227351354,sign_reversed_2022
5,SC4,Tehran,STOCK::transport_financial_balance_IRR,-4012920147284673.0,-7981131479638584.0,sign_reversed_2022
5,SC7,Region 12,CO₂ emissions,237236.1352346898,238628.46688082063,sign_reversed_2022
5,SC7,Region 12,Congestion index,1.2875937907329835,1.3172049458124824,sign_reversed_2022
5,SC7,Region 12,Electricity use,55375477.23953078,63913047.13557344,sign_reversed_2022
5,SC7,Region 12,Final energy,3344996562.956332,3311188324.115196,sign_reversed_2022
5,SC7,Region 12,Health indicator,400617336611061.44,405252475486279.8,sign_reversed_2022
5,SC7,Region 12,Modal share: car,0.2404334157873611,0.2390303857156403,sign_reversed_2022
5,SC7,Region 12,Modal share: public transport,0.2708701454806444,0.268804216060428,sign_reversed_2022
5,SC7,Region 12,NOₓ emissions,947.1338836359256,940.3337956676854,sign_reversed_2022
5,SC7,Region 12,PM₂.₅ emissions,30.38791369953313,30.940785979971967,sign_reversed_2022
5,SC7,Region 12,Time loss (car),78006419.98071489,82426782.2467846,sign_reversed_2022
5,SC7,Region 12,PCE-weighted VKT,1114388458.0459635,1141879019.7558908,sign_reversed_2022
5,SC7,Tehran,CO₂ emissions,17829049.07050808,18370860.439702604,sign_reversed_2022
5,SC7,Tehran,Congestion index,0.422325116873606,0.4320374458858427,sign_reversed_2022
5,SC7,Tehran,Electricity use,1140210166.7055583,1554774294.3212457,sign_reversed_2022
5,SC7,Tehran,Final energy,263662956130.4943,269339848625.4525,sign_reversed_2022
5,SC7,Tehran,Health indicator,1.2337944882069872e+16,1.291550209798175e+16,sign_reversed_2022
5,SC7,Tehran,Modal share: car,0.6201181388741164,0.6194726286333841,sign_reversed_2022
5,SC7,Tehran,Modal share: public transport,0.0960892678172316,0.0968719198453476,sign_reversed_2022
5,SC7,Tehran,NOₓ emissions,67522.88957841405,68972.1625700191,sign_reversed_2022
5,SC7,Tehran,PM₂.₅ emissions,1182.794019958854,1219.803096123672,sign_reversed_2022
5,SC7,Tehran,Time loss (car),1060178241.4553634,1134636335.2339416,sign_reversed_2022
5,SC7,Tehran,PCE-weighted VKT,75527598161.1606,78508900854.84776,sign_reversed_2022
5,SC7,Tehran,STOCK::inflation_index_effective,63.87869652292867,142.92185698706032,sign_reversed_2022
5,SC7,Tehran,STOCK::cost_index_rhc_fare,29.51624016041301,60.18207770689028,sign_reversed_2022
5,SC7,Tehran,STOCK::cost_index_bus_fare,84.36487247380374,169.56239313950334,sign_reversed_2022
5,SC7,Tehran,STOCK::cost_index_metro_fare,45.68752260248281,85.07059173023467,sign_reversed_2022
5,SC7,Tehran,STOCK::len_bik,941.660883050843,1278.6481875338736,sign_reversed_2022
5,SC7,Tehran,STOCK::len_brt,145.8321428571453,133.6500000000051,sign_reversed_2022
5,SC7,Tehran,STOCK::len_hwy,2678.5357142857,2865.749999999971,sign_reversed_2022
5,SC7,Tehran,STOCK::len_met,320.3214285714312,353.5,sign_reversed_2022
5,SC7,Tehran,STOCK::population_city,10216306.651902976,10582060.648639891,sign_reversed_2022
5,SC7,Tehran,STOCK::private_cars_total,4192415.099736402,4343924.107633086,sign_reversed_2022
5,SC7,Tehran,STOCK::taxis_total,78784.0,78784.0,sign_reversed_2022
5,SC7,Tehran,STOCK::metro_cars_total,1181.0,1181.0,sign_reversed_2022
5,SC7,Tehran,STOCK::brts_total,942.0,942.0,sign_reversed_2022
5,SC7,Tehran,STOCK::buses_total,2047.0,2047.0,sign_reversed_2022
5,SC7,Tehran,STOCK::motorcycles_total,325417.6086656498,337177.8227351354,sign_reversed_2022
5,SC7,Tehran,STOCK::transport_financial_balance_IRR,-4006639965699217.5,-8014685693964824.0,sign_reversed_2022
5,SC9,Region 12,CO₂ emissions,234846.38901543544,234388.5840010879,sign_reversed_2022
5,SC9,Region 12,Congestion index,1.2272522495141636,1.2258190622498408,sign_reversed_2022
5,SC9,Region 12,Electricity use,55309131.13363707,57322812.92246261,sign_reversed_2022
5,SC9,Region 12,Final energy,3320442047.781996,3305164270.2497134,sign_reversed_2022
5,SC9,Region 12,Health indicator,390937044021504.9,390593804583396.6,sign_reversed_2022
5,SC9,Region 12,Modal share: car,0.2262608818935664,0.2159317282898312,sign_reversed_2022
5,SC9,Region 12,Modal share: public transport,0.3019519018884732,0.3072375188809343,sign_reversed_2022
5,SC9,Region 12,NOₓ emissions,918.829825166034,900.054582453206,sign_reversed_2022
5,SC9,Region 12,PM₂.₅ emissions,28.11943792077944,27.519485795307148,sign_reversed_2022
5,SC9,Region 12,Time loss (car),68078283.12711939,66562576.370243385,sign_reversed_2022
5,SC9,Region 12,PCE-weighted VKT,1077966593.0195737,1087765963.949887,sign_reversed_2022
5,SC9,Tehran,CO₂ emissions,17033328.614094738,17166263.493434284,sign_reversed_2022
5,SC9,Tehran,Congestion index,0.4025333559696764,0.4020632768319365,sign_reversed_2022
5,SC9,Tehran,Electricity use,1149542656.0600934,1372890553.3569646,sign_reversed_2022
5,SC9,Tehran,Final energy,252278044489.3901,253415270543.87344,sign_reversed_2022
5,SC9,Tehran,Health indicator,1.2055062189139684e+16,1.2486332309403272e+16,sign_reversed_2022
5,SC9,Tehran,Modal share: car,0.5687984327453844,0.5501015477858766,sign_reversed_2022
5,SC9,Tehran,Modal share: public transport,0.1410379421912107,0.1517613633390307,sign_reversed_2022
5,SC9,Tehran,NOₓ emissions,64435.13440589318,64400.938977015685,sign_reversed_2022
5,SC9,Tehran,PM₂.₅ emissions,1131.910400023595,1137.317533696124,sign_reversed_2022
5,SC9,Tehran,Time loss (car),928413057.9512068,929430829.9855838,sign_reversed_2022
5,SC9,Tehran,PCE-weighted VKT,71991802108.15137,73073389895.09637,sign_reversed_2022
5,SC9,Tehran,STOCK::inflation_index_effective,63.87869652292867,142.92185698706032,sign_reversed_2022
5,SC9,Tehran,STOCK::cost_index_rhc_fare,29.51624016041301,60.18207770689028,sign_reversed_2022
5,SC9,Tehran,STOCK::cost_index_bus_fare,70.18799307146887,131.70713041746714,sign_reversed_2022
5,SC9,Tehran,STOCK::cost_index_metro_fare,39.58232500141554,69.61389311940997,sign_reversed_2022
5,SC9,Tehran,STOCK::len_bik,942.3771584972671,1280.1311995956578,sign_reversed_2022
5,SC9,Tehran,STOCK::len_brt,150.89414693877808,141.6690000000054,sign_reversed_2022
5,SC9,Tehran,STOCK::len_hwy,2678.5357142857,2865.749999999971,sign_reversed_2022
5,SC9,Tehran,STOCK::len_met,325.80352040816587,364.105,sign_reversed_2022
5,SC9,Tehran,STOCK::population_city,10218369.54672666,10587120.90508212,sign_reversed_2022
5,SC9,Tehran,STOCK::private_cars_total,4192415.099736402,4343924.107633086,sign_reversed_2022
5,SC9,Tehran,STOCK::taxis_total,78784.0,78784.0,sign_reversed_2022
5,SC9,Tehran,STOCK::metro_cars_total,1181.7559999999996,1183.0159999999996,sign_reversed_2022
5,SC9,Tehran,STOCK::brts_total,954.6130612244908,976.2225714285742,sign_reversed_2022
5,SC9,Tehran,STOCK::buses_total,2083.473265306132,2142.6211428571687,sign_reversed_2022
5,SC9,Tehran,STOCK::motorcycles_total,325417.6086656498,337177.8227351354,sign_reversed_2022
5,SC9,Tehran,STOCK::transport_financial_balance_IRR,-4459186528961012.0,-9235510659833052.0,sign_reversed_2022
6,SC1,Region 12,CO₂ emissions,202848.95248507176,204636.02635155345,empirical_2023
6,SC1,Region 12,Congestion index,1.1567177794989552,1.159128684934978,empirical_2023
6,SC1,Region 12,Electricity use,82829048.86691631,86215305.55622876,empirical_2023
6,SC1,Region 12,Final energy,2708132111.3470864,2720668944.927931,empirical_2023
6,SC1,Region 12,Health indicator,366304024240398.8,370125213090329.1,empirical_2023
6,SC1,Region 12,Modal share: car,0.1599948996627012,0.1551476378894477,empirical_2023
6,SC1,Region 12,Modal share: public transport,0.398049842035464,0.401778468152129,empirical_2023
6,SC1,Region 12,NOₓ emissions,775.3193442200275,781.6152101592203,empirical_2023
6,SC1,Region 12,PM₂.₅ emissions,27.60597312222298,28.24829093536665,empirical_2023
6,SC1,Region 12,Time loss (car),43917239.380014144,43868499.82612927,empirical_2023
6,SC1,Region 12,PCE-weighted VKT,874509025.0522203,867774472.398757,empirical_2023
6,SC1,Tehran,CO₂ emissions,16005009.929829668,16242802.697126985,empirical_2023
6,SC1,Tehran,Congestion index,0.3793983591195959,0.3801891255300644,empirical_2023
6,SC1,Tehran,Electricity use,1329372021.5915277,1497574962.1872633,empirical_2023
6,SC1,Tehran,Final energy,236409617421.50195,239280681213.93225,empirical_2023
6,SC1,Tehran,Health indicator,1.1740666647367756e+16,1.2234967608500656e+16,empirical_2023
6,SC1,Tehran,Modal share: car,0.5402314277668798,0.5355705031154833,empirical_2023
6,SC1,Tehran,Modal share: public transport,0.1380127945174909,0.1413336090862884,empirical_2023
6,SC1,Tehran,NOₓ emissions,60531.9885045542,61237.56155050784,empirical_2023
6,SC1,Tehran,PM₂.₅ emissions,1104.9691257653387,1124.8850753742458,empirical_2023
6,SC1,Tehran,Time loss (car),790781457.488476,805964243.0801252,empirical_2023
6,SC1,Tehran,PCE-weighted VKT,67843031889.8108,69087137345.53902,empirical_2023
6,SC1,Tehran,STOCK::inflation_index_effective,63.87869652292867,142.92185698706032,empirical_2023
6,SC1,Tehran,STOCK::cost_index_rhc_fare,29.51624016041301,60.18207770689028,empirical_2023
6,SC1,Tehran,STOCK::cost_index_bus_fare,84.36487247380374,169.56239313950334,empirical_2023
6,SC1,Tehran,STOCK::cost_index_metro_fare,45.68752260248281,85.07059173023467,empirical_2023
6,SC1,Tehran,STOCK::len_bik,941.660883050843,1278.6481875338736,empirical_2023
6,SC1,Tehran,STOCK::len_brt,145.8321428571453,133.6500000000051,empirical_2023
6,SC1,Tehran,STOCK::len_hwy,2678.5357142857,2865.749999999971,empirical_2023
6,SC1,Tehran,STOCK::len_met,320.3214285714312,353.5,empirical_2023
6,SC1,Tehran,STOCK::population_city,10236067.56574364,10607830.181752063,empirical_2023
6,SC1,Tehran,STOCK::private_cars_total,4192415.099736402,4343924.107633086,empirical_2023
6,SC1,Tehran,STOCK::taxis_total,78784.0,78784.0,empirical_2023
6,SC1,Tehran,STOCK::metro_cars_total,1181.0,1181.0,empirical_2023
6,SC1,Tehran,STOCK::brts_total,942.0,942.0,empirical_2023
6,SC1,Tehran,STOCK::buses_total,2047.0,2047.0,empirical_2023
6,SC1,Tehran,STOCK::motorcycles_total,325417.6086656498,337177.8227351354,empirical_2023
6,SC1,Tehran,STOCK::transport_financial_balance_IRR,-4164928089508069.0,-8314055851991229.0,empirical_2023
6,SC2,Region 12,CO₂ emissions,201963.32043347487,201882.9604115949,empirical_2023
6,SC2,Region 12,Congestion index,1.1767393960050685,1.2013684665841708,empirical_2023
6,SC2,Region 12,Electricity use,83248296.55826156,86945500.23408826,empirical_2023
6,SC2,Region 12,Final energy,2691945068.1470485,2673916858.847356,empirical_2023
6,SC2,Region 12,Health indicator,368301943149436.5,373884087692037.75,empirical_2023
6,SC2,Region 12,Modal share: car,0.157058204310105,0.1486426887872195,empirical_2023
6,SC2,Region 12,Modal share: public transport,0.4001927653284273,0.4069971916035855,empirical_2023
6,SC2,Region 12,NOₓ emissions,772.8687355490209,773.3869671377438,empirical_2023
6,SC2,Region 12,PM₂.₅ emissions,27.75906668015156,28.50455292568025,empirical_2023
6,SC2,Region 12,Time loss (car),44229463.90176301,44412984.34881692,empirical_2023
6,SC2,Region 12,PCE-weighted VKT,888413484.3417231,890307475.6662278,empirical_2023
6,SC2,Tehran,CO₂ emissions,16290042.143451791,16857763.475130346,empirical_2023
6,SC2,Tehran,Congestion index,0.3859653615327788,0.3940435886768274,empirical_2023
6,SC2,Tehran,Electricity use,1373868630.3252826,1588231642.1127694,empirical_2023
6,SC2,Tehran,Final energy,240534625141.26105,248240547227.4992,empirical_2023
6,SC2,Tehran,Health indicator,1.1846799917589386e+16,1.2463310704258092e+16,empirical_2023
6,SC2,Tehran,Modal share: car,0.5371802136302831,0.5298222679382555,empirical_2023
6,SC2,Tehran,Modal share: public transport,0.1386443441162036,0.1402634699695473,empirical_2023
6,SC2,Tehran,NOₓ emissions,61610.696641365896,63539.37280704103,empirical_2023
6,SC2,Tehran,PM₂.₅ emissions,1130.153772966152,1176.7565002126394,empirical_2023
6,SC2,Tehran,Time loss (car),821574443.5538366,872507407.6996256,empirical_2023
6,SC2,Tehran,PCE-weighted VKT,69037234065.83029,71615843699.84827,empirical_2023
6,SC2,Tehran,STOCK::inflation_index_effective,63.87869652292867,142.92185698706032,empirical_2023
6,SC2,Tehran,STOCK::cost_index_rhc_fare,29.51624016041301,60.18207770689028,empirical_2023
6,SC2,Tehran,STOCK::cost_index_bus_fare,84.36487247380374,169.56239313950334,empirical_2023
6,SC2,Tehran,STOCK::cost_index_metro_fare,45.68752260248281,85.07059173023467,empirical_2023
6,SC2,Tehran,STOCK::len_bik,942.3771584972671,1280.1311995956578,empirical_2023
6,SC2,Tehran,STOCK::len_brt,145.8321428571453,133.6500000000051,empirical_2023
6,SC2,Tehran,STOCK::len_hwy,2678.5357142857,2865.749999999971,empirical_2023
6,SC2,Tehran,STOCK::len_met,320.3214285714312,353.5,empirical_2023
6,SC2,Tehran,STOCK::population_city,10235356.94913134,10605942.39621162,empirical_2023
6,SC2,Tehran,STOCK::private_cars_total,4192415.099736402,4343924.107633086,empirical_2023
6,SC2,Tehran,STOCK::taxis_total,78784.0,78784.0,empirical_2023
6,SC2,Tehran,STOCK::metro_cars_total,1181.0,1181.0,empirical_2023
6,SC2,Tehran,STOCK::brts_total,942.0,942.0,empirical_2023
6,SC2,Tehran,STOCK::buses_total,2047.0,2047.0,empirical_2023
6,SC2,Tehran,STOCK::motorcycles_total,325417.6086656498,337177.8227351354,empirical_2023
6,SC2,Tehran,STOCK::transport_financial_balance_IRR,-4185499090826240.0,-8346510096159709.0,empirical_2023
6,SC3,Region 12,CO₂ emissions,202295.97735053764,203084.18185636,empirical_2023
6,SC3,Region 12,Congestion index,1.1831781694325834,1.2143659545275018,empirical_2023
6,SC3,Region 12,Electricity use,82880004.17282276,86531008.80310933,empirical_2023
6,SC3,Region 12,Final energy,2699647426.67247,2696006709.485175,empirical_2023
6,SC3,Region 12,Health indicator,369257629847589.1,376297888068248.25,empirical_2023
6,SC3,Region 12,Modal share: car,0.1576936399296279,0.1489289984078003,empirical_2023
6,SC3,Region 12,Modal share: public transport,0.3983736542076045,0.4032870109643466,empirical_2023
6,SC3,Region 12,NOₓ emissions,774.0478690930028,777.4704780144739,empirical_2023
6,SC3,Region 12,PM₂.₅ emissions,27.70522968824932,28.475258065474826,empirical_2023
6,SC3,Region 12,Time loss (car),44783432.91903808,45245530.21647286,empirical_2023
6,SC3,Region 12,PCE-weighted VKT,890745269.5119631,897237096.3389523,empirical_2023
6,SC3,Tehran,CO₂ emissions,16400905.07816874,17080783.18905216,empirical_2023
6,SC3,Tehran,Congestion index,0.3880772509810418,0.3983067077243383,empirical_2023
6,SC3,Tehran,Electricity use,1349409162.0523834,1542567950.3571618,empirical_2023
6,SC3,Tehran,Final energy,242304428210.27512,251740920088.87863,empirical_2023
6,SC3,Tehran,Health indicator,1.188104696307369e+16,1.2534584582934774e+16,empirical_2023
6,SC3,Tehran,Modal share: car,0.5444617149007259,0.5438022091160318,empirical_2023
6,SC3,Tehran,Modal share: public transport,0.1348102275530623,0.1347832260264884,empirical_2023
6,SC3,Tehran,NOₓ emissions,62019.4384546392,64378.27866403039,empirical_2023
6,SC3,Tehran,PM₂.₅ emissions,1130.6616503418702,1178.9362816508171,empirical_2023
6,SC3,Tehran,Time loss (car),835982600.3160862,902401846.8616164,empirical_2023
6,SC3,Tehran,PCE-weighted VKT,69403498713.34544,72379424802.9453,empirical_2023
6,SC3,Tehran,STOCK::inflation_index_effective,63.87869652292867,142.92185698706032,empirical_2023
6,SC3,Tehran,STOCK::cost_index_rhc_fare,29.51624016041301,60.18207770689028,empirical_2023
6,SC3,Tehran,STOCK::cost_index_bus_fare,84.36487247380374,169.56239313950334,empirical_2023
6,SC3,Tehran,STOCK::cost_index_metro_fare,45.68752260248281,85.07059173023467,empirical_2023
6,SC3,Tehran,STOCK::len_bik,941.660883050843,1278.6481875338736,empirical_2023
6,SC3,Tehran,STOCK::len_brt,145.8321428571453,133.6500000000051,empirical_2023
6,SC3,Tehran,STOCK::len_hwy,2678.5357142857,2865.749999999971,empirical_2023
6,SC3,Tehran,STOCK::len_met,320.3214285714312,353.5,empirical_2023
6,SC3,Tehran,STOCK::population_city,10235186.812046288,10605340.677356778,empirical_2023
6,SC3,Tehran,STOCK::private_cars_total,4192415.099736402,4343924.107633086,empirical_2023
6,SC3,Tehran,STOCK::taxis_total,78784.0,78784.0,empirical_2023
6,SC3,Tehran,STOCK::metro_cars_total,1181.0,1181.0,empirical_2023
6,SC3,Tehran,STOCK::brts_total,942.0,942.0,empirical_2023
6,SC3,Tehran,STOCK::buses_total,2047.0,2047.0,empirical_2023
6,SC3,Tehran,STOCK::motorcycles_total,325417.6086656498,337177.8227351354,empirical_2023
6,SC3,Tehran,STOCK::transport_financial_balance_IRR,-4141376160775233.0,-8220439380282667.0,empirical_2023
6,SC4,Region 12,CO₂ emissions,200933.9529353844,202730.98150145172,empirical_2023
6,SC4,Region 12,Congestion index,1.1699574453310713,1.2033710180938588,empirical_2023
6,SC4,Region 12,Electricity use,86775992.00198892,89301858.93914287,empirical_2023
6,SC4,Region 12,Final energy,2658641540.644067,2675461015.6230664,empirical_2023
6,SC4,Region 12,Health indicator,366390518389150.4,374012933056370.9,empirical_2023
6,SC4,Region 12,Modal share: car,0.155370374956297,0.1521116527330835,empirical_2023
6,SC4,Region 12,Modal share: public transport,0.4182125952423877,0.4197718056055537,empirical_2023
6,SC4,Region 12,NOₓ emissions,761.2678464230154,769.1022858813757,empirical_2023
6,SC4,Region 12,PM₂.₅ emissions,27.17058171236435,27.8512204729547,empirical_2023
6,SC4,Region 12,Time loss (car),43404712.46482551,45566649.89896818,empirical_2023
6,SC4,Region 12,PCE-weighted VKT,865888866.0518974,877411517.4338284,empirical_2023
6,SC4,Tehran,CO₂ emissions,16276332.49481817,16996355.802955534,empirical_2023
6,SC4,Tehran,Congestion index,0.3837409114526052,0.3947004167902132,empirical_2023
6,SC4,Tehran,Electricity use,1440125518.9492202,1620249894.547294,empirical_2023
6,SC4,Tehran,Final energy,239964160033.3428,250054100391.7842,empirical_2023
6,SC4,Tehran,Health indicator,1.1829263978469908e+16,1.2495063245052588e+16,empirical_2023
6,SC4,Tehran,Modal share: car,0.538034951941953,0.5414885194851196,empirical_2023
6,SC4,Tehran,Modal share: public transport,0.146362213782568,0.1436655514659915,empirical_2023
6,SC4,Tehran,NOₓ emissions,61438.72542191039,63947.48475563582,empirical_2023
6,SC4,Tehran,PM₂.₅ emissions,1123.9969738169668,1172.4480930362574,empirical_2023
6,SC4,Tehran,Time loss (car),814633199.1609659,885668334.8756307,empirical_2023
6,SC4,Tehran,PCE-weighted VKT,68627781932.27553,71724097492.55338,empirical_2023
6,SC4,Tehran,STOCK::inflation_index_effective,63.87869652292867,142.92185698706032,empirical_2023
6,SC4,Tehran,STOCK::cost_index_rhc_fare,29.51624016041301,60.18207770689028,empirical_2023
6,SC4,Tehran,STOCK::cost_index_bus_fare,60.26793001761512,106.36159228555996,empirical_2023
6,SC4,Tehran,STOCK::cost_index_metro_fare,35.161126476087375,58.82076106461197,empirical_2023
6,SC4,Tehran,STOCK::len_bik,941.660883050843,1278.6481875338736,empirical_2023
6,SC4,Tehran,STOCK::len_brt,145.8321428571453,133.6500000000051,empirical_2023
6,SC4,Tehran,STOCK::len_hwy,2678.5357142857,2865.749999999971,empirical_2023
6,SC4,Tehran,STOCK::len_met,320.3214285714312,353.5,empirical_2023
6,SC4,Tehran,STOCK::population_city,10235644.921551883,10606278.26435233,empirical_2023
6,SC4,Tehran,STOCK::private_cars_total,4192415.099736402,4343924.107633086,empirical_2023
6,SC4,Tehran,STOCK::taxis_total,78784.0,78784.0,empirical_2023
6,SC4,Tehran,STOCK::metro_cars_total,1181.0,1181.0,empirical_2023
6,SC4,Tehran,STOCK::brts_total,942.0,942.0,empirical_2023
6,SC4,Tehran,STOCK::buses_total,2047.0,2047.0,empirical_2023
6,SC4,Tehran,STOCK::motorcycles_total,325417.6086656498,337177.8227351354,empirical_2023
6,SC4,Tehran,STOCK::transport_financial_balance_IRR,-4262785856542859.0,-8525891258865362.0,empirical_2023
6,SC7,Region 12,CO₂ emissions,200652.4590297082,200245.4415160168,empirical_2023
6,SC7,Region 12,Congestion index,1.18441733723159,1.2172654423345115,empirical_2023
6,SC7,Region 12,Electricity use,88721282.89104255,98315825.61485893,empirical_2023
6,SC7,Region 12,Final energy,2635455244.938084,2571950205.447487,empirical_2023
6,SC7,Region 12,Health indicator,365495260064517.6,368958731413202.1,empirical_2023
6,SC7,Region 12,Modal share: car,0.1612748115804127,0.1578310058623369,empirical_2023
6,SC7,Region 12,Modal share: public transport,0.3962508786531414,0.3979985807099013,empirical_2023
6,SC7,Region 12,NOₓ emissions,751.82038141407,735.1912054201537,empirical_2023
6,SC7,Region 12,PM₂.₅ emissions,27.25180501013156,27.583742366671903,empirical_2023
6,SC7,Region 12,Time loss (car),45919295.62821772,48127437.6261847,empirical_2023
6,SC7,Region 12,PCE-weighted VKT,894386148.892806,907169474.1920464,empirical_2023
6,SC7,Tehran,CO₂ emissions,16311744.996248314,16895569.325997256,empirical_2023
6,SC7,Tehran,Congestion index,0.3884836925849916,0.3992577270099096,empirical_2023
6,SC7,Tehran,Electricity use,1587173947.1858928,2044119352.794228,empirical_2023
6,SC7,Tehran,Final energy,239216857773.8784,245235109203.48505,empirical_2023
6,SC7,Tehran,Health indicator,1.1811040893157058e+16,1.2388449562151256e+16,empirical_2023
6,SC7,Tehran,Modal share: car,0.546200226467951,0.548112628462854,empirical_2023
6,SC7,Tehran,Modal share: public transport,0.1341812844210554,0.1332193499352189,empirical_2023
6,SC7,Tehran,NOₓ emissions,61241.57432384848,62772.546263152224,empirical_2023
6,SC7,Tehran,PM₂.₅ emissions,1121.6942659908027,1160.8497763658354,empirical_2023
6,SC7,Tehran,Time loss (car),839005395.9311649,909700961.0671388,empirical_2023
6,SC7,Tehran,PCE-weighted VKT,69476789207.6859,72552241949.96104,empirical_2023
6,SC7,Tehran,STOCK::inflation_index_effective,63.87869652292867,142.92185698706032,empirical_2023
6,SC7,Tehran,STOCK::cost_index_rhc_fare,29.51624016041301,60.18207770689028,empirical_2023
6,SC7,Tehran,STOCK::cost_index_bus_fare,84.36487247380374,169.56239313950334,empirical_2023
6,SC7,Tehran,STOCK::cost_index_metro_fare,45.68752260248281,85.07059173023467,empirical_2023
6,SC7,Tehran,STOCK::len_bik,941.660883050843,1278.6481875338736,empirical_2023
6,SC7,Tehran,STOCK::len_brt,145.8321428571453,133.6500000000051,empirical_2023
6,SC7,Tehran,STOCK::len_hwy,2678.5357142857,2865.749999999971,empirical_2023
6,SC7,Tehran,STOCK::len_met,320.3214285714312,353.5,empirical_2023
6,SC7,Tehran,STOCK::population_city,10235675.651264744,10606589.7462598,empirical_2023
6,SC7,Tehran,STOCK::private_cars_total,4192415.099736402,4343924.107633086,empirical_2023
6,SC7,Tehran,STOCK::taxis_total,78784.0,78784.0,empirical_2023
6,SC7,Tehran,STOCK::metro_cars_total,1181.0,1181.0,empirical_2023
6,SC7,Tehran,STOCK::brts_total,942.0,942.0,empirical_2023
6,SC7,Tehran,STOCK::buses_total,2047.0,2047.0,empirical_2023
6,SC7,Tehran,STOCK::motorcycles_total,325417.6086656498,337177.8227351354,empirical_2023
6,SC7,Tehran,STOCK::transport_financial_balance_IRR,-4230421553358516.0,-8494700905433507.0,empirical_2023
6,SC9,Region 12,CO₂ emissions,199224.578018576,198069.2612298648,empirical_2023
6,SC9,Region 12,Congestion index,1.1149428743988374,1.109416436643312,empirical_2023
6,SC9,Region 12,Electricity use,90867953.01946028,94653423.18918878,empirical_2023
6,SC9,Region 12,Final energy,2611112031.6895804,2576279399.925256,empirical_2023
6,SC9,Region 12,Health indicator,354936254407565.8,353025291805708.1,empirical_2023
6,SC9,Region 12,Modal share: car,0.1502466265511208,0.1408574240409948,empirical_2023
6,SC9,Region 12,Modal share: public transport,0.432911233854801,0.4428858641125965,empirical_2023
6,SC9,Region 12,NOₓ emissions,726.3807830148204,703.7355215442817,empirical_2023
6,SC9,Region 12,PM₂.₅ emissions,25.12844992716074,24.488057686975807,empirical_2023
6,SC9,Region 12,Time loss (car),39004906.37661076,37242094.52292369,empirical_2023
6,SC9,Region 12,PCE-weighted VKT,853923527.6373504,853098914.8538405,empirical_2023
6,SC9,Tehran,CO₂ emissions,15495732.965573369,15569605.055897312,empirical_2023
6,SC9,Tehran,Congestion index,0.3656963734423057,0.3638837260935885,empirical_2023
6,SC9,Tehran,Electricity use,1678810490.3707712,1929326959.094148,empirical_2023
6,SC9,Tehran,Final energy,227223253243.753,227359690785.8826,empirical_2023
6,SC9,Tehran,Health indicator,1.1497728036053162e+16,1.1888268011221662e+16,empirical_2023
6,SC9,Tehran,Modal share: car,0.4905922464696713,0.470790967818409,empirical_2023
6,SC9,Tehran,Modal share: public transport,0.186720914532825,0.199183398515563,empirical_2023
6,SC9,Tehran,NOₓ emissions,57909.78882354224,57582.32207694058,empirical_2023
6,SC9,Tehran,PM₂.₅ emissions,1068.3285065767243,1069.8446460346363,empirical_2023
6,SC9,Tehran,Time loss (car),712062983.7071112,704340706.0836259,empirical_2023
6,SC9,Tehran,PCE-weighted VKT,65402019533.42413,66134409496.02575,empirical_2023
6,SC9,Tehran,STOCK::inflation_index_effective,63.87869652292867,142.92185698706032,empirical_2023
6,SC9,Tehran,STOCK::cost_index_rhc_fare,29.51624016041301,60.18207770689028,empirical_2023
6,SC9,Tehran,STOCK::cost_index_bus_fare,70.18799307146887,131.70713041746714,empirical_2023
6,SC9,Tehran,STOCK::cost_index_metro_fare,39.58232500141554,69.61389311940997,empirical_2023
6,SC9,Tehran,STOCK::len_bik,942.3771584972671,1280.1311995956578,empirical_2023
6,SC9,Tehran,STOCK::len_brt,150.89414693877808,141.6690000000054,empirical_2023
6,SC9,Tehran,STOCK::len_hwy,2678.5357142857,2865.749999999971,empirical_2023
6,SC9,Tehran,STOCK::len_met,325.80352040816587,364.105,empirical_2023
6,SC9,Tehran,STOCK::population_city,10237927.047573484,10612185.534713134,empirical_2023
6,SC9,Tehran,STOCK::private_cars_total,4192415.099736402,4343924.107633086,empirical_2023
6,SC9,Tehran,STOCK::taxis_total,78784.0,78784.0,empirical_2023
6,SC9,Tehran,STOCK::metro_cars_total,1181.7559999999996,1183.0159999999996,empirical_2023
6,SC9,Tehran,STOCK::brts_total,954.6130612244908,976.2225714285742,empirical_2023
6,SC9,Tehran,STOCK::buses_total,2083.473265306132,2142.6211428571687,empirical_2023
6,SC9,Tehran,STOCK::motorcycles_total,325417.6086656498,337177.8227351354,empirical_2023
6,SC9,Tehran,STOCK::transport_financial_balance_IRR,-4684605456936295.0,-9768991519106092.0,empirical_2023
7,SC1,Region 12,CO₂ emissions,259962.47730366915,263658.1420693567,sign_reversed_2023
7,SC1,Region 12,Congestion index,1.223429689908866,1.2271324154965428,sign_reversed_2023
7,SC1,Region 12,Electricity use,60357555.87982873,62339027.12824344,sign_reversed_2023
7,SC1,Region 12,Final energy,3669913011.164223,3718268912.518069,sign_reversed_2023
7,SC1,Region 12,Health indicator,401188417853379.6,406243419172021.3,sign_reversed_2023
7,SC1,Region 12,Modal share: car,0.2711002273258927,0.2672344098234112,sign_reversed_2023
7,SC1,Region 12,Modal share: public transport,0.2929100607600822,0.2914546271577061,sign_reversed_2023
7,SC1,Region 12,NOₓ emissions,1020.0710148394802,1036.368018040555,sign_reversed_2023
7,SC1,Region 12,PM₂.₅ emissions,30.56098997765678,31.418398020020984,sign_reversed_2023
7,SC1,Region 12,Time loss (car),81183505.90655513,82513931.51987197,sign_reversed_2023
7,SC1,Region 12,PCE-weighted VKT,1102241352.2923105,1104823403.2270095,sign_reversed_2023
7,SC1,Tehran,CO₂ emissions,17033818.974026714,17303087.073088847,sign_reversed_2023
7,SC1,Tehran,Congestion index,0.4012795731822147,0.402494050937405,sign_reversed_2023
7,SC1,Tehran,Electricity use,1093799740.583161,1264138236.2957273,sign_reversed_2023
7,SC1,Tehran,Final energy,252570257252.44107,255899291394.6432,sign_reversed_2023
7,SC1,Tehran,Health indicator,1.2094586580719484e+16,1.2606061416485758e+16,sign_reversed_2023
7,SC1,Tehran,Modal share: car,0.5922222929006727,0.5883878107388716,sign_reversed_2023
7,SC1,Tehran,Modal share: public transport,0.113546251295512,0.1160106700597654,sign_reversed_2023
7,SC1,Tehran,NOₓ emissions,64685.791018650445,65502.66641753166,sign_reversed_2023
7,SC1,Tehran,PM₂.₅ emissions,1148.0541914293997,1169.510333139055,sign_reversed_2023
7,SC1,Tehran,Time loss (car),929581288.0804487,950049684.8109622,sign_reversed_2023
7,SC1,Tehran,PCE-weighted VKT,71756401212.82277,73140339664.12317,sign_reversed_2023
7,SC1,Tehran,STOCK::inflation_index_effective,63.87869652292867,142.92185698706032,sign_reversed_2023
7,SC1,Tehran,STOCK::cost_index_rhc_fare,29.51624016041301,60.18207770689028,sign_reversed_2023
7,SC1,Tehran,STOCK::cost_index_bus_fare,84.36487247380374,169.56239313950334,sign_reversed_2023
7,SC1,Tehran,STOCK::cost_index_metro_fare,45.68752260248281,85.07059173023467,sign_reversed_2023
7,SC1,Tehran,STOCK::len_bik,941.660883050843,1278.6481875338736,sign_reversed_2023
7,SC1,Tehran,STOCK::len_brt,145.8321428571453,133.6500000000051,sign_reversed_2023
7,SC1,Tehran,STOCK::len_hwy,2678.5357142857,2865.749999999971,sign_reversed_2023
7,SC1,Tehran,STOCK::len_met,320.3214285714312,353.5,sign_reversed_2023
7,SC1,Tehran,STOCK::population_city,10223558.880981771,10591831.607021376,sign_reversed_2023
7,SC1,Tehran,STOCK::private_cars_total,4192415.099736402,4343924.107633086,sign_reversed_2023
7,SC1,Tehran,STOCK::taxis_total,78784.0,78784.0,sign_reversed_2023
7,SC1,Tehran,STOCK::metro_cars_total,1181.0,1181.0,sign_reversed_2023
7,SC1,Tehran,STOCK::brts_total,942.0,942.0,sign_reversed_2023
7,SC1,Tehran,STOCK::buses_total,2047.0,2047.0,sign_reversed_2023
7,SC1,Tehran,STOCK::motorcycles_total,325417.6086656498,337177.8227351354,sign_reversed_2023
7,SC1,Tehran,STOCK::transport_financial_balance_IRR,-4007357397097909.0,-7927226303730725.0,sign_reversed_2023
7,SC2,Region 12,CO₂ emissions,258684.3469998456,259682.5148494863,sign_reversed_2023
7,SC2,Region 12,Congestion index,1.2444460717257584,1.2654821477775442,sign_reversed_2023
7,SC2,Region 12,Electricity use,60833689.12691473,63219607.40781859,sign_reversed_2023
7,SC2,Region 12,Final energy,3647730401.0752606,3652798624.007659,sign_reversed_2023
7,SC2,Region 12,Health indicator,403232989443351.2,409383994720358.06,sign_reversed_2023
7,SC2,Region 12,Modal share: car,0.2667286504847592,0.2575194093780517,sign_reversed_2023
7,SC2,Region 12,Modal share: public transport,0.2953135808768183,0.2971880958742971,sign_reversed_2023
7,SC2,Region 12,NOₓ emissions,1016.4771502004824,1024.1472658857651,sign_reversed_2023
7,SC2,Region 12,PM₂.₅ emissions,30.75553931786215,31.74044694267512,sign_reversed_2023
7,SC2,Region 12,Time loss (car),81981661.19119236,83411142.39490111,sign_reversed_2023
7,SC2,Region 12,PCE-weighted VKT,1119583299.507664,1132597814.2424316,sign_reversed_2023
7,SC2,Tehran,CO₂ emissions,17314620.12093975,17800634.01478834,sign_reversed_2023
7,SC2,Tehran,Congestion index,0.4081728542549874,0.41507259495044,sign_reversed_2023
7,SC2,Tehran,Electricity use,1129597153.6673615,1335227799.9346547,sign_reversed_2023
7,SC2,Tehran,Final energy,256663857393.3224,263168047383.8365,sign_reversed_2023
7,SC2,Tehran,Health indicator,1.2199429496327858e+16,1.2795930448459844e+16,sign_reversed_2023
7,SC2,Tehran,Modal share: car,0.587305737495232,0.5765907288494486,sign_reversed_2023
7,SC2,Tehran,Modal share: public transport,0.1153660483483625,0.1191643010885756,sign_reversed_2023
7,SC2,Tehran,NOₓ emissions,65773.4705431202,67431.17431425664,sign_reversed_2023
7,SC2,Tehran,PM₂.₅ emissions,1173.2736335733791,1216.2923345247016,sign_reversed_2023
7,SC2,Tehran,Time loss (car),964548536.6485986,1012170106.7470006,sign_reversed_2023
7,SC2,Tehran,PCE-weighted VKT,73009541273.72487,75437781347.68884,sign_reversed_2023
7,SC2,Tehran,STOCK::inflation_index_effective,63.87869652292867,142.92185698706032,sign_reversed_2023
7,SC2,Tehran,STOCK::cost_index_rhc_fare,29.51624016041301,60.18207770689028,sign_reversed_2023
7,SC2,Tehran,STOCK::cost_index_bus_fare,84.36487247380374,169.56239313950334,sign_reversed_2023
7,SC2,Tehran,STOCK::cost_index_metro_fare,45.68752260248281,85.07059173023467,sign_reversed_2023
7,SC2,Tehran,STOCK::len_bik,942.3771584972671,1280.1311995956578,sign_reversed_2023
7,SC2,Tehran,STOCK::len_brt,145.8321428571453,133.6500000000051,sign_reversed_2023
7,SC2,Tehran,STOCK::len_hwy,2678.5357142857,2865.749999999971,sign_reversed_2023
7,SC2,Tehran,STOCK::len_met,320.3214285714312,353.5,sign_reversed_2023
7,SC2,Tehran,STOCK::population_city,10222829.210506111,10589961.928639846,sign_reversed_2023
7,SC2,Tehran,STOCK::private_cars_total,4192415.099736402,4343924.107633086,sign_reversed_2023
7,SC2,Tehran,STOCK::taxis_total,78784.0,78784.0,sign_reversed_2023
7,SC2,Tehran,STOCK::metro_cars_total,1181.0,1181.0,sign_reversed_2023
7,SC2,Tehran,STOCK::brts_total,942.0,942.0,sign_reversed_2023
7,SC2,Tehran,STOCK::buses_total,2047.0,2047.0,sign_reversed_2023
7,SC2,Tehran,STOCK::motorcycles_total,325417.6086656498,337177.8227351354,sign_reversed_2023
7,SC2,Tehran,STOCK::transport_financial_balance_IRR,-4047430144592021.0,-8056193559404629.0,sign_reversed_2023
7,SC3,Region 12,CO₂ emissions,259116.47885784408,261285.0159753584,sign_reversed_2023
7,SC3,Region 12,Congestion index,1.249585971363036,1.277837954323664,sign_reversed_2023
7,SC3,Region 12,Electricity use,60505397.14119257,62879079.503288046,sign_reversed_2023
7,SC3,Region 12,Final energy,3656718403.3468328,3680631998.350255,sign_reversed_2023
7,SC3,Region 12,Health indicator,404007416353242.4,411582638671666.6,sign_reversed_2023
7,SC3,Region 12,Modal share: car,0.2675464058909608,0.2576574429584599,sign_reversed_2023
7,SC3,Region 12,Modal share: public transport,0.2936616460278873,0.2940135481983802,sign_reversed_2023
7,SC3,Region 12,NOₓ emissions,1017.8521142456392,1029.6236796130388,sign_reversed_2023
7,SC3,Region 12,PM₂.₅ emissions,30.68708806603105,31.718949601144097,sign_reversed_2023
7,SC3,Region 12,Time loss (car),82769886.60453089,84730298.31416447,sign_reversed_2023
7,SC3,Region 12,PCE-weighted VKT,1122151763.741897,1140726768.9681914,sign_reversed_2023
7,SC3,Tehran,CO₂ emissions,17401224.709691517,18020531.26623276,sign_reversed_2023
7,SC3,Tehran,Congestion index,0.4098587187960055,0.4191252453136319,sign_reversed_2023
7,SC3,Tehran,Electricity use,1109003636.3781712,1298019046.8459232,sign_reversed_2023
7,SC3,Tehran,Final energy,258048059139.3904,266580060232.25647,sign_reversed_2023
7,SC3,Tehran,Health indicator,1.2224779624373484e+16,1.286362690114718e+16,sign_reversed_2023
7,SC3,Tehran,Modal share: car,0.5935708234886133,0.5903553762110452,sign_reversed_2023
7,SC3,Tehran,Modal share: public transport,0.1125553037578067,0.1142420280620553,sign_reversed_2023
7,SC3,Tehran,NOₓ emissions,66090.52404164945,68243.63403360896,sign_reversed_2023
7,SC3,Tehran,PM₂.₅ emissions,1172.6614316817304,1218.1443834444194,sign_reversed_2023
7,SC3,Tehran,Time loss (car),977220332.023262,1043543920.1014316,sign_reversed_2023
7,SC3,Tehran,PCE-weighted VKT,73297959473.20142,76162523974.33665,sign_reversed_2023
7,SC3,Tehran,STOCK::inflation_index_effective,63.87869652292867,142.92185698706032,sign_reversed_2023
7,SC3,Tehran,STOCK::cost_index_rhc_fare,29.51624016041301,60.18207770689028,sign_reversed_2023
7,SC3,Tehran,STOCK::cost_index_bus_fare,84.36487247380374,169.56239313950334,sign_reversed_2023
7,SC3,Tehran,STOCK::cost_index_metro_fare,45.68752260248281,85.07059173023467,sign_reversed_2023
7,SC3,Tehran,STOCK::len_bik,941.660883050843,1278.6481875338736,sign_reversed_2023
7,SC3,Tehran,STOCK::len_brt,145.8321428571453,133.6500000000051,sign_reversed_2023
7,SC3,Tehran,STOCK::len_hwy,2678.5357142857,2865.749999999971,sign_reversed_2023
7,SC3,Tehran,STOCK::len_met,320.3214285714312,353.5,sign_reversed_2023
7,SC3,Tehran,STOCK::population_city,10222701.896939743,10589515.988729743,sign_reversed_2023
7,SC3,Tehran,STOCK::private_cars_total,4192415.099736402,4343924.107633086,sign_reversed_2023
7,SC3,Tehran,STOCK::taxis_total,78784.0,78784.0,sign_reversed_2023
7,SC3,Tehran,STOCK::metro_cars_total,1181.0,1181.0,sign_reversed_2023
7,SC3,Tehran,STOCK::brts_total,942.0,942.0,sign_reversed_2023
7,SC3,Tehran,STOCK::buses_total,2047.0,2047.0,sign_reversed_2023
7,SC3,Tehran,STOCK::motorcycles_total,325417.6086656498,337177.8227351354,sign_reversed_2023
7,SC3,Tehran,STOCK::transport_financial_balance_IRR,-4018547271052659.0,-7965736459687267.0,sign_reversed_2023
7,SC4,Region 12,CO₂ emissions,257505.1928801729,261484.37668128152,sign_reversed_2023
7,SC4,Region 12,Congestion index,1.238995010258035,1.2681593495207424,sign_reversed_2023
7,SC4,Region 12,Electricity use,63940718.77189031,65023691.7020136,sign_reversed_2023
7,SC4,Region 12,Final energy,3614501471.725329,3671317812.641698,sign_reversed_2023
7,SC4,Region 12,Health indicator,401664281926661.6,410032740048750.3,sign_reversed_2023
7,SC4,Region 12,Modal share: car,0.2654356757333021,0.2641172527186804,sign_reversed_2023
7,SC4,Region 12,Modal share: public transport,0.3102239467393377,0.3059923090329001,sign_reversed_2023
7,SC4,Region 12,NOₓ emissions,1004.7169256551136,1023.44304507772,sign_reversed_2023
7,SC4,Region 12,PM₂.₅ emissions,30.175906220002105,31.066083838344795,sign_reversed_2023
7,SC4,Region 12,Time loss (car),81100036.7757229,85830490.86474505,sign_reversed_2023
7,SC4,Region 12,PCE-weighted VKT,1100575188.1040263,1126816536.765669,sign_reversed_2023
7,SC4,Tehran,CO₂ emissions,17308147.810228456,17942747.057257842,sign_reversed_2023
7,SC4,Tehran,Congestion index,0.4063849299981213,0.4159507053818725,sign_reversed_2023
7,SC4,Tehran,Electricity use,1182592462.9983182,1359832105.533155,sign_reversed_2023
7,SC4,Tehran,Final energy,256271327345.7237,265075840380.49307,sign_reversed_2023
7,SC4,Tehran,Health indicator,1.2186126599832114e+16,1.2828932306141484e+16,sign_reversed_2023
7,SC4,Tehran,Modal share: car,0.5886278741544331,0.5884335130194231,sign_reversed_2023
7,SC4,Tehran,Modal share: public transport,0.1218602943508137,0.1219396143021109,sign_reversed_2023
7,SC4,Tehran,NOₓ emissions,65647.95279846598,67862.67342118153,sign_reversed_2023
7,SC4,Tehran,PM₂.₅ emissions,1167.5016709660729,1212.0577937009762,sign_reversed_2023
7,SC4,Tehran,Time loss (car),958865025.5554464,1027365163.506928,sign_reversed_2023
7,SC4,Tehran,PCE-weighted VKT,72677108196.77861,75585653512.90884,sign_reversed_2023
7,SC4,Tehran,STOCK::inflation_index_effective,63.87869652292867,142.92185698706032,sign_reversed_2023
7,SC4,Tehran,STOCK::cost_index_rhc_fare,29.51624016041301,60.18207770689028,sign_reversed_2023
7,SC4,Tehran,STOCK::cost_index_bus_fare,60.26793001761512,106.36159228555996,sign_reversed_2023
7,SC4,Tehran,STOCK::cost_index_metro_fare,35.161126476087375,58.82076106461197,sign_reversed_2023
7,SC4,Tehran,STOCK::len_bik,941.660883050843,1278.6481875338736,sign_reversed_2023
7,SC4,Tehran,STOCK::len_brt,145.8321428571453,133.6500000000051,sign_reversed_2023
7,SC4,Tehran,STOCK::len_hwy,2678.5357142857,2865.749999999971,sign_reversed_2023
7,SC4,Tehran,STOCK::len_met,320.3214285714312,353.5,sign_reversed_2023
7,SC4,Tehran,STOCK::population_city,10223071.238209812,10590220.05153738,sign_reversed_2023
7,SC4,Tehran,STOCK::private_cars_total,4192415.099736402,4343924.107633086,sign_reversed_2023
7,SC4,Tehran,STOCK::taxis_total,78784.0,78784.0,sign_reversed_2023
7,SC4,Tehran,STOCK::metro_cars_total,1181.0,1181.0,sign_reversed_2023
7,SC4,Tehran,STOCK::brts_total,942.0,942.0,sign_reversed_2023
7,SC4,Tehran,STOCK::buses_total,2047.0,2047.0,sign_reversed_2023
7,SC4,Tehran,STOCK::motorcycles_total,325417.6086656498,337177.8227351354,sign_reversed_2023
7,SC4,Tehran,STOCK::transport_financial_balance_IRR,-4114958995029496.0,-8213141044556790.0,sign_reversed_2023
7,SC7,Region 12,CO₂ emissions,257966.238852385,259726.55827339264,sign_reversed_2023
7,SC7,Region 12,Congestion index,1.2507509240680987,1.280558029835892,sign_reversed_2023
7,SC7,Region 12,Electricity use,65971134.40119166,74009673.62402943,sign_reversed_2023
7,SC7,Region 12,Final energy,3600808376.03458,3576887347.5305133,sign_reversed_2023
7,SC7,Region 12,Health indicator,401204396680767.4,406200593378726.4,sign_reversed_2023
7,SC7,Region 12,Modal share: car,0.2729122816439625,0.2710354207592044,sign_reversed_2023
7,SC7,Region 12,Modal share: public transport,0.2911771057139981,0.2878185716706474,sign_reversed_2023
7,SC7,Region 12,NOₓ emissions,999.2143668389268,994.9689161589712,sign_reversed_2023
7,SC7,Region 12,PM₂.₅ emissions,30.26023961730544,30.85116664409293,sign_reversed_2023
7,SC7,Region 12,Time loss (car),84624408.79520918,89426014.75495788,sign_reversed_2023
7,SC7,Region 12,PCE-weighted VKT,1127132092.640646,1154417059.5230217,sign_reversed_2023
7,SC7,Tehran,CO₂ emissions,17324023.106626533,17860759.344115797,sign_reversed_2023
7,SC7,Tehran,Congestion index,0.4102408181745974,0.4200174181532919,sign_reversed_2023
7,SC7,Tehran,Electricity use,1321410032.6454897,1747014412.948918,sign_reversed_2023
7,SC7,Tehran,Final energy,255332079101.11447,260861669605.21887,sign_reversed_2023
7,SC7,Tehran,Health indicator,1.216343939390125e+16,1.2735110771909184e+16,sign_reversed_2023
7,SC7,Tehran,Modal share: car,0.5952623626709891,0.5945554633235757,sign_reversed_2023
7,SC7,Tehran,Modal share: public transport,0.111990423172926,0.1128304200753797,sign_reversed_2023
7,SC7,Tehran,NOₓ emissions,65398.03150732029,66810.73602243714,sign_reversed_2023
7,SC7,Tehran,PM₂.₅ emissions,1164.4088007524697,1201.30374483703,sign_reversed_2023
7,SC7,Tehran,Time loss (car),980368303.5431012,1051121499.3276834,sign_reversed_2023
7,SC7,Tehran,PCE-weighted VKT,73366864572.45529,76324647673.75497,sign_reversed_2023
7,SC7,Tehran,STOCK::inflation_index_effective,63.87869652292867,142.92185698706032,sign_reversed_2023
7,SC7,Tehran,STOCK::cost_index_rhc_fare,29.51624016041301,60.18207770689028,sign_reversed_2023
7,SC7,Tehran,STOCK::cost_index_bus_fare,84.36487247380374,169.56239313950334,sign_reversed_2023
7,SC7,Tehran,STOCK::cost_index_metro_fare,45.68752260248281,85.07059173023467,sign_reversed_2023
7,SC7,Tehran,STOCK::len_bik,941.660883050843,1278.6481875338736,sign_reversed_2023
7,SC7,Tehran,STOCK::len_brt,145.8321428571453,133.6500000000051,sign_reversed_2023
7,SC7,Tehran,STOCK::len_hwy,2678.5357142857,2865.749999999971,sign_reversed_2023
7,SC7,Tehran,STOCK::len_met,320.3214285714312,353.5,sign_reversed_2023
7,SC7,Tehran,STOCK::population_city,10223130.283922648,10590610.939944409,sign_reversed_2023
7,SC7,Tehran,STOCK::private_cars_total,4192415.099736402,4343924.107633086,sign_reversed_2023
7,SC7,Tehran,STOCK::taxis_total,78784.0,78784.0,sign_reversed_2023
7,SC7,Tehran,STOCK::metro_cars_total,1181.0,1181.0,sign_reversed_2023
7,SC7,Tehran,STOCK::brts_total,942.0,942.0,sign_reversed_2023
7,SC7,Tehran,STOCK::buses_total,2047.0,2047.0,sign_reversed_2023
7,SC7,Tehran,STOCK::motorcycles_total,325417.6086656498,337177.8227351354,sign_reversed_2023
7,SC7,Tehran,STOCK::transport_financial_balance_IRR,-4104555825547975.0,-8237313448121542.0,sign_reversed_2023
7,SC9,Region 12,CO₂ emissions,254349.42938150204,253735.01423523485,sign_reversed_2023
7,SC9,Region 12,Congestion index,1.1848133931425957,1.1814689512435623,sign_reversed_2023
7,SC9,Region 12,Electricity use,67428699.76335408,69882272.66516319,sign_reversed_2023
7,SC9,Region 12,Final energy,3549256426.924733,3529774262.6833143,sign_reversed_2023
7,SC9,Region 12,Health indicator,390349257874899.3,389853965757221.75,sign_reversed_2023
7,SC9,Region 12,Modal share: car,0.2561538900478624,0.2454219988495894,sign_reversed_2023
7,SC9,Region 12,Modal share: public transport,0.3232830839559654,0.3275542982092585,sign_reversed_2023
7,SC9,Region 12,NOₓ emissions,965.5938867535856,947.183246248764,sign_reversed_2023
7,SC9,Region 12,PM₂.₅ emissions,28.13483477659848,27.64199643066363,sign_reversed_2023
7,SC9,Region 12,Time loss (car),72995473.37913102,71463169.26076287,sign_reversed_2023
7,SC9,Region 12,PCE-weighted VKT,1086989491.9414985,1095426850.9257762,sign_reversed_2023
7,SC9,Tehran,CO₂ emissions,16480552.095442476,16587481.475294309,sign_reversed_2023
7,SC9,Tehran,Congestion index,0.3886135971869769,0.3875166349104797,sign_reversed_2023
7,SC9,Tehran,Electricity use,1371245495.1607344,1607582047.4041033,sign_reversed_2023
7,SC9,Tehran,Final energy,243051426338.0072,243737952554.3033,sign_reversed_2023
7,SC9,Tehran,Health indicator,1.1856091317123526e+16,1.2271271791301678e+16,sign_reversed_2023
7,SC9,Tehran,Modal share: car,0.5406354391841558,0.5213758881106966,sign_reversed_2023
7,SC9,Tehran,Modal share: public transport,0.1615254481508037,0.1731284651332475,sign_reversed_2023
7,SC9,Tehran,NOₓ emissions,62067.067495275856,61907.902422123465,sign_reversed_2023
7,SC9,Tehran,PM₂.₅ emissions,1110.8003214127205,1114.6349206992093,sign_reversed_2023
7,SC9,Tehran,Time loss (car),845111185.6719676,841948209.0891987,sign_reversed_2023
7,SC9,Tehran,PCE-weighted VKT,69501578034.99934,70429595999.85016,sign_reversed_2023
7,SC9,Tehran,STOCK::inflation_index_effective,63.87869652292867,142.92185698706032,sign_reversed_2023
7,SC9,Tehran,STOCK::cost_index_rhc_fare,29.51624016041301,60.18207770689028,sign_reversed_2023
7,SC9,Tehran,STOCK::cost_index_bus_fare,70.18799307146887,131.70713041746714,sign_reversed_2023
7,SC9,Tehran,STOCK::cost_index_metro_fare,39.58232500141554,69.61389311940997,sign_reversed_2023
7,SC9,Tehran,STOCK::len_bik,942.3771584972671,1280.1311995956578,sign_reversed_2023
7,SC9,Tehran,STOCK::len_brt,150.89414693877808,141.6690000000054,sign_reversed_2023
7,SC9,Tehran,STOCK::len_hwy,2678.5357142857,2865.749999999971,sign_reversed_2023
7,SC9,Tehran,STOCK::len_met,325.80352040816587,364.105,sign_reversed_2023
7,SC9,Tehran,STOCK::population_city,10225381.927311763,10596109.014409084,sign_reversed_2023
7,SC9,Tehran,STOCK::private_cars_total,4192415.099736402,4343924.107633086,sign_reversed_2023
7,SC9,Tehran,STOCK::taxis_total,78784.0,78784.0,sign_reversed_2023
7,SC9,Tehran,STOCK::metro_cars_total,1181.7559999999996,1183.0159999999996,sign_reversed_2023
7,SC9,Tehran,STOCK::brts_total,954.6130612244908,976.2225714285742,sign_reversed_2023
7,SC9,Tehran,STOCK::buses_total,2083.473265306132,2142.6211428571687,sign_reversed_2023
7,SC9,Tehran,STOCK::motorcycles_total,325417.6086656498,337177.8227351354,sign_reversed_2023
7,SC9,Tehran,STOCK::transport_financial_balance_IRR,-4581214304446089.0,-9523395286939512.0,sign_reversed_2023
