scenario,geo,metric,effect,n,median,p05,p25,p75,p95,min,max,sign_fraction,all_same_direction,span90
SC1,Region 12,CO₂ emissions,delta_mean_pct,8,-0.2103353710615049,-0.225566854723393,-0.2188205015524456,-0.2036086502737761,-0.199265405548439,-0.2267321842602357,-0.1972697343757579,1.0,True,0.026301449174954
SC1,Region 12,CO₂ emissions,delta_2030_pct,8,-0.5394640589412436,-0.5704932356337545,-0.5590612833570063,-0.5178947551588025,-0.5081297922864344,-0.5731412617084263,-0.5029131484309372,1.0,True,0.0623634433473201
SC1,Region 12,Congestion index,delta_mean_pct,8,-2.2075832471248877,-2.303559211293837,-2.240292726778912,-2.175379042315492,-2.163574012447796,-2.333689927507277,-2.1582091206335288,1.0,True,0.1399851988460403
SC1,Region 12,Congestion index,delta_2030_pct,8,-4.26927116871836,-4.644013349366053,-4.398849131760531,-4.1518460414327,-4.128333764758309,-4.763735111208691,-4.1175452507989805,1.0,True,0.515679584607744
SC1,Region 12,Electricity use,delta_mean_pct,8,0.6041080722079746,0.5383813155092978,0.5663661354710099,0.6372532473836823,0.6714024731655495,0.5372925031067632,0.6795571607432289,1.0,True,0.1330211576562516
SC1,Region 12,Electricity use,delta_2030_pct,8,1.162686618891155,1.0577879537667234,1.1050066335507358,1.2620092480775074,1.3224696936389029,1.0543622980649392,1.335483701093218,1.0,True,0.2646817398721794
SC1,Region 12,Final energy,delta_mean_pct,8,-0.2940469710646548,-0.3108935517115553,-0.3036676412542179,-0.2796161359709824,-0.2694712856044511,-0.3147595371085311,-0.2641242556270707,1.0,True,0.0414222661071042
SC1,Region 12,Final energy,delta_2030_pct,8,-0.709629995128737,-0.7556889423436127,-0.7388402623826936,-0.6810546024755275,-0.6572137166672757,-0.7620803797188942,-0.6455342490858409,1.0,True,0.098475225676337
SC1,Region 12,Health indicator,delta_mean_pct,8,-0.87378545270887,-0.9353323324775852,-0.8955962695236424,-0.8529477005131432,-0.844476800332977,-0.9542545935853278,-0.8413659170476278,1.0,True,0.0908555321446081
SC1,Region 12,Health indicator,delta_2030_pct,8,-1.7688989533399706,-1.9712146298402828,-1.835861508367881,-1.6999071500814853,-1.6847616381032609,-2.0404517957225647,-1.6786976418961923,1.0,True,0.286452991737022
SC1,Region 12,Modal share: car,delta_mean_pct,8,-0.7380030501963639,-0.7924065098285077,-0.7732735166956781,-0.6939086157491811,-0.674180955075631,-0.7936217101536279,-0.6639695022717156,1.0,True,0.1182255547528766
SC1,Region 12,Modal share: car,delta_2030_pct,8,-1.563054715177477,-1.694106522801306,-1.653878980640545,-1.4887379621294985,-1.4235219902931329,-1.7001526146451151,-1.4024037615253768,1.0,True,0.270584532508173
SC1,Region 12,Modal share: public transport,delta_mean_pct,8,0.4966462442443768,0.4549319323545127,0.4827723063348902,0.5522793036409467,0.5866615403816481,0.4539960613935519,0.5951549802772859,1.0,True,0.1317296080271354
SC1,Region 12,Modal share: public transport,delta_2030_pct,8,1.028409216763296,0.9174384431993476,0.9558437173600656,1.175113979408622,1.246582802929041,0.9000539935778579,1.263315103661712,1.0,True,0.329144359729693
SC1,Region 12,NOₓ emissions,delta_mean_pct,8,-0.2815155483662238,-0.2937564486280231,-0.2887218515576594,-0.2697085423212061,-0.2533244409498947,-0.2949472390567251,-0.249288760501212,1.0,True,0.0404320076781284
SC1,Region 12,NOₓ emissions,delta_2030_pct,8,-0.6723491880070834,-0.7048792429318248,-0.6899980418948296,-0.647414407715495,-0.6233364913989387,-0.7120045469344882,-0.6187253325852851,1.0,True,0.0815427515328861
SC1,Region 12,PM₂.₅ emissions,delta_mean_pct,8,-0.1425535990067948,-0.1677048377233999,-0.1545503082986289,-0.1216117720202067,-0.1116150744242627,-0.1708522124397778,-0.106299082667295,1.0,True,0.0560897632991371
SC1,Region 12,PM₂.₅ emissions,delta_2030_pct,8,-0.3331192442664936,-0.3795669608527566,-0.3618096365611492,-0.3072351869082021,-0.2736556792795219,-0.3837728207536445,-0.2645510174202812,1.0,True,0.1059112815732346
SC1,Region 12,Time loss (car),delta_mean_pct,8,-4.136357011311,-4.30318064079976,-4.1782627090993305,-4.087974216915884,-4.062729368285399,-4.352360620225773,-4.059263994710826,1.0,True,0.2404512725143615
SC1,Region 12,Time loss (car),delta_2030_pct,8,-7.987026586505888,-8.62108632392124,-8.212549516147067,-7.768780615034915,-7.730769780442827,-8.83108714350248,-7.712979620803631,1.0,True,0.8903165434784128
SC1,Region 12,PCE-weighted VKT,delta_mean_pct,8,-2.220162692620028,-2.246788231319923,-2.2339905268252687,-2.2071363781188764,-2.175229500398192,-2.2475167166249186,-2.1599690361974,1.0,True,0.0715587309217311
SC1,Region 12,PCE-weighted VKT,delta_2030_pct,8,-4.329020408384669,-4.390144127581573,-4.354506809401823,-4.290763001120622,-4.209080692423478,-4.390145710748185,-4.173543603848094,1.0,True,0.1810634351580953
SC1,Tehran,CO₂ emissions,delta_mean_pct,8,-2.2639084775916727,-2.473546199818658,-2.329488205674944,-2.2138513040333736,-2.212557063588372,-2.5414437332305644,-2.212131611416268,1.0,True,0.2609891362302861
SC1,Tehran,CO₂ emissions,delta_2030_pct,8,-4.388404335941511,-4.995254918027002,-4.608160323124566,-4.214726342359913,-4.212082375680782,-5.187267740223253,-4.211372843968559,1.0,True,0.7831725423462199
SC1,Tehran,Congestion index,delta_mean_pct,8,-2.207583247124851,-2.303559211293845,-2.240292726778901,-2.1753790423154937,-2.163574012447787,-2.333689927507274,-2.1582091206334955,1.0,True,0.1399851988460576
SC1,Tehran,Congestion index,delta_2030_pct,8,-4.269271168718356,-4.644013349366058,-4.398849131760531,-4.151846041432703,-4.128333764758307,-4.7637351112087005,-4.1175452507989805,1.0,True,0.5156795846077511
SC1,Tehran,Electricity use,delta_mean_pct,8,-1.0123193388276923,-1.1025271230969764,-1.0875237470173107,-0.967758487394086,-0.927364926068892,-1.104517598899854,-0.9230060388959254,1.0,True,0.1751621970280845
SC1,Tehran,Electricity use,delta_2030_pct,8,-1.8748366147635245,-2.1059672074124385,-2.075557159106772,-1.7574438862198476,-1.677431930963663,-2.114446387512719,-1.6692746856916008,1.0,True,0.4285352764487755
SC1,Tehran,Final energy,delta_mean_pct,8,-2.2892558638114338,-2.498248057630388,-2.3517292617886376,-2.2337664942996702,-2.2275249611625134,-2.568594320262774,-2.22562796295996,1.0,True,0.2707230964678744
SC1,Tehran,Final energy,delta_2030_pct,8,-4.444946179522388,-5.054786224436358,-4.655795880595108,-4.25961511640868,-4.247372797335759,-5.250667766780732,-4.243578099900039,1.0,True,0.8074134271005997
SC1,Tehran,Health indicator,delta_mean_pct,8,-1.12260352588013,-1.2032600847161643,-1.132528986319855,-1.115710781073901,-1.113426985849978,-1.2375227545485274,-1.1127125042424575,1.0,True,0.0898330988661864
SC1,Tehran,Health indicator,delta_2030_pct,8,-2.162691292823681,-2.416062409372309,-2.2208816202355037,-2.114598905519687,-2.108953415133281,-2.513596825103622,-2.107249155293584,1.0,True,0.3071089942390279
SC1,Tehran,Modal share: car,delta_mean_pct,8,-0.607215057936507,-0.9746301346720389,-0.737293904671944,-0.4869205526908134,-0.4757718685614336,-1.0927858341745618,-0.4705563450330413,1.0,True,0.4988582661106051
SC1,Tehran,Modal share: car,delta_2030_pct,8,-1.2793731710784253,-2.055940280100149,-1.5879424233250077,-0.9895104006095056,-0.9665920696144988,-2.288238711548086,-0.9558164464717394,1.0,True,1.0893482104856502
SC1,Tehran,Modal share: public transport,delta_mean_pct,8,1.4356605471132848,1.4007996241093308,1.4246454021616817,1.5760960508197228,2.442211258382269,1.3892510435322043,2.855472812745171,1.0,True,1.041411634272938
SC1,Tehran,Modal share: public transport,delta_2030_pct,8,3.047159643349,2.841614084647832,2.891298234098746,3.600207894515611,5.2207383045693785,2.8186104263912464,6.090901325532107,1.0,True,2.3791242199215463
SC1,Tehran,NOₓ emissions,delta_mean_pct,8,-2.280806501819135,-2.4622274698485205,-2.328082821534612,-2.230526393426788,-2.2227527969111898,-2.525549901814769,-2.218661918688733,1.0,True,0.2394746729373307
SC1,Tehran,NOₓ emissions,delta_2030_pct,8,-4.425363122210365,-4.971946198295381,-4.598798500369184,-4.25444336929456,-4.2391011498062605,-5.160028025623463,-4.230889302916938,1.0,True,0.7328450484891205
SC1,Tehran,PM₂.₅ emissions,delta_mean_pct,8,-2.1219070979915955,-2.241357186945004,-2.1551174612651804,-2.0933224885334454,-2.08581696824177,-2.2774145563913044,-2.0837589266713654,1.0,True,0.1555402187032339
SC1,Tehran,PM₂.₅ emissions,delta_2030_pct,8,-4.081098395174275,-4.457058288652533,-4.220288782229262,-3.969096847260194,-3.954157211180768,-4.581744111328328,-3.94998941103624,1.0,True,0.5029010774717655
SC1,Tehran,STOCK::brts_total,delta_mean_pct,8,0.0,0.0,0.0,0.0,0.0,0.0,0.0,1.0,True,0.0
SC1,Tehran,STOCK::brts_total,delta_2030_pct,8,0.0,0.0,0.0,0.0,0.0,0.0,0.0,1.0,True,0.0
SC1,Tehran,STOCK::buses_total,delta_mean_pct,8,0.0,0.0,0.0,0.0,0.0,0.0,0.0,1.0,True,0.0
SC1,Tehran,STOCK::buses_total,delta_2030_pct,8,0.0,0.0,0.0,0.0,0.0,0.0,0.0,1.0,True,0.0
SC1,Tehran,STOCK::cost_index_bus_fare,delta_mean_pct,8,0.0,0.0,0.0,0.0,0.0,0.0,0.0,1.0,True,0.0
SC1,Tehran,STOCK::cost_index_bus_fare,delta_2030_pct,8,0.0,0.0,0.0,0.0,0.0,0.0,0.0,1.0,True,0.0
SC1,Tehran,STOCK::cost_index_metro_fare,delta_mean_pct,8,0.0,0.0,0.0,0.0,0.0,0.0,0.0,1.0,True,0.0
SC1,Tehran,STOCK::cost_index_metro_fare,delta_2030_pct,8,0.0,0.0,0.0,0.0,0.0,0.0,0.0,1.0,True,0.0
SC1,Tehran,STOCK::cost_index_rhc_fare,delta_mean_pct,8,0.0,0.0,0.0,0.0,0.0,0.0,0.0,1.0,True,0.0
SC1,Tehran,STOCK::cost_index_rhc_fare,delta_2030_pct,8,0.0,0.0,0.0,0.0,0.0,0.0,0.0,1.0,True,0.0
SC1,Tehran,STOCK::inflation_index_effective,delta_mean_pct,8,0.0,0.0,0.0,0.0,0.0,0.0,0.0,1.0,True,0.0
SC1,Tehran,STOCK::inflation_index_effective,delta_2030_pct,8,0.0,0.0,0.0,0.0,0.0,0.0,0.0,1.0,True,0.0
SC1,Tehran,STOCK::len_bik,delta_mean_pct,8,0.0,0.0,0.0,0.0,0.0,0.0,0.0,1.0,True,0.0
SC1,Tehran,STOCK::len_bik,delta_2030_pct,8,0.0,0.0,0.0,0.0,0.0,0.0,0.0,1.0,True,0.0
SC1,Tehran,STOCK::len_brt,delta_mean_pct,8,0.0,0.0,0.0,0.0,0.0,0.0,0.0,1.0,True,0.0
SC1,Tehran,STOCK::len_brt,delta_2030_pct,8,0.0,0.0,0.0,0.0,0.0,0.0,0.0,1.0,True,0.0
SC1,Tehran,STOCK::len_hwy,delta_mean_pct,8,0.0,0.0,0.0,0.0,0.0,0.0,0.0,1.0,True,0.0
SC1,Tehran,STOCK::len_hwy,delta_2030_pct,8,0.0,0.0,0.0,0.0,0.0,0.0,0.0,1.0,True,0.0
SC1,Tehran,STOCK::len_met,delta_mean_pct,8,0.0,0.0,0.0,0.0,0.0,0.0,0.0,1.0,True,0.0
SC1,Tehran,STOCK::len_met,delta_2030_pct,8,0.0,0.0,0.0,0.0,0.0,0.0,0.0,1.0,True,0.0
SC1,Tehran,STOCK::metro_cars_total,delta_mean_pct,8,0.0,0.0,0.0,0.0,0.0,0.0,0.0,1.0,True,0.0
SC1,Tehran,STOCK::metro_cars_total,delta_2030_pct,8,0.0,0.0,0.0,0.0,0.0,0.0,0.0,1.0,True,0.0
SC1,Tehran,STOCK::motorcycles_total,delta_mean_pct,8,0.0,0.0,0.0,0.0,0.0,0.0,0.0,1.0,True,0.0
SC1,Tehran,STOCK::motorcycles_total,delta_2030_pct,8,0.0,0.0,0.0,0.0,0.0,0.0,0.0,1.0,True,0.0
SC1,Tehran,STOCK::population_city,delta_mean_pct,8,0.0087212770134499,0.0082603262571472,0.0082932131731522,0.008807750725861,0.0088901234155925,0.0082531987757646,0.008933507371898,1.0,True,0.0006297971584452
SC1,Tehran,STOCK::population_city,delta_2030_pct,8,0.0229900236498627,0.0220231393939794,0.0221794711987067,0.0231982690157195,0.0241081385807547,0.0219893888883938,0.0245902929269405,1.0,True,0.0020849991867752
SC1,Tehran,STOCK::private_cars_total,delta_mean_pct,8,0.0,0.0,0.0,0.0,0.0,0.0,0.0,1.0,True,0.0
SC1,Tehran,STOCK::private_cars_total,delta_2030_pct,8,0.0,0.0,0.0,0.0,0.0,0.0,0.0,1.0,True,0.0
SC1,Tehran,STOCK::taxis_total,delta_mean_pct,8,0.0,0.0,0.0,0.0,0.0,0.0,0.0,1.0,True,0.0
SC1,Tehran,STOCK::taxis_total,delta_2030_pct,8,0.0,0.0,0.0,0.0,0.0,0.0,0.0,1.0,True,0.0
SC1,Tehran,STOCK::transport_financial_balance_IRR,delta_mean_pct,8,0.1244981395862662,-0.435088808738729,0.0978775180012921,0.1356672719141717,0.1585140387692782,-0.6838952102445326,0.1642961718671549,0.875,False,0.5936028475080073
SC1,Tehran,STOCK::transport_financial_balance_IRR,delta_2030_pct,8,0.1534956502499909,-0.9000636626081471,0.026542151191353,0.2214937162616026,0.2580583405832433,-1.3564354006362591,0.2675157410548075,0.75,False,1.1581220031913904
SC1,Tehran,Time loss (car),delta_mean_pct,8,-5.241848746630573,-5.606346847603314,-5.32664472849739,-5.149309712916653,-5.130574791205423,-5.736442077610064,-5.1214963006604295,1.0,True,0.4757720563978909
SC1,Tehran,Time loss (car),delta_2030_pct,8,-9.879015238469494,-11.001372274740328,-10.25112463951994,-9.555744512613,-9.521734315667478,-11.377278112151036,-9.504541090358236,1.0,True,1.47963795907285
SC1,Tehran,PCE-weighted VKT,delta_mean_pct,8,-2.218567732134336,-2.315900456076704,-2.2515583098587117,-2.1860086980566726,-2.174134960291489,-2.346505964575512,-2.1687379174303185,1.0,True,0.1417654957852141
SC1,Tehran,PCE-weighted VKT,delta_2030_pct,8,-4.269271168718366,-4.644013349366048,-4.398849131760537,-4.151846041432695,-4.128333764758315,-4.763735111208691,-4.117545250798993,1.0,True,0.5156795846077333
SC10,Region 12,CO₂ emissions,delta_mean_pct,8,-2.4892867912726766,-2.915296527730906,-2.606471012188262,-2.3130618543979238,-2.126917879763591,-3.031428080296896,-2.089477100634857,1.0,True,0.7883786479673156
SC10,Region 12,CO₂ emissions,delta_2030_pct,8,-3.6647339924120574,-4.171256684537086,-3.746523089422565,-3.400696008428227,-3.165780678559958,-4.335840801445741,-3.121614520468752,1.0,True,1.0054760059771284
SC10,Region 12,Congestion index,delta_mean_pct,8,-5.687897815207418,-6.978485761823342,-6.657234918387584,-4.731416733998357,-4.546548090044448,-7.131844915751815,-4.465412931493322,1.0,True,2.4319376717788943
SC10,Region 12,Congestion index,delta_2030_pct,8,-7.743839368759874,-9.370440999563696,-8.800196197262816,-6.360316677241121,-6.012078326939554,-9.587025970159663,-5.904509614145695,1.0,True,3.358362672624142
SC10,Region 12,Electricity use,delta_mean_pct,8,16.341084377107585,14.725677261263057,14.899723624142474,17.39359590049792,20.117731916664475,14.6746849458984,21.16595809736237,1.0,True,5.39205465540142
SC10,Region 12,Electricity use,delta_2030_pct,8,18.45501747049689,16.41217286897491,16.890680162632954,19.64612742552599,23.509520657285268,16.256318812935596,25.02036874958335,1.0,True,7.097347788310358
SC10,Region 12,Final energy,delta_mean_pct,8,-4.668880634074628,-5.260846797238951,-5.004812097059832,-4.301544884053991,-4.1567376186294815,-5.352106395921898,-4.123181536485992,1.0,True,1.1041091786094697
SC10,Region 12,Final energy,delta_2030_pct,8,-6.252382259798249,-7.056211329253452,-6.689319675740001,-5.843977938664838,-5.663667481663759,-7.194480863048959,-5.568368904335812,1.0,True,1.3925438475896934
SC10,Region 12,Health indicator,delta_mean_pct,8,-5.456659223695207,-6.115831670948992,-5.991823786754615,-4.927380437839412,-4.85857556535732,-6.119002099869327,-4.853525706553201,1.0,True,1.2572561055916711
SC10,Region 12,Health indicator,delta_2030_pct,8,-8.497525936745323,-9.571136547550152,-9.477321085420506,-7.717644133343415,-7.560928296349489,-9.571381994258536,-7.555339449232316,1.0,True,2.010208251200664
SC10,Region 12,Modal share: car,delta_mean_pct,8,-5.627648898451325,-6.737263192723268,-6.248977979509585,-5.234685006516253,-4.943519266385283,-6.894985689839128,-4.918510605748231,1.0,True,1.793743926337985
SC10,Region 12,Modal share: car,delta_2030_pct,8,-6.343665926621155,-7.573270258790075,-6.975941655089667,-5.959288380661841,-5.689091814086646,-7.758582882667595,-5.627778672679064,1.0,True,1.884178444703428
SC10,Region 12,Modal share: public transport,delta_mean_pct,8,12.117915729956271,10.641965567796174,11.305008934914436,13.165205552982568,13.749107545752787,10.33474255684042,13.966368732881984,1.0,True,3.107141977956614
SC10,Region 12,Modal share: public transport,delta_2030_pct,8,13.054866067045545,11.45722186283465,12.207695370160524,14.191845952355138,14.921925584443258,11.139615443980343,15.165166652935827,1.0,True,3.464703721608608
SC10,Region 12,NOₓ emissions,delta_mean_pct,8,-11.093244786127192,-12.203466731893048,-11.58679509471764,-10.60876336903798,-10.1031633645399,-12.352958696729036,-9.930706593692197,1.0,True,2.1003033673531477
SC10,Region 12,NOₓ emissions,delta_2030_pct,8,-17.806051014968453,-19.52581766491339,-18.493268554826763,-17.03087112105062,-16.160420330205465,-19.75784575462656,-15.881531528790058,1.0,True,3.365397334707925
SC10,Region 12,PM₂.₅ emissions,delta_mean_pct,8,-19.525970721299,-20.21971825068993,-19.884291500579053,-19.262638178825643,-18.805849956526004,-20.278646788631537,-18.601233416797182,1.0,True,1.4138682941639225
SC10,Region 12,PM₂.₅ emissions,delta_2030_pct,8,-30.68355152392894,-31.82261843580551,-31.29496343850747,-30.252208688324018,-29.71760899478534,-31.88240462736968,-29.44540162536292,1.0,True,2.1050094410201687
SC10,Region 12,Time loss (car),delta_mean_pct,8,-13.880342538532192,-16.08153939297594,-15.753775564259298,-11.91493739812987,-11.876841969711617,-16.203180775384812,-11.872941308422972,1.0,True,4.204697423264324
SC10,Region 12,Time loss (car),delta_2030_pct,8,-17.39867107427147,-20.02346898772671,-19.462473240744224,-14.945181624504183,-14.604864494474864,-20.100891069277477,-14.59553781104599,1.0,True,5.418604493251845
SC10,Region 12,PCE-weighted VKT,delta_mean_pct,8,-4.9254420126421845,-5.629874532822032,-5.577999272814408,-4.2576333002681706,-4.021388214893083,-5.646087968690193,-3.917360217785487,1.0,True,1.608486317928949
SC10,Region 12,PCE-weighted VKT,delta_2030_pct,8,-5.3510829727719855,-6.196850532406951,-6.106005421853895,-4.703435900105844,-4.480327147767307,-6.213752645438673,-4.404610921734895,1.0,True,1.7165233846396442
SC10,Tehran,CO₂ emissions,delta_mean_pct,8,-5.54403810354198,-6.753601497526622,-5.996798058316216,-4.822374371760057,-4.334650614715746,-6.878976860558587,-4.266687128011411,1.0,True,2.418950882810877
SC10,Tehran,CO₂ emissions,delta_2030_pct,8,-7.9373084455906735,-9.632120327405469,-8.706299592004315,-6.76712739507134,-6.074237952282823,-9.817722207745142,-5.988598680992992,1.0,True,3.5578823751226443
SC10,Tehran,Congestion index,delta_mean_pct,8,-5.687897815207426,-6.978485761823343,-6.657234918387567,-4.7314167339983495,-4.546548090044447,-7.131844915751807,-4.465412931493333,1.0,True,2.431937671778896
SC10,Tehran,Congestion index,delta_2030_pct,8,-7.743839368759876,-9.370440999563698,-8.800196197262817,-6.360316677241112,-6.012078326939547,-9.587025970159663,-5.904509614145684,1.0,True,3.3583626726241507
SC10,Tehran,Electricity use,delta_mean_pct,8,33.54571129348637,32.77038313259152,33.09142189465811,33.80885021120265,34.30107492448609,32.71147685941882,34.54319238873862,1.0,True,1.5306917918945686
SC10,Tehran,Electricity use,delta_2030_pct,8,36.913114302906806,35.733074307579145,36.62634126160194,37.18483315690418,38.64915158971235,35.35492062915724,39.43151849833219,1.0,True,2.916077282133209
SC10,Tehran,Final energy,delta_mean_pct,8,-6.46393510273679,-7.772739626400893,-7.199149052062064,-5.521072184287116,-5.162851976265649,-7.902656127876264,-5.092663591334303,1.0,True,2.609887650135245
SC10,Tehran,Final energy,delta_2030_pct,8,-9.25302800795336,-10.996410088462447,-10.117756765427814,-7.702957415380309,-7.15535718182662,-11.179132618480804,-7.074532964190446,1.0,True,3.841052906635829
SC10,Tehran,Health indicator,delta_mean_pct,8,-4.033423964019402,-4.6642229587513855,-4.423010068460457,-3.546082885672907,-3.398231762989395,-4.74851991424867,-3.338257023119965,1.0,True,1.2659911957619905
SC10,Tehran,Health indicator,delta_2030_pct,8,-6.151221735121199,-7.0994738299715054,-6.663363847439789,-5.326190501353775,-5.061396685764279,-7.23160751668509,-4.975370528832299,1.0,True,2.038077144207227
SC10,Tehran,Modal share: car,delta_mean_pct,8,-9.03843787452906,-10.941469465196317,-10.224906960028797,-7.557311059203113,-7.116249543733379,-11.136964976942922,-7.009675678320572,1.0,True,3.825219921462936
SC10,Tehran,Modal share: car,delta_2030_pct,8,-10.731392086770594,-12.871258540947077,-11.94131350028558,-8.784842704368861,-8.214113386425549,-13.116702380184568,-8.092517404684234,1.0,True,4.657145154521528
SC10,Tehran,Modal share: public transport,delta_mean_pct,8,41.574827634561245,38.54541076759672,41.20556737672019,43.31175908007447,48.43867585287306,37.25604540514136,49.3410736743046,1.0,True,9.893265085276347
SC10,Tehran,Modal share: public transport,delta_2030_pct,8,46.80144481243472,43.190057743715805,46.45133027021948,49.83160379726603,54.57727656805068,41.646908635416416,55.65484083842649,1.0,True,11.387218824334871
SC10,Tehran,NOₓ emissions,delta_mean_pct,8,-7.838727532959061,-9.238231630381346,-8.80510781582407,-6.739372296893517,-6.488618940597876,-9.375438520786677,-6.402241718453845,1.0,True,2.7496126897834703
SC10,Tehran,NOₓ emissions,delta_2030_pct,8,-11.853229910325336,-13.941202746920062,-13.136513587961344,-10.040853126841911,-9.576126839019649,-14.1540499668613,-9.457853168117548,1.0,True,4.3650759079004136
SC10,Tehran,PM₂.₅ emissions,delta_mean_pct,8,-9.471054420457952,-10.77902249068033,-10.080638125634486,-8.79264824235834,-8.283453422393306,-11.095811462247603,-8.052898251854124,1.0,True,2.495569068287024
SC10,Tehran,PM₂.₅ emissions,delta_2030_pct,8,-15.30381301116795,-17.445050872391498,-16.23062530990771,-14.011292148678482,-13.24021871260173,-17.941447300098453,-12.849130076846194,1.0,True,4.204832159789769
SC10,Tehran,STOCK::brts_total,delta_mean_pct,8,2.231610266187328,2.231610266187328,2.231610266187328,2.231610266187328,2.231610266187328,2.231610266187328,2.231610266187328,1.0,True,0.0
SC10,Tehran,STOCK::brts_total,delta_2030_pct,8,6.054948943484458,6.054948943484458,6.054948943484458,6.054948943484458,6.054948943484458,6.054948943484458,6.054948943484458,1.0,True,0.0
SC10,Tehran,STOCK::buses_total,delta_mean_pct,8,2.969651954578415,2.969651954578415,2.969651954578415,2.969651954578415,2.969651954578415,2.969651954578415,2.969651954578415,1.0,True,0.0
SC10,Tehran,STOCK::buses_total,delta_2030_pct,8,7.785470025823924,7.785470025823924,7.785470025823924,7.785470025823924,7.785470025823924,7.785470025823924,7.785470025823924,1.0,True,0.0
SC10,Tehran,STOCK::cost_index_bus_fare,delta_mean_pct,8,-28.562767594618244,-28.562767594618244,-28.562767594618244,-28.562767594618244,-28.562767594618244,-28.562767594618244,-28.562767594618244,1.0,True,0.0
SC10,Tehran,STOCK::cost_index_bus_fare,delta_2030_pct,8,-37.272887981680256,-37.272887981680256,-37.272887981680256,-37.272887981680256,-37.272887981680256,-37.272887981680256,-37.272887981680256,1.0,True,0.0
SC10,Tehran,STOCK::cost_index_metro_fare,delta_mean_pct,8,-23.03998012320194,-23.03998012320194,-23.03998012320194,-23.03998012320194,-23.03998012320194,-23.03998012320194,-23.03998012320194,1.0,True,0.0
SC10,Tehran,STOCK::cost_index_metro_fare,delta_2030_pct,8,-30.856527657481102,-30.856527657481102,-30.856527657481102,-30.856527657481102,-30.856527657481102,-30.856527657481102,-30.856527657481102,1.0,True,0.0
SC10,Tehran,STOCK::cost_index_rhc_fare,delta_mean_pct,8,0.0,0.0,0.0,0.0,0.0,0.0,0.0,1.0,True,0.0
SC10,Tehran,STOCK::cost_index_rhc_fare,delta_2030_pct,8,0.0,0.0,0.0,0.0,0.0,0.0,0.0,1.0,True,0.0
SC10,Tehran,STOCK::inflation_index_effective,delta_mean_pct,8,0.0,0.0,0.0,0.0,0.0,0.0,0.0,1.0,True,0.0
SC10,Tehran,STOCK::inflation_index_effective,delta_2030_pct,8,0.0,0.0,0.0,0.0,0.0,0.0,0.0,1.0,True,0.0
SC10,Tehran,STOCK::len_bik,delta_mean_pct,8,0.0,0.0,0.0,0.0,0.0,0.0,0.0,1.0,True,0.0
SC10,Tehran,STOCK::len_bik,delta_2030_pct,8,0.0,0.0,0.0,0.0,0.0,0.0,0.0,1.0,True,0.0
SC10,Tehran,STOCK::len_brt,delta_mean_pct,8,5.785194747945485,5.785194747945485,5.785194747945485,5.785194747945485,5.785194747945485,5.785194747945485,5.785194747945485,1.0,True,0.0
SC10,Tehran,STOCK::len_brt,delta_2030_pct,8,10.000000000000009,10.000000000000009,10.000000000000009,10.000000000000009,10.000000000000009,10.000000000000009,10.000000000000009,1.0,True,0.0
SC10,Tehran,STOCK::len_hwy,delta_mean_pct,8,0.0,0.0,0.0,0.0,0.0,0.0,0.0,1.0,True,0.0
SC10,Tehran,STOCK::len_hwy,delta_2030_pct,8,0.0,0.0,0.0,0.0,0.0,0.0,0.0,1.0,True,0.0
SC10,Tehran,STOCK::len_met,delta_mean_pct,8,2.852391040037361,2.852391040037361,2.852391040037361,2.852391040037361,2.852391040037361,2.852391040037361,2.852391040037361,1.0,True,0.0
SC10,Tehran,STOCK::len_met,delta_2030_pct,8,5.000000000000004,5.000000000000004,5.000000000000004,5.000000000000004,5.000000000000004,5.000000000000004,5.000000000000004,1.0,True,0.0
SC10,Tehran,STOCK::metro_cars_total,delta_mean_pct,8,0.1066892464013732,0.1066892464013732,0.1066892464013732,0.1066892464013732,0.1066892464013732,0.1066892464013732,0.1066892464013732,1.0,True,0.0
SC10,Tehran,STOCK::metro_cars_total,delta_2030_pct,8,0.2845046570702709,0.2845046570702709,0.2845046570702709,0.2845046570702709,0.2845046570702709,0.2845046570702709,0.2845046570702709,1.0,True,0.0
SC10,Tehran,STOCK::motorcycles_total,delta_mean_pct,8,0.0,0.0,0.0,0.0,0.0,0.0,0.0,1.0,True,0.0
SC10,Tehran,STOCK::motorcycles_total,delta_2030_pct,8,0.0,0.0,0.0,0.0,0.0,0.0,0.0,1.0,True,0.0
SC10,Tehran,STOCK::population_city,delta_mean_pct,8,0.0352936716442455,0.0309042038231639,0.0321461704411556,0.0377134896225752,0.0395367219139378,0.0302895463779617,0.0403289874131055,1.0,True,0.0086325180907738
SC10,Tehran,STOCK::population_city,delta_2030_pct,8,0.0820790276772516,0.0709582629327767,0.0743798364977485,0.086894751459488,0.0917612446655656,0.0695933672467444,0.0935045026553008,1.0,True,0.0208029817327889
SC10,Tehran,STOCK::private_cars_total,delta_mean_pct,8,0.0,0.0,0.0,0.0,0.0,0.0,0.0,1.0,True,0.0
SC10,Tehran,STOCK::private_cars_total,delta_2030_pct,8,0.0,0.0,0.0,0.0,0.0,0.0,0.0,1.0,True,0.0
SC10,Tehran,STOCK::taxis_total,delta_mean_pct,8,0.0,0.0,0.0,0.0,0.0,0.0,0.0,1.0,True,0.0
SC10,Tehran,STOCK::taxis_total,delta_2030_pct,8,0.0,0.0,0.0,0.0,0.0,0.0,0.0,1.0,True,0.0
SC10,Tehran,STOCK::transport_financial_balance_IRR,delta_mean_pct,8,-15.985820185372331,-19.28565251993319,-17.14149576440919,-14.24053895265174,-11.680387123627913,-19.65711769739927,-11.305819386435529,1.0,True,7.605265396305279
SC10,Tehran,STOCK::transport_financial_balance_IRR,delta_2030_pct,8,-22.663444770364077,-26.69966071696341,-23.92479604552813,-19.84260932922752,-16.39534134482688,-27.19418056514068,-15.87500618425949,1.0,True,10.304319372136536
SC10,Tehran,Time loss (car),delta_mean_pct,8,-14.31005846888161,-17.137530975670963,-16.2649751351339,-12.101960210793957,-11.535837404192536,-17.448985210938716,-11.355177896693188,1.0,True,5.601693571478426
SC10,Tehran,Time loss (car),delta_2030_pct,8,-19.17134904357389,-22.72979008309641,-21.28868911571626,-15.93983693553094,-14.99636749997136,-23.17250394045076,-14.762700275390216,1.0,True,7.733422583125055
SC10,Tehran,PCE-weighted VKT,delta_mean_pct,8,-5.701553478154274,-6.9943648977423525,-6.6715225317321805,-4.742667349666184,-4.556673157104753,-7.148002292410505,-4.475359962444765,1.0,True,2.4376917406375997
SC10,Tehran,PCE-weighted VKT,delta_2030_pct,8,-7.74383936875989,-9.370440999563682,-8.800196197262819,-6.360316677241125,-6.012078326939551,-9.58702597015965,-5.904509614145686,1.0,True,3.358362672624131
SC11,Region 12,CO₂ emissions,delta_mean_pct,8,-2.429901832913368,-2.800401831360434,-2.5586883304875183,-2.334844058670185,-2.1408431137711137,-2.8710155734680494,-2.110416232607543,1.0,True,0.6595587175893205
SC11,Region 12,CO₂ emissions,delta_2030_pct,8,-4.722317951275523,-5.282603660915771,-4.896083605907306,-4.548376188233105,-4.323208470938376,-5.380292761531527,-4.298979794145074,1.0,True,0.9593951899773954
SC11,Region 12,Congestion index,delta_mean_pct,8,-6.391959835372084,-7.583934189154585,-7.178644937256548,-5.583401257751909,-5.326238293831915,-7.720391311241703,-5.254890399198893,1.0,True,2.2576958953226693
SC11,Region 12,Congestion index,delta_2030_pct,8,-10.2922552333803,-11.89738789574482,-11.259620830117523,-8.982928167568557,-8.593286654301338,-12.108846782427232,-8.487416895844142,1.0,True,3.304101241443483
SC11,Region 12,Electricity use,delta_mean_pct,8,11.0189346674638,9.834738427754951,9.980196116358126,11.96038596786178,13.536678056643664,9.785861455018734,13.976417355800496,1.0,True,3.701939628888713
SC11,Region 12,Electricity use,delta_2030_pct,8,15.370698608337602,13.52145752905638,13.864957466570756,16.692291545188617,18.99726123546146,13.50648378527986,19.62659907415715,1.0,True,5.475803706405079
SC11,Region 12,Final energy,delta_mean_pct,8,-3.999679054363595,-4.4974425460913,-4.311579541731364,-3.7640683713558776,-3.636796577883213,-4.573620768339417,-3.5954553565149667,1.0,True,0.8606459682080865
SC11,Region 12,Final energy,delta_2030_pct,8,-7.072972865324847,-7.861083295751936,-7.60484903105128,-6.739431312926201,-6.600840931820652,-7.985241074995767,-6.535986413495961,1.0,True,1.260242363931285
SC11,Region 12,Health indicator,delta_mean_pct,8,-5.065715260243291,-5.671201965773087,-5.500670721146166,-4.6158610755947,-4.52184243747972,-5.686331487394057,-4.521583120891459,1.0,True,1.1493595282933668
SC11,Region 12,Health indicator,delta_2030_pct,8,-8.74459542892583,-9.795078684077506,-9.613468150097868,-8.072866764604138,-7.884804177898607,-9.819050248781222,-7.880357034849971,1.0,True,1.910274506178899
SC11,Region 12,Modal share: car,delta_mean_pct,8,-5.765289178281499,-6.468914642909539,-6.129371393427617,-5.421648529510963,-5.156098830013322,-6.639615073000918,-5.129531069050565,1.0,True,1.3128158128962166
SC11,Region 12,Modal share: car,delta_2030_pct,8,-10.033998740431748,-11.035172264518012,-10.578378309508324,-9.29017047710581,-9.22860944635762,-11.280005873495233,-9.207955983572624,1.0,True,1.8065628181603923
SC11,Region 12,Modal share: public transport,delta_mean_pct,8,8.165205287600891,7.361107189005161,7.643278267847668,8.831247051197396,9.302450685130363,7.264795025363116,9.314587474297667,1.0,True,1.941343496125202
SC11,Region 12,Modal share: public transport,delta_2030_pct,8,11.10013889792331,9.963444385060145,10.295818914932653,11.946991265025693,12.627669860010736,9.82817270192779,12.739257463612828,1.0,True,2.6642254749505927
SC11,Region 12,NOₓ emissions,delta_mean_pct,8,-8.741423586978648,-9.640685184834334,-9.19096161959874,-8.388943127338411,-8.042672831184987,-9.749041357845783,-7.942764743691599,1.0,True,1.598012353649347
SC11,Region 12,NOₓ emissions,delta_2030_pct,8,-15.476476249890698,-16.975431549585654,-16.276654189583624,-14.9357236581585,-14.303914385082198,-17.139751583526056,-14.103589866496666,1.0,True,2.671517164503456
SC11,Region 12,PM₂.₅ emissions,delta_mean_pct,8,-14.82086393566101,-15.297345294137967,-15.035365297095169,-14.432900294196465,-14.086189642006172,-15.42724813600553,-13.946963097588313,1.0,True,1.2111556521317972
SC11,Region 12,PM₂.₅ emissions,delta_2030_pct,8,-23.81252885426611,-24.547830085864508,-24.280739137478847,-23.23254397127798,-22.79407764819752,-24.651231155568745,-22.59331988601928,1.0,True,1.7537524376669893
SC11,Region 12,Time loss (car),delta_mean_pct,8,-14.897084194055518,-16.75455034143311,-16.207557097260832,-13.288490253906286,-13.16506612702756,-16.775164572048876,-13.159393933077183,1.0,True,3.589484214405548
SC11,Region 12,Time loss (car),delta_2030_pct,8,-23.81728142847649,-26.39594054277932,-25.604091311404424,-21.589396377076664,-21.30332679940257,-26.410605995235606,-21.277618404780725,1.0,True,5.092613743376752
SC11,Region 12,PCE-weighted VKT,delta_mean_pct,8,-4.406330548425609,-4.877910625309849,-4.7409630997995285,-4.041233756382637,-3.777695185383109,-4.919328644090951,-3.6932665476633817,1.0,True,1.10021543992674
SC11,Region 12,PCE-weighted VKT,delta_2030_pct,8,-7.235818698401097,-7.919090528171736,-7.642834150233607,-6.807683041741161,-6.356836284335181,-7.981822653633266,-6.23319053008173,1.0,True,1.5622542438365556
SC11,Tehran,CO₂ emissions,delta_mean_pct,8,-6.744308195063507,-7.899948663833661,-7.128352715096722,-6.081015459614452,-5.56675658504031,-8.015646537374288,-5.5030341879166,1.0,True,2.333192078793351
SC11,Tehran,CO₂ emissions,delta_2030_pct,8,-11.052483782701334,-12.803575948158633,-11.830700272411253,-9.900299849061712,-9.171398660254429,-12.993591686706262,-9.080427422585707,1.0,True,3.632177287904204
SC11,Tehran,Congestion index,delta_mean_pct,8,-6.391959835372071,-7.583934189154544,-7.1786449372565375,-5.583401257751884,-5.326238293831924,-7.720391311241642,-5.254890399198917,1.0,True,2.25769589532262
SC11,Tehran,Congestion index,delta_2030_pct,8,-10.292255233380306,-11.89738789574481,-11.259620830117514,-8.982928167568556,-8.593286654301354,-12.10884678242723,-8.487416895844158,1.0,True,3.3041012414434565
SC11,Tehran,Electricity use,delta_mean_pct,8,26.030749979711743,25.25137258689993,25.569054115234948,26.375118172040835,26.81581295345524,25.171537150295013,26.973664298241516,1.0,True,1.56444036655531
SC11,Tehran,Electricity use,delta_2030_pct,8,31.884390322977616,30.73441458405312,31.58697196371956,32.09698186678037,33.38359656955248,30.49967425378811,34.0537976620997,1.0,True,2.649181985499361
SC11,Tehran,Final energy,delta_mean_pct,8,-7.501386161368739,-8.742397817982939,-8.116408451210793,-6.6567839211964,-6.245966983081322,-8.861704078119622,-6.180656779146596,1.0,True,2.4964308349016164
SC11,Tehran,Final energy,delta_2030_pct,8,-12.29295445865699,-14.075009064962156,-13.129059537555896,-10.775254352920832,-10.183287293624591,-14.263233232077171,-10.096089306785013,1.0,True,3.891721771337565
SC11,Tehran,Health indicator,delta_mean_pct,8,-4.2802721653917,-4.837005719609147,-4.580289610218364,-3.867780070693236,-3.6968971830152006,-4.906111858140264,-3.648637955240412,1.0,True,1.1401085365939465
SC11,Tehran,Health indicator,delta_2030_pct,8,-7.154066493561396,-8.012324514308027,-7.577572275734997,-6.3987372864274334,-6.12513563200552,-8.1283485345038,-6.052602577849328,1.0,True,1.8871888823025067
SC11,Tehran,Modal share: car,delta_mean_pct,8,-9.213670726859794,-11.102964771143265,-10.289767865728717,-7.8105261545495,-7.288320070047172,-11.286761277111916,-7.1862815644116935,1.0,True,3.8146447010960927
SC11,Tehran,Modal share: car,delta_2030_pct,8,-12.54058101275362,-14.891446296328764,-13.845809610391663,-10.503685122191389,-9.861342125498537,-15.149257554865716,-9.724375821662024,1.0,True,5.030104170830228
SC11,Tehran,Modal share: public transport,delta_mean_pct,8,36.568925906563166,33.39355754090612,36.25252023518364,38.044382694498175,43.35674289904565,32.140511206408206,44.292849679329166,1.0,True,9.963185358139532
SC11,Tehran,Modal share: public transport,delta_2030_pct,8,46.79651925515488,42.48297572229533,46.04313985989563,49.460353480781365,54.83653809911432,40.90604204482764,56.04567176487468,1.0,True,12.353562376818983
SC11,Tehran,NOₓ emissions,delta_mean_pct,8,-8.434642973497505,-9.69887844841622,-9.222662670738622,-7.481408063795809,-7.179108161251795,-9.814341177292343,-7.10742871928655,1.0,True,2.519770287164425
SC11,Tehran,NOₓ emissions,delta_2030_pct,8,-14.08759698144311,-16.046160059971566,-15.233293486004104,-12.389966700768785,-11.90579472669148,-16.24089993437344,-11.800338080115022,1.0,True,4.140365333280085
SC11,Tehran,PM₂.₅ emissions,delta_mean_pct,8,-9.002313157143098,-10.11635427351403,-9.478589691193552,-8.391659190980338,-7.9925506692332196,-10.345762565417122,-7.80350828419435,1.0,True,2.123803604280811
SC11,Tehran,PM₂.₅ emissions,delta_2030_pct,8,-15.273785336003916,-17.120122068637386,-16.02420981664019,-14.107158608384438,-13.445363069181283,-17.487409380781664,-13.158704277244508,1.0,True,3.6747589994561034
SC11,Tehran,STOCK::brts_total,delta_mean_pct,8,2.231610266187328,2.231610266187328,2.231610266187328,2.231610266187328,2.231610266187328,2.231610266187328,2.231610266187328,1.0,True,0.0
SC11,Tehran,STOCK::brts_total,delta_2030_pct,8,6.054948943484458,6.054948943484458,6.054948943484458,6.054948943484458,6.054948943484458,6.054948943484458,6.054948943484458,1.0,True,0.0
SC11,Tehran,STOCK::buses_total,delta_mean_pct,8,2.969651954578415,2.969651954578415,2.969651954578415,2.969651954578415,2.969651954578415,2.969651954578415,2.969651954578415,1.0,True,0.0
SC11,Tehran,STOCK::buses_total,delta_2030_pct,8,7.785470025823924,7.785470025823924,7.785470025823924,7.785470025823924,7.785470025823924,7.785470025823924,7.785470025823924,1.0,True,0.0
SC11,Tehran,STOCK::cost_index_bus_fare,delta_mean_pct,8,-13.23227111794798,-13.23227111794798,-13.23227111794798,-13.23227111794798,-13.23227111794798,-13.23227111794798,-13.23227111794798,1.0,True,0.0
SC11,Tehran,STOCK::cost_index_bus_fare,delta_2030_pct,8,-18.49386565334654,-18.49386565334654,-18.49386565334654,-18.49386565334654,-18.49386565334654,-18.49386565334654,-18.49386565334654,1.0,True,0.0
SC11,Tehran,STOCK::cost_index_metro_fare,delta_mean_pct,8,0.0,0.0,0.0,0.0,0.0,0.0,0.0,1.0,True,0.0
SC11,Tehran,STOCK::cost_index_metro_fare,delta_2030_pct,8,0.0,0.0,0.0,0.0,0.0,0.0,0.0,1.0,True,0.0
SC11,Tehran,STOCK::cost_index_rhc_fare,delta_mean_pct,8,0.0,0.0,0.0,0.0,0.0,0.0,0.0,1.0,True,0.0
SC11,Tehran,STOCK::cost_index_rhc_fare,delta_2030_pct,8,0.0,0.0,0.0,0.0,0.0,0.0,0.0,1.0,True,0.0
SC11,Tehran,STOCK::inflation_index_effective,delta_mean_pct,8,0.0,0.0,0.0,0.0,0.0,0.0,0.0,1.0,True,0.0
SC11,Tehran,STOCK::inflation_index_effective,delta_2030_pct,8,0.0,0.0,0.0,0.0,0.0,0.0,0.0,1.0,True,0.0
SC11,Tehran,STOCK::len_bik,delta_mean_pct,8,0.049442325635033,0.049442325635033,0.049442325635033,0.049442325635033,0.049442325635033,0.049442325635033,0.049442325635033,1.0,True,0.0
SC11,Tehran,STOCK::len_bik,delta_2030_pct,8,0.07538882466327,0.07538882466327,0.07538882466327,0.07538882466327,0.07538882466327,0.07538882466327,0.07538882466327,1.0,True,0.0
SC11,Tehran,STOCK::len_brt,delta_mean_pct,8,5.785194747945485,5.785194747945485,5.785194747945485,5.785194747945485,5.785194747945485,5.785194747945485,5.785194747945485,1.0,True,0.0
SC11,Tehran,STOCK::len_brt,delta_2030_pct,8,10.000000000000009,10.000000000000009,10.000000000000009,10.000000000000009,10.000000000000009,10.000000000000009,10.000000000000009,1.0,True,0.0
SC11,Tehran,STOCK::len_hwy,delta_mean_pct,8,0.0,0.0,0.0,0.0,0.0,0.0,0.0,1.0,True,0.0
SC11,Tehran,STOCK::len_hwy,delta_2030_pct,8,0.0,0.0,0.0,0.0,0.0,0.0,0.0,1.0,True,0.0
SC11,Tehran,STOCK::len_met,delta_mean_pct,8,2.852391040037361,2.852391040037361,2.852391040037361,2.852391040037361,2.852391040037361,2.852391040037361,2.852391040037361,1.0,True,0.0
SC11,Tehran,STOCK::len_met,delta_2030_pct,8,5.000000000000004,5.000000000000004,5.000000000000004,5.000000000000004,5.000000000000004,5.000000000000004,5.000000000000004,1.0,True,0.0
SC11,Tehran,STOCK::metro_cars_total,delta_mean_pct,8,0.1066892464013732,0.1066892464013732,0.1066892464013732,0.1066892464013732,0.1066892464013732,0.1066892464013732,0.1066892464013732,1.0,True,0.0
SC11,Tehran,STOCK::metro_cars_total,delta_2030_pct,8,0.2845046570702709,0.2845046570702709,0.2845046570702709,0.2845046570702709,0.2845046570702709,0.2845046570702709,0.2845046570702709,1.0,True,0.0
SC11,Tehran,STOCK::motorcycles_total,delta_mean_pct,8,0.0,0.0,0.0,0.0,0.0,0.0,0.0,1.0,True,0.0
SC11,Tehran,STOCK::motorcycles_total,delta_2030_pct,8,0.0,0.0,0.0,0.0,0.0,0.0,0.0,1.0,True,0.0
SC11,Tehran,STOCK::population_city,delta_mean_pct,8,0.0353802415142035,0.0315516573605455,0.0330858839599111,0.036850452590315,0.0388749664410789,0.0310630698725108,0.0395080361180205,1.0,True,0.0073233090805333
SC11,Tehran,STOCK::population_city,delta_2030_pct,8,0.0868405870824978,0.0769196888601164,0.0808672920621548,0.0896902142242944,0.0948767359291042,0.0757925694100321,0.0963207296220492,1.0,True,0.0179570470689878
SC11,Tehran,STOCK::private_cars_total,delta_mean_pct,8,0.0,0.0,0.0,0.0,0.0,0.0,0.0,1.0,True,0.0
SC11,Tehran,STOCK::private_cars_total,delta_2030_pct,8,0.0,0.0,0.0,0.0,0.0,0.0,0.0,1.0,True,0.0
SC11,Tehran,STOCK::taxis_total,delta_mean_pct,8,0.0,0.0,0.0,0.0,0.0,0.0,0.0,1.0,True,0.0
SC11,Tehran,STOCK::taxis_total,delta_2030_pct,8,0.0,0.0,0.0,0.0,0.0,0.0,0.0,1.0,True,0.0
SC11,Tehran,STOCK::transport_financial_balance_IRR,delta_mean_pct,8,-14.252739141313423,-17.183775238132007,-15.333025421373534,-12.346341618432753,-10.155015376558136,-17.52311376249996,-9.808912418230314,1.0,True,7.028759861573871
SC11,Tehran,STOCK::transport_financial_balance_IRR,delta_2030_pct,8,-20.631388401708875,-24.27488220142406,-21.82411798169793,-17.56228976661373,-14.555247899765044,-24.732490594022224,-14.06758418972662,1.0,True,9.719634301659015
SC11,Tehran,Time loss (car),delta_mean_pct,8,-16.092399022517682,-18.67068454769189,-17.667960362263532,-14.204841585574888,-13.51048031413774,-18.942425541683065,-13.352153548194934,1.0,True,5.160204233554151
SC11,Tehran,Time loss (car),delta_2030_pct,8,-24.93897408934308,-28.367571504231325,-26.852336390426597,-21.9476722098505,-20.95457629505593,-28.78517316703657,-20.729552753331177,1.0,True,7.412995209175396
SC11,Tehran,PCE-weighted VKT,delta_mean_pct,8,-6.402994549199384,-7.597889220602095,-7.190945885398994,-5.591469887222972,-5.333240390280784,-7.734717766039898,-5.261657566645838,1.0,True,2.2646488303213115
SC11,Tehran,PCE-weighted VKT,delta_2030_pct,8,-10.283213234724547,-11.888507684763155,-11.25067633606907,-8.973754196655564,-8.584073409878036,-12.09998788522371,-8.47819298038886,1.0,True,3.304434274885121
SC2,Region 12,CO₂ emissions,delta_mean_pct,8,-0.6900424611830273,-0.7182520007994777,-0.7110422918993564,-0.6663699670030336,-0.6423762406383412,-0.7220194800984576,-0.6330052690052501,1.0,True,0.0758757601611365
SC2,Region 12,CO₂ emissions,delta_2030_pct,8,-2.000654558243281,-2.059107948949928,-2.048791909609208,-1.936588524013982,-1.872804191349028,-2.064246571246975,-1.841494852835064,1.0,True,0.1863037576008999
SC2,Region 12,Congestion index,delta_mean_pct,8,-0.5507606015980147,-0.6350584687468016,-0.6116127864123482,-0.4928750191221613,-0.4612611470109462,-0.6431847407662011,-0.4551410447084585,1.0,True,0.1737973217358553
SC2,Region 12,Congestion index,delta_2030_pct,8,-1.2416675100682322,-1.467267771312747,-1.323161340591681,-1.1515009019753453,-1.0778181632330972,-1.5346948312242563,-1.061623307992702,1.0,True,0.3894496080796501
SC2,Region 12,Electricity use,delta_mean_pct,8,1.2450342815237043,1.04499505603858,1.1413766325865928,1.3640652328445202,1.4366467750605652,1.0443611670690167,1.4737722969818037,1.0,True,0.391651719021985
SC2,Region 12,Electricity use,delta_2030_pct,8,2.3356898892234117,1.819158826190874,2.085431212540989,2.5412109184293863,2.7051223536736373,1.7701176158502927,2.7669149036498526,1.0,True,0.8859635274827633
SC2,Region 12,Final energy,delta_mean_pct,8,-0.8952390722800663,-0.9339027633574188,-0.9190544192336364,-0.8808010108355897,-0.8739576629047778,-0.938162769966307,-0.872464479341759,1.0,True,0.0599451004526409
SC2,Region 12,Final energy,delta_2030_pct,8,-2.4338721724746835,-2.5298638858147218,-2.512384080733744,-2.4226104640060546,-2.3928890819215307,-2.53292994309656,-2.386444491687776,1.0,True,0.136974803893191
SC2,Region 12,Health indicator,delta_mean_pct,8,-0.3703997038998425,-0.4121852395404567,-0.4008791930741241,-0.3433429135855245,-0.325107320413643,-0.4140329347663684,-0.3177587116644879,1.0,True,0.0870779191268137
SC2,Region 12,Health indicator,delta_2030_pct,8,-0.9793468421196196,-1.0952074305169852,-1.045970086741128,-0.9314458368997832,-0.8832958396612943,-1.1211310707888562,-0.8648187586478708,1.0,True,0.2119115908556909
SC2,Region 12,Modal share: car,delta_mean_pct,8,-2.4722634054495134,-2.615941683011522,-2.553881941715433,-2.3711708079877214,-2.289267926488174,-2.6166921578831945,-2.2657943871028725,1.0,True,0.3266737565233479
SC2,Region 12,Modal share: car,delta_2030_pct,8,-5.44352615936832,-5.862872282177518,-5.671550168828565,-5.199369179272592,-5.039135094710787,-5.885086526183556,-4.98680627915446,1.0,True,0.8237371874667314
SC2,Region 12,Modal share: public transport,delta_mean_pct,8,1.1900025365521518,1.0089715748489507,1.0901541821240357,1.2953953511882246,1.3983285560632503,0.9947956932447392,1.4206045329962125,1.0,True,0.3893569812142996
SC2,Region 12,Modal share: public transport,delta_2030_pct,8,2.727931377959101,2.2823022582629697,2.4513549199965285,2.9475579872762965,3.219957592604914,2.2609655737047043,3.255357758626963,1.0,True,0.9376553343419444
SC2,Region 12,NOₓ emissions,delta_mean_pct,8,-0.6188348161665714,-0.6421793960104165,-0.6257810209290522,-0.6108368342161863,-0.5777936288371888,-0.6509529963917122,-0.562228228086005,1.0,True,0.0643857671732277
SC2,Region 12,NOₓ emissions,delta_2030_pct,8,-1.8052254725455348,-1.8515852427914412,-1.8091573053511685,-1.734865643305922,-1.688246337705079,-1.873320572604588,-1.666734249379681,1.0,True,0.1633389050863625
SC2,Region 12,PM₂.₅ emissions,delta_mean_pct,8,0.4516602687523334,0.3884549797234504,0.3998009068284113,0.5158489526984972,0.5417181569041365,0.3827670840838564,0.548233660996003,1.0,True,0.1532631771806861
SC2,Region 12,PM₂.₅ emissions,delta_2030_pct,8,0.7051201589190358,0.5210701745508424,0.531744404013758,0.7541279836517446,0.8003426543803521,0.5199226524661089,0.8232663011082391,1.0,True,0.2792724798295097
SC2,Region 12,Time loss (car),delta_mean_pct,8,-3.3766207923624174,-3.6479109288228257,-3.5605968615715256,-3.2107906539598776,-3.116827949156094,-3.672364817134652,-3.116023066649064,1.0,True,0.5310829796667318
SC2,Region 12,Time loss (car),delta_2030_pct,8,-7.252314096411634,-7.819060080838777,-7.721005401412552,-6.879957083230356,-6.709601362884709,-7.837154919778685,-6.709501580391628,1.0,True,1.1094587179540678
SC2,Region 12,PCE-weighted VKT,delta_mean_pct,8,-0.6755623277579099,-0.7498021503090693,-0.7075158941640309,-0.6575761444698254,-0.5956882146969905,-0.7547878918097929,-0.5788710682058793,1.0,True,0.1541139356120787
SC2,Region 12,PCE-weighted VKT,delta_2030_pct,8,-1.905124098832578,-2.060312177623459,-1.9658234327420216,-1.8427756261562236,-1.7256959708402446,-2.074828368890197,-1.688455330818077,1.0,True,0.3346162067832146
SC2,Tehran,CO₂ emissions,delta_mean_pct,8,-0.6794361370736571,-0.7958043737989924,-0.762973163778653,-0.5925480840166008,-0.5691944885296478,-0.805810443971546,-0.5607218876051929,1.0,True,0.2266098852693445
SC2,Tehran,CO₂ emissions,delta_2030_pct,8,-1.5450708827592678,-1.8999611379059569,-1.7434492143201714,-1.448209056254959,-1.385377424870598,-1.9278139710977111,-1.37301460687773,1.0,True,0.5145837130353585
SC2,Tehran,Congestion index,delta_mean_pct,8,-0.5507606015980036,-0.6350584687467966,-0.6116127864123252,-0.4928750191221431,-0.4612611470109202,-0.6431847407662102,-0.4551410447084174,1.0,True,0.1737973217358764
SC2,Tehran,Congestion index,delta_2030_pct,8,-1.2416675100682366,-1.4672677713127389,-1.3231613405916869,-1.1515009019753344,-1.0778181632330892,-1.5346948312242572,-1.0616233079926949,1.0,True,0.3894496080796497
SC2,Tehran,Electricity use,delta_mean_pct,8,2.202053623178916,2.04680492351855,2.1688248880272805,2.2813331300477904,2.373874806402547,2.0182610635091294,2.386953099924801,1.0,True,0.3270698828839973
SC2,Tehran,Electricity use,delta_2030_pct,8,3.708334064536402,3.342927196024299,3.5525077985430733,3.883849921856784,3.984679124496042,3.238780320314796,3.9964817695002863,1.0,True,0.6417519284717428
SC2,Tehran,Final energy,delta_mean_pct,8,-0.736401953401687,-0.8565985421452997,-0.8245950479471433,-0.640373271072761,-0.6121779645803095,-0.8685564581849096,-0.6092814156035762,1.0,True,0.2444205775649902
SC2,Tehran,Final energy,delta_2030_pct,8,-1.6346802854230604,-2.026845239618736,-1.830209996018808,-1.531189108025255,-1.456737182071011,-2.071482358695733,-1.455360242794299,1.0,True,0.5701080575477244
SC2,Tehran,Health indicator,delta_mean_pct,8,-0.2848932460967532,-0.3357976198671053,-0.3164215109478336,-0.2496900962014971,-0.2422243363507475,-0.3447297811955931,-0.241029183180833,1.0,True,0.0935732835163578
SC2,Tehran,Health indicator,delta_2030_pct,8,-0.6676540735484718,-0.8119651293139507,-0.7325830916798874,-0.6269053855414476,-0.6011130202514672,-0.8450101178696681,-0.5968385690142466,1.0,True,0.2108521090624835
SC2,Tehran,Modal share: car,delta_mean_pct,8,-1.478658627161697,-1.6999949814492648,-1.659338211077705,-1.2899889496026713,-1.2481070873999005,-1.70908224906196,-1.2456356185644568,1.0,True,0.4518878940493644
SC2,Tehran,Modal share: car,delta_2030_pct,8,-3.1792558770341017,-3.9436060268373208,-3.618850138574996,-2.9184746803017405,-2.843621467316112,-3.9965517437567057,-2.8295522035673715,1.0,True,1.099984559521209
SC2,Tehran,Modal share: public transport,delta_mean_pct,8,3.000731291478716,2.9009870084046683,2.964307635717853,3.050864926647652,3.254789121420864,2.885647681409397,3.3261417301263183,1.0,True,0.3538021130161959
SC2,Tehran,Modal share: public transport,delta_2030_pct,8,5.658764150491527,5.159069552739699,5.532124206215387,5.766620063097603,5.966072469920241,5.089855318134985,6.053180711256438,1.0,True,0.807002917180542
SC2,Tehran,NOₓ emissions,delta_mean_pct,8,-0.6614981748238228,-0.7734182878218505,-0.7318859683531733,-0.5790495719615697,-0.5561391515784118,-0.7885099490590975,-0.5532785324959008,1.0,True,0.2172791362434387
SC2,Tehran,NOₓ emissions,delta_2030_pct,8,-1.525425414347828,-1.8654628899553665,-1.6822744678013046,-1.4284160120195506,-1.3598032730244043,-1.9351446829665888,-1.350054800285872,1.0,True,0.505659616930962
SC2,Tehran,PM₂.₅ emissions,delta_mean_pct,8,0.0334310947746093,-0.054192459047447,-0.0103921141893277,0.0530251151158334,0.0853957086181957,-0.0563936639299708,0.0998532792634949,0.75,False,0.1395881676656428
SC2,Tehran,PM₂.₅ emissions,delta_2030_pct,8,-0.161161240128461,-0.3676655277738956,-0.256063882410979,-0.1264961098753799,-0.069371423363089,-0.3881476782267788,-0.0485081293838375,1.0,True,0.2982941044108066
SC2,Tehran,STOCK::brts_total,delta_mean_pct,8,0.0,0.0,0.0,0.0,0.0,0.0,0.0,1.0,True,0.0
SC2,Tehran,STOCK::brts_total,delta_2030_pct,8,0.0,0.0,0.0,0.0,0.0,0.0,0.0,1.0,True,0.0
SC2,Tehran,STOCK::buses_total,delta_mean_pct,8,0.0,0.0,0.0,0.0,0.0,0.0,0.0,1.0,True,0.0
SC2,Tehran,STOCK::buses_total,delta_2030_pct,8,0.0,0.0,0.0,0.0,0.0,0.0,0.0,1.0,True,0.0
SC2,Tehran,STOCK::cost_index_bus_fare,delta_mean_pct,8,0.0,0.0,0.0,0.0,0.0,0.0,0.0,1.0,True,0.0
SC2,Tehran,STOCK::cost_index_bus_fare,delta_2030_pct,8,0.0,0.0,0.0,0.0,0.0,0.0,0.0,1.0,True,0.0
SC2,Tehran,STOCK::cost_index_metro_fare,delta_mean_pct,8,0.0,0.0,0.0,0.0,0.0,0.0,0.0,1.0,True,0.0
SC2,Tehran,STOCK::cost_index_metro_fare,delta_2030_pct,8,0.0,0.0,0.0,0.0,0.0,0.0,0.0,1.0,True,0.0
SC2,Tehran,STOCK::cost_index_rhc_fare,delta_mean_pct,8,0.0,0.0,0.0,0.0,0.0,0.0,0.0,1.0,True,0.0
SC2,Tehran,STOCK::cost_index_rhc_fare,delta_2030_pct,8,0.0,0.0,0.0,0.0,0.0,0.0,0.0,1.0,True,0.0
SC2,Tehran,STOCK::inflation_index_effective,delta_mean_pct,8,0.0,0.0,0.0,0.0,0.0,0.0,0.0,1.0,True,0.0
SC2,Tehran,STOCK::inflation_index_effective,delta_2030_pct,8,0.0,0.0,0.0,0.0,0.0,0.0,0.0,1.0,True,0.0
SC2,Tehran,STOCK::len_bik,delta_mean_pct,8,0.07606511636158,0.07606511636158,0.07606511636158,0.07606511636158,0.07606511636158,0.07606511636158,0.07606511636158,1.0,True,0.0
SC2,Tehran,STOCK::len_bik,delta_2030_pct,8,0.1159828071742273,0.1159828071742273,0.1159828071742273,0.1159828071742273,0.1159828071742273,0.1159828071742273,0.1159828071742273,1.0,True,0.0
SC2,Tehran,STOCK::len_brt,delta_mean_pct,8,0.0,0.0,0.0,0.0,0.0,0.0,0.0,1.0,True,0.0
SC2,Tehran,STOCK::len_brt,delta_2030_pct,8,0.0,0.0,0.0,0.0,0.0,0.0,0.0,1.0,True,0.0
SC2,Tehran,STOCK::len_hwy,delta_mean_pct,8,0.0,0.0,0.0,0.0,0.0,0.0,0.0,1.0,True,0.0
SC2,Tehran,STOCK::len_hwy,delta_2030_pct,8,0.0,0.0,0.0,0.0,0.0,0.0,0.0,1.0,True,0.0
SC2,Tehran,STOCK::len_met,delta_mean_pct,8,0.0,0.0,0.0,0.0,0.0,0.0,0.0,1.0,True,0.0
SC2,Tehran,STOCK::len_met,delta_2030_pct,8,0.0,0.0,0.0,0.0,0.0,0.0,0.0,1.0,True,0.0
SC2,Tehran,STOCK::metro_cars_total,delta_mean_pct,8,0.0,0.0,0.0,0.0,0.0,0.0,0.0,1.0,True,0.0
SC2,Tehran,STOCK::metro_cars_total,delta_2030_pct,8,0.0,0.0,0.0,0.0,0.0,0.0,0.0,1.0,True,0.0
SC2,Tehran,STOCK::motorcycles_total,delta_mean_pct,8,0.0,0.0,0.0,0.0,0.0,0.0,0.0,1.0,True,0.0
SC2,Tehran,STOCK::motorcycles_total,delta_2030_pct,8,0.0,0.0,0.0,0.0,0.0,0.0,0.0,1.0,True,0.0
SC2,Tehran,STOCK::population_city,delta_mean_pct,8,0.0016736183884448,0.0014673055766882,0.0015030427170937,0.001803804884469,0.0019300513251993,0.0014632013841109,0.0019906058062019,1.0,True,0.0004627457485111
SC2,Tehran,STOCK::population_city,delta_2030_pct,8,0.0056388851583531,0.0049822125984636,0.0051280447371859,0.0061061807820154,0.0065675724249089,0.0049704510227833,0.0067897652027564,1.0,True,0.0015853598264453
SC2,Tehran,STOCK::private_cars_total,delta_mean_pct,8,0.0,0.0,0.0,0.0,0.0,0.0,0.0,1.0,True,0.0
SC2,Tehran,STOCK::private_cars_total,delta_2030_pct,8,0.0,0.0,0.0,0.0,0.0,0.0,0.0,1.0,True,0.0
SC2,Tehran,STOCK::taxis_total,delta_mean_pct,8,0.0,0.0,0.0,0.0,0.0,0.0,0.0,1.0,True,0.0
SC2,Tehran,STOCK::taxis_total,delta_2030_pct,8,0.0,0.0,0.0,0.0,0.0,0.0,0.0,1.0,True,0.0
SC2,Tehran,STOCK::transport_financial_balance_IRR,delta_mean_pct,8,-0.9187240156080276,-1.1741991782858836,-1.1436897039733105,-0.7842500832888368,-0.6793125419172868,-1.181183157737802,-0.6686080826650987,1.0,True,0.4948866363685967
SC2,Tehran,STOCK::transport_financial_balance_IRR,delta_2030_pct,8,-1.5325920840015417,-1.9016746207114164,-1.7551032562943956,-1.2779058972954844,-1.11456333212871,-1.9757207817336528,-1.0973084391427028,1.0,True,0.7871112885827063
SC2,Tehran,Time loss (car),delta_mean_pct,8,-1.7704534020442009,-2.0373970329500413,-1.974331801896944,-1.563121208928966,-1.4882202768851194,-2.0658243638433507,-1.4800072808795088,1.0,True,0.5491767560649219
SC2,Tehran,Time loss (car),delta_2030_pct,8,-3.870402460172184,-4.668407083489286,-4.269297504853309,-3.626796705155409,-3.427400249023171,-4.810875531670774,-3.4005284910186004,1.0,True,1.241006834466115
SC2,Tehran,PCE-weighted VKT,delta_mean_pct,8,-0.5341158263290364,-0.6192910914537908,-0.5953275452036122,-0.4757461730253455,-0.443903764721445,-0.6275672346198846,-0.4377382012797289,1.0,True,0.1753873267323458
SC2,Tehran,PCE-weighted VKT,delta_2030_pct,8,-1.2263532897384637,-1.4519885342802523,-1.3078597573168578,-1.1361726997235475,-1.0624785351737862,-1.519426049945979,-1.0462811686356102,1.0,True,0.3895099991064661
SC3,Region 12,CO₂ emissions,delta_mean_pct,8,-0.5194000436704567,-0.547978908769305,-0.5320417956708855,-0.5050135142037951,-0.4764326516269979,-0.5518053881669512,-0.4693363510351052,1.0,True,0.0715462571423071
SC3,Region 12,CO₂ emissions,delta_2030_pct,8,-1.3874513510055015,-1.459575675736452,-1.4245881606692268,-1.3512285526756511,-1.2786725898980358,-1.4679218361521458,-1.2574430778439258,1.0,True,0.1809030858384162
SC3,Region 12,Congestion index,delta_mean_pct,8,-0.0940970777803453,-0.1079580535513855,-0.1031795069021134,-0.0878912475690061,-0.0828113825786056,-0.1088422987937914,-0.0811047600773396,1.0,True,0.0251466709727799
SC3,Region 12,Congestion index,delta_2030_pct,8,-0.2132049000502094,-0.2459917170769411,-0.2347156212898375,-0.1995604389370258,-0.1875860874918889,-0.2481314339179755,-0.1835442723048446,1.0,True,0.0584056295850522
SC3,Region 12,Electricity use,delta_mean_pct,8,0.7561662165760923,0.6166560370461643,0.6904105801690172,0.8249749511503186,0.8958294420885927,0.5991416799907406,0.9261641100675576,1.0,True,0.2791734050424284
SC3,Region 12,Electricity use,delta_2030_pct,8,1.8080794866637004,1.4648391944105623,1.6446112812888585,1.964356468019612,2.145858369580754,1.4244032099786392,2.213368249026353,1.0,True,0.6810191751701917
SC3,Region 12,Final energy,delta_mean_pct,8,-0.6370435406363653,-0.6499009667736405,-0.639937553461595,-0.6289258831640349,-0.6168586434155933,-0.6520254299609822,-0.6114819826316293,1.0,True,0.0330423233580472
SC3,Region 12,Final energy,delta_2030_pct,8,-1.6836965894158935,-1.7211131156642108,-1.700871551887909,-1.661094837920977,-1.6338875230963594,-1.724019816072636,-1.6224674032585404,1.0,True,0.0872255925678513
SC3,Region 12,Health indicator,delta_mean_pct,8,-0.1548444282520546,-0.1653401239740951,-0.1620204449422903,-0.1535208671578927,-0.1469906723205366,-0.1664975875795895,-0.1435482620378962,1.0,True,0.0183494516535585
SC3,Region 12,Health indicator,delta_2030_pct,8,-0.4060118917079462,-0.4341674326648894,-0.4233148583166408,-0.4039630177569856,-0.3867263985421701,-0.4372875292297144,-0.3775425486624452,1.0,True,0.0474410341227193
SC3,Region 12,Modal share: car,delta_mean_pct,8,-2.119851210231764,-2.209648794944007,-2.1571762504066414,-2.052250584905236,-1.9915448167707477,-2.2205399688216114,-1.9661540040187444,1.0,True,0.2181039781732596
SC3,Region 12,Modal share: car,delta_2030_pct,8,-5.331380768699212,-5.604610061412706,-5.458909068934448,-5.139628262328432,-4.999241559895537,-5.640214611760814,-4.935878035155372,1.0,True,0.6053685015171695
SC3,Region 12,Modal share: public transport,delta_mean_pct,8,0.679278299646628,0.5560405182776537,0.6306540313491382,0.7610436675320873,0.8256753063306056,0.5357150403497986,0.8532746102399992,1.0,True,0.2696347880529519
SC3,Region 12,Modal share: public transport,delta_2030_pct,8,1.7072347633188705,1.3783030501665618,1.5590322983270677,1.922469693217696,2.0787117573776888,1.328756058630273,2.152389434696303,1.0,True,0.7004087072111269
SC3,Region 12,NOₓ emissions,delta_mean_pct,8,-0.4770185874495711,-0.4845542121458219,-0.4799222031286618,-0.4684571032513126,-0.4503858710899968,-0.4858816001295326,-0.4478687109129788,1.0,True,0.0341683410558251
SC3,Region 12,NOₓ emissions,delta_2030_pct,8,-1.2781517378524088,-1.299398270699747,-1.282050615639014,-1.2478646996129967,-1.2039013123184994,-1.306414131300089,-1.1961714809851498,1.0,True,0.0954969583812472
SC3,Region 12,PM₂.₅ emissions,delta_mean_pct,8,0.245439950345203,0.190997998703109,0.2086227501848002,0.2888773301001497,0.3025615499616917,0.1880809197073643,0.305873583712808,1.0,True,0.1115635512585826
SC3,Region 12,PM₂.₅ emissions,delta_2030_pct,8,0.5427217852955784,0.4292464394512371,0.4658415695847532,0.6511680902282807,0.687276016597895,0.4166157495428497,0.68952840020745,1.0,True,0.2580295771466578
SC3,Region 12,Time loss (car),delta_mean_pct,8,-2.3523408140251747,-2.4531121681460784,-2.4030476110705545,-2.270059259851211,-2.206311444205392,-2.4658721154097147,-2.184517024266316,1.0,True,0.2468007239406864
SC3,Region 12,Time loss (car),delta_2030_pct,8,-5.651935405260113,-5.936718807280883,-5.8137660690660224,-5.431547179401656,-5.288624349690177,-5.969298749653493,-5.234102614883888,1.0,True,0.6480944575907062
SC3,Region 12,PCE-weighted VKT,delta_mean_pct,8,-0.4346155457974653,-0.4762231676042741,-0.4507971853725502,-0.407866043286982,-0.3857922746233752,-0.4821105585319725,-0.3743289160054973,1.0,True,0.0904308929808988
SC3,Region 12,PCE-weighted VKT,delta_2030_pct,8,-1.168639212747511,-1.2612217583074166,-1.2046348474176465,-1.0972403515895914,-1.0416762182979455,-1.2723475181941184,-1.0130303600156978,1.0,True,0.219545540009471
SC3,Tehran,CO₂ emissions,delta_mean_pct,8,-0.1257403395879429,-0.1438905876546758,-0.1386549563020023,-0.1151359065855317,-0.1136999109377622,-0.1454360902721837,-0.1130462726940576,1.0,True,0.0301906767169135
SC3,Tehran,CO₂ emissions,delta_2030_pct,8,-0.2857158384586141,-0.328829472614734,-0.316020703647131,-0.2627418407038681,-0.2594685767753924,-0.3323186309578436,-0.2577259702918136,1.0,True,0.0693608958393416
SC3,Tehran,Congestion index,delta_mean_pct,8,-0.0940970777803327,-0.1079580535513464,-0.1031795069020843,-0.0878912475690174,-0.082811382578606,-0.1088422987937599,-0.0811047600773305,1.0,True,0.0251466709727404
SC3,Tehran,Congestion index,delta_2030_pct,8,-0.2132049000502117,-0.2459917170769332,-0.2347156212898399,-0.1995604389370331,-0.1875860874918999,-0.2481314339179701,-0.1835442723048568,1.0,True,0.0584056295850332
SC3,Tehran,Electricity use,delta_mean_pct,8,0.3880936299788683,0.3594648853083024,0.3776493447623021,0.3993136566203745,0.4147295557255602,0.3584346010360561,0.4149654109662692,1.0,True,0.0552646704172578
SC3,Tehran,Electricity use,delta_2030_pct,8,0.8613591654998642,0.7951562955035549,0.8056944728070553,0.8793565738582609,0.9053184613886748,0.7938755820223865,0.9066214820788516,1.0,True,0.1101621658851198
SC3,Tehran,Final energy,delta_mean_pct,8,-0.1328757754783684,-0.1518152119455129,-0.1478005954200589,-0.1220884457581652,-0.1190537818247247,-0.1531038551420022,-0.1187655334577936,1.0,True,0.0327614301207881
SC3,Tehran,Final energy,delta_2030_pct,8,-0.3035470626420349,-0.3483816648687297,-0.3392294863415653,-0.2800540493660615,-0.2731546627861944,-0.3515536010013683,-0.2726098745305603,1.0,True,0.0752270020825353
SC3,Tehran,Health indicator,delta_mean_pct,8,-0.0541149160377992,-0.0602539399896254,-0.0597499257295714,-0.0499726013627186,-0.0487894709831427,-0.0605057809071336,-0.0484278349668475,1.0,True,0.0114644690064827
SC3,Tehran,Health indicator,delta_2030_pct,8,-0.1208767685663772,-0.1351411721597417,-0.1339839580391428,-0.1118321674933099,-0.1090848115329219,-0.1356874333129782,-0.1083090062950965,1.0,True,0.0260563606268198
SC3,Tehran,Modal share: car,delta_mean_pct,8,-0.3012294934034021,-0.3450635009021037,-0.34077153256239,-0.2731187785592043,-0.2675814966802111,-0.3458044429355369,-0.2655779516393941,1.0,True,0.0774820042218925
SC3,Tehran,Modal share: car,delta_2030_pct,8,-0.7464180116763999,-0.857431882123851,-0.8471696993793223,-0.6791633479447973,-0.6653057864441886,-0.8592264306108242,-0.6602663417479824,1.0,True,0.1921260956796624
SC3,Tehran,Modal share: public transport,delta_mean_pct,8,0.4865636079907739,0.4480357906724715,0.4518325823931238,0.5147189180265956,0.5197692629926193,0.4477979299499935,0.5218042693793848,1.0,True,0.0717334723201477
SC3,Tehran,Modal share: public transport,delta_2030_pct,8,1.2124993703082048,1.1053547439624083,1.1148787257074626,1.2771714764733648,1.289087227723335,1.1036835032291965,1.2936264232743828,1.0,True,0.1837324837609266
SC3,Tehran,NOₓ emissions,delta_mean_pct,8,-0.1238569477693971,-0.1396921792008788,-0.1372000771211262,-0.1136420448115634,-0.1109645995151396,-0.140284106046768,-0.1096606967246083,1.0,True,0.0287275796857391
SC3,Tehran,NOₓ emissions,delta_2030_pct,8,-0.2821426623246933,-0.3193934712255005,-0.313918195370994,-0.2598059722567787,-0.2537252276905795,-0.3207467230335168,-0.2507189159006104,1.0,True,0.065668243534921
SC3,Tehran,PM₂.₅ emissions,delta_mean_pct,8,-0.0040280305811723,-0.014254439403236,-0.006937686088967,-0.0007058517016699,0.0063266904799891,-0.0175891470655432,0.0094977281384574,0.75,False,0.0205811298832251
SC3,Tehran,PM₂.₅ emissions,delta_2030_pct,8,0.0050254464137188,-0.018780719174942,-0.0009803129175062,0.0122823816737837,0.0289798607590915,-0.0268483542032267,0.0366901459689174,0.625,False,0.0477605799340336
SC3,Tehran,STOCK::brts_total,delta_mean_pct,8,0.0,0.0,0.0,0.0,0.0,0.0,0.0,1.0,True,0.0
SC3,Tehran,STOCK::brts_total,delta_2030_pct,8,0.0,0.0,0.0,0.0,0.0,0.0,0.0,1.0,True,0.0
SC3,Tehran,STOCK::buses_total,delta_mean_pct,8,0.0,0.0,0.0,0.0,0.0,0.0,0.0,1.0,True,0.0
SC3,Tehran,STOCK::buses_total,delta_2030_pct,8,0.0,0.0,0.0,0.0,0.0,0.0,0.0,1.0,True,0.0
SC3,Tehran,STOCK::cost_index_bus_fare,delta_mean_pct,8,0.0,0.0,0.0,0.0,0.0,0.0,0.0,1.0,True,0.0
SC3,Tehran,STOCK::cost_index_bus_fare,delta_2030_pct,8,0.0,0.0,0.0,0.0,0.0,0.0,0.0,1.0,True,0.0
SC3,Tehran,STOCK::cost_index_metro_fare,delta_mean_pct,8,0.0,0.0,0.0,0.0,0.0,0.0,0.0,1.0,True,0.0
SC3,Tehran,STOCK::cost_index_metro_fare,delta_2030_pct,8,0.0,0.0,0.0,0.0,0.0,0.0,0.0,1.0,True,0.0
SC3,Tehran,STOCK::cost_index_rhc_fare,delta_mean_pct,8,0.0,0.0,0.0,0.0,0.0,0.0,0.0,1.0,True,0.0
SC3,Tehran,STOCK::cost_index_rhc_fare,delta_2030_pct,8,0.0,0.0,0.0,0.0,0.0,0.0,0.0,1.0,True,0.0
SC3,Tehran,STOCK::inflation_index_effective,delta_mean_pct,8,0.0,0.0,0.0,0.0,0.0,0.0,0.0,1.0,True,0.0
SC3,Tehran,STOCK::inflation_index_effective,delta_2030_pct,8,0.0,0.0,0.0,0.0,0.0,0.0,0.0,1.0,True,0.0
SC3,Tehran,STOCK::len_bik,delta_mean_pct,8,0.0,0.0,0.0,0.0,0.0,0.0,0.0,1.0,True,0.0
SC3,Tehran,STOCK::len_bik,delta_2030_pct,8,0.0,0.0,0.0,0.0,0.0,0.0,0.0,1.0,True,0.0
SC3,Tehran,STOCK::len_brt,delta_mean_pct,8,0.0,0.0,0.0,0.0,0.0,0.0,0.0,1.0,True,0.0
SC3,Tehran,STOCK::len_brt,delta_2030_pct,8,0.0,0.0,0.0,0.0,0.0,0.0,0.0,1.0,True,0.0
SC3,Tehran,STOCK::len_hwy,delta_mean_pct,8,0.0,0.0,0.0,0.0,0.0,0.0,0.0,1.0,True,0.0
SC3,Tehran,STOCK::len_hwy,delta_2030_pct,8,0.0,0.0,0.0,0.0,0.0,0.0,0.0,1.0,True,0.0
SC3,Tehran,STOCK::len_met,delta_mean_pct,8,0.0,0.0,0.0,0.0,0.0,0.0,0.0,1.0,True,0.0
SC3,Tehran,STOCK::len_met,delta_2030_pct,8,0.0,0.0,0.0,0.0,0.0,0.0,0.0,1.0,True,0.0
SC3,Tehran,STOCK::metro_cars_total,delta_mean_pct,8,0.0,0.0,0.0,0.0,0.0,0.0,0.0,1.0,True,0.0
SC3,Tehran,STOCK::metro_cars_total,delta_2030_pct,8,0.0,0.0,0.0,0.0,0.0,0.0,0.0,1.0,True,0.0
SC3,Tehran,STOCK::motorcycles_total,delta_mean_pct,8,0.0,0.0,0.0,0.0,0.0,0.0,0.0,1.0,True,0.0
SC3,Tehran,STOCK::motorcycles_total,delta_2030_pct,8,0.0,0.0,0.0,0.0,0.0,0.0,0.0,1.0,True,0.0
SC3,Tehran,STOCK::population_city,delta_mean_pct,8,0.0003174508100315,0.000293299603894,0.0002996908640411,0.0003394552966957,0.0003423319213318,0.0002914655838439,0.0003437743874464,1.0,True,4.90323174377946e-05
SC3,Tehran,STOCK::population_city,delta_2030_pct,8,0.0010817875393145,0.0010047167516415,0.0010237848806262,0.0011534624699492,0.001163390208056,0.000998251828802,0.0011671434181411,1.0,True,0.0001586734564144
SC3,Tehran,STOCK::private_cars_total,delta_mean_pct,8,0.0,0.0,0.0,0.0,0.0,0.0,0.0,1.0,True,0.0
SC3,Tehran,STOCK::private_cars_total,delta_2030_pct,8,0.0,0.0,0.0,0.0,0.0,0.0,0.0,1.0,True,0.0
SC3,Tehran,STOCK::taxis_total,delta_mean_pct,8,0.0,0.0,0.0,0.0,0.0,0.0,0.0,1.0,True,0.0
SC3,Tehran,STOCK::taxis_total,delta_2030_pct,8,0.0,0.0,0.0,0.0,0.0,0.0,0.0,1.0,True,0.0
SC3,Tehran,STOCK::transport_financial_balance_IRR,delta_mean_pct,8,-0.1145119812113425,-0.146907849130623,-0.1267909208673651,-0.1072009752678318,-0.0922676381521526,-0.1497818568725733,-0.0902887205156404,1.0,True,0.0546402109784704
SC3,Tehran,STOCK::transport_financial_balance_IRR,delta_2030_pct,8,-0.2160701200417004,-0.2717801479953864,-0.2363644803083646,-0.2038985460301248,-0.1762663602862218,-0.2766374062829241,-0.1726151575086464,1.0,True,0.0955137877091645
SC3,Tehran,Time loss (car),delta_mean_pct,8,-0.3294419292411676,-0.3744899703193667,-0.3660627233158222,-0.3020468489463763,-0.2916188862839348,-0.3753470129120527,-0.2880481211319138,1.0,True,0.0828710840354318
SC3,Tehran,Time loss (car),delta_2030_pct,8,-0.7340394275578866,-0.8404702556494765,-0.8222456560545061,-0.6765182725272283,-0.6531211721495647,-0.8417947136366561,-0.6451235267090049,1.0,True,0.1873490834999118
SC3,Tehran,PCE-weighted VKT,delta_mean_pct,8,-0.0948863136898537,-0.1088580342340826,-0.1040453715014123,-0.0886290127110631,-0.0835125964488683,-0.1097475875367133,-0.0817939268564279,1.0,True,0.0253454377852143
SC3,Tehran,PCE-weighted VKT,delta_2030_pct,8,-0.2132049000502038,-0.2459917170769429,-0.2347156212898226,-0.1995604389370383,-0.187586087491891,-0.2481314339179881,-0.1835442723048434,1.0,True,0.0584056295850519
SC4,Region 12,CO₂ emissions,delta_mean_pct,8,-1.1489441267278349,-1.4013218866265107,-1.187333888828718,-1.0768162768125775,-0.941761475335578,-1.471337762645626,-0.8987543188993292,1.0,True,0.4595604112909328
SC4,Region 12,CO₂ emissions,delta_2030_pct,8,-1.390989215311348,-1.6821376667823658,-1.4513353082589973,-1.310793994053144,-1.1763338671286898,-1.7706173986986025,-1.1346680182809117,1.0,True,0.505803799653676
SC4,Region 12,Congestion index,delta_mean_pct,8,-1.0756394770342157,-1.428131999691889,-1.2876389173588445,-0.8931454537574863,-0.8206336116894176,-1.4670991288895667,-0.7987973841464168,1.0,True,0.6074983880024715
SC4,Region 12,Congestion index,delta_2030_pct,8,-1.0428232183701185,-1.5198611489930762,-1.3217663237058193,-0.9092684776976576,-0.840989525216681,-1.554443673443133,-0.8209542563779715,1.0,True,0.6788716237763952
SC4,Region 12,Electricity use,delta_mean_pct,8,5.956969801455026,5.184377241183049,5.557360990166517,6.530769464457015,6.78005453381501,5.10700790279144,6.846605382229707,1.0,True,1.595677292631961
SC4,Region 12,Electricity use,delta_2030_pct,8,5.319756770935049,4.563290830579387,4.949371115012637,5.700194330559712,5.715691292113388,4.504668036435901,5.722998486164915,1.0,True,1.152400461534001
SC4,Region 12,Final energy,delta_mean_pct,8,-1.9420585341092351,-2.238654323773288,-2.0997563312436656,-1.7522073616729843,-1.6416767442333071,-2.301937278833448,-1.6352457944803551,1.0,True,0.5969775795399803
SC4,Region 12,Final energy,delta_2030_pct,8,-2.1365648517071216,-2.4986264130346663,-2.330856235097884,-1.907735731128684,-1.8144086587301964,-2.56671204903033,-1.8096138411424196,1.0,True,0.6842177543044698
SC4,Region 12,Health indicator,delta_mean_pct,8,-0.8390504530347426,-0.9994414771419794,-0.9361482746353006,-0.7286796575720906,-0.6702476219365359,-1.0320681819452349,-0.6451963300458032,1.0,True,0.3291938552054435
SC4,Region 12,Health indicator,delta_2030_pct,8,-0.9040360858077212,-1.0856498594653596,-1.038404838250892,-0.7762958078587243,-0.7183442169813035,-1.0921873798861774,-0.6916246839779959,1.0,True,0.3673056424840561
SC4,Region 12,Modal share: car,delta_mean_pct,8,-3.0952171628311405,-3.7578338646017855,-3.458511698582077,-2.7126244945633218,-2.590086883709928,-3.809919828590785,-2.5676223363143413,1.0,True,1.167746980891858
SC4,Region 12,Modal share: car,delta_2030_pct,8,-2.974341130509561,-3.695286472489256,-3.3686688893511376,-2.5658827423771884,-2.4948432338132096,-3.7338224688315176,-2.463799482913088,1.0,True,1.2004432386760464
SC4,Region 12,Modal share: public transport,delta_mean_pct,8,5.930963657152111,5.366585280682671,5.599029377977106,6.361834598708009,6.681114635141983,5.271928333069642,6.756385937383686,1.0,True,1.314529354459312
SC4,Region 12,Modal share: public transport,delta_2030_pct,8,5.851516025035231,5.275368922046728,5.51978229529783,6.18031084918657,6.415050110326049,5.170201940697951,6.4692984314906985,1.0,True,1.1396811882793203
SC4,Region 12,NOₓ emissions,delta_mean_pct,8,-1.950323061329012,-2.162492104908982,-2.106665077152033,-1.7524922720153184,-1.6308103713508182,-2.1795421610568537,-1.5807957851964267,1.0,True,0.5316817335581636
SC4,Region 12,NOₓ emissions,delta_2030_pct,8,-2.103564663501788,-2.358306132000035,-2.2956439608497945,-1.86893198526426,-1.7540084084353906,-2.369166828431803,-1.6957265956661751,1.0,True,0.6042977235646445
SC4,Region 12,PM₂.₅ emissions,delta_mean_pct,8,-1.618573315580107,-1.912415654933151,-1.824596044488076,-1.35961279911818,-1.342840856803973,-1.934265080418897,-1.3425278368908626,1.0,True,0.5695747981291781
SC4,Region 12,PM₂.₅ emissions,delta_2030_pct,8,-1.6465004929307263,-2.005874538422542,-1.8861789972615457,-1.3920675160901954,-1.3552396576252612,-2.028293868518924,-1.340320268561415,1.0,True,0.6506348807972808
SC4,Region 12,Time loss (car),delta_mean_pct,8,-4.751952295406159,-5.63247329399215,-5.488741065193493,-4.120278440181941,-3.864609095610524,-5.6773260273823904,-3.787723690200547,1.0,True,1.7678641983816257
SC4,Region 12,Time loss (car),delta_2030_pct,8,-4.723875716948928,-5.556254006180908,-5.438160352408239,-3.994641139587255,-3.804076597324825,-5.619258361850602,-3.715939200141979,1.0,True,1.7521774088560838
SC4,Region 12,PCE-weighted VKT,delta_mean_pct,8,-2.7347320685822742,-3.1755485680589697,-3.082893170967441,-2.356698334150244,-2.2356582764058524,-3.186239285591184,-2.170778990074578,1.0,True,0.9398902916531172
SC4,Region 12,PCE-weighted VKT,delta_2030_pct,8,-2.794742128872779,-3.2786910441416355,-3.187298080898099,-2.393864186443782,-2.2708048258045217,-3.280308432415169,-2.206158470389297,1.0,True,1.0078862183371138
SC4,Tehran,CO₂ emissions,delta_mean_pct,8,-0.7721379460622648,-1.0348111717510609,-0.9616720344114916,-0.5874863587204031,-0.5651717335429088,-1.0359888064387603,-0.5572015964280597,1.0,True,0.469639438208152
SC4,Tehran,CO₂ emissions,delta_2030_pct,8,-0.747352437459073,-1.276076677023114,-1.0130056212000715,-0.6339454388475023,-0.6119518173214806,-1.3571168657440584,-0.604488468152605,1.0,True,0.6641248597016334
SC4,Tehran,Congestion index,delta_mean_pct,8,-1.075639477034228,-1.4281319996918842,-1.2876389173588545,-0.8931454537574866,-0.8206336116894072,-1.4670991288895765,-0.7987973841463977,1.0,True,0.607498388002477
SC4,Tehran,Congestion index,delta_2030_pct,8,-1.0428232183701147,-1.5198611489930784,-1.321766323705832,-0.909268477697656,-0.8409895252166995,-1.554443673443129,-0.8209542563779969,1.0,True,0.678871623776379
SC4,Tehran,Electricity use,delta_mean_pct,8,7.098477075885775,6.784370622888541,6.883452076438172,7.245801960823031,7.319131702215962,6.744933636669247,7.352046556204832,1.0,True,0.5347610793274216
SC4,Tehran,Electricity use,delta_2030_pct,8,5.748706113522418,5.296279950444263,5.567975938561447,5.867779249539263,5.922806745061552,5.262917257204025,5.951282195566056,1.0,True,0.6265267946172886
SC4,Tehran,Final energy,delta_mean_pct,8,-0.95895065055693,-1.2843063946128062,-1.160438224677527,-0.7550996005982823,-0.7129972951874284,-1.3101141379615455,-0.7056356938237512,1.0,True,0.5713090994253778
SC4,Tehran,Final energy,delta_2030_pct,8,-0.9188304570979065,-1.4861970475700277,-1.21155198080472,-0.7886255882357024,-0.748351278930047,-1.5466010395368808,-0.7416622105821783,1.0,True,0.7378457686399806
SC4,Tehran,Health indicator,delta_mean_pct,8,-0.4226982094261375,-0.5577521145080767,-0.498828451795394,-0.3542925939674852,-0.3254245485435434,-0.5788407253922754,-0.3180701083730421,1.0,True,0.2323275659645332
SC4,Tehran,Health indicator,delta_2030_pct,8,-0.4130265523712296,-0.634234205272033,-0.5183684083774251,-0.3679542968415428,-0.3407496151116766,-0.6502302340591072,-0.3342198563141492,1.0,True,0.2934845901603564
SC4,Tehran,Modal share: car,delta_mean_pct,8,-1.3047359726598255,-1.818619488421927,-1.6036576377487748,-1.041213535083375,-0.9746763902546932,-1.8596354206534664,-0.9590432781851584,1.0,True,0.8439430981672338
SC4,Tehran,Modal share: car,delta_2030_pct,8,-1.11909956139211,-1.8009303348005044,-1.474489465907207,-0.9609555274775704,-0.901990685867314,-1.8673767754573904,-0.8873834530693121,1.0,True,0.8989396489331902
SC4,Tehran,Modal share: public transport,delta_mean_pct,8,8.753074603647587,8.697707947569976,8.733088499410528,8.859050479051756,9.049552096675203,8.678811743222962,9.07796449711224,1.0,True,0.3518441491052293
SC4,Tehran,Modal share: public transport,delta_2030_pct,8,8.036365153905956,7.843857264773343,7.947988768802412,8.243953632124148,8.657365585047733,7.841354529842943,8.876818523073144,1.0,True,0.8135083202743907
SC4,Tehran,NOₓ emissions,delta_mean_pct,8,-0.917023982244482,-1.2255012970703034,-1.0817655731228806,-0.7557471449907079,-0.6932391627879988,-1.2765166603673257,-0.6749372149993255,1.0,True,0.5322621342823046
SC4,Tehran,NOₓ emissions,delta_2030_pct,8,-0.8941017395237572,-1.382173433081907,-1.1391034558219495,-0.7873917068811163,-0.7281105826066051,-1.4122148186259034,-0.7113551379391398,1.0,True,0.6540628504753022
SC4,Tehran,PM₂.₅ emissions,delta_mean_pct,8,-0.5059057419259206,-0.658853957632446,-0.6093969551671432,-0.4174035457052312,-0.379268872234742,-0.6615930205916363,-0.3754393017476681,1.0,True,0.279585085397704
SC4,Tehran,PM₂.₅ emissions,delta_2030_pct,8,-0.5177224199641692,-0.8496794032000861,-0.6580177640779281,-0.4583407776503668,-0.4192121214164072,-0.8878625218406637,-0.4136238066542752,1.0,True,0.4304672817836789
SC4,Tehran,STOCK::brts_total,delta_mean_pct,8,0.0,0.0,0.0,0.0,0.0,0.0,0.0,1.0,True,0.0
SC4,Tehran,STOCK::brts_total,delta_2030_pct,8,0.0,0.0,0.0,0.0,0.0,0.0,0.0,1.0,True,0.0
SC4,Tehran,STOCK::buses_total,delta_mean_pct,8,0.0,0.0,0.0,0.0,0.0,0.0,0.0,1.0,True,0.0
SC4,Tehran,STOCK::buses_total,delta_2030_pct,8,0.0,0.0,0.0,0.0,0.0,0.0,0.0,1.0,True,0.0
SC4,Tehran,STOCK::cost_index_bus_fare,delta_mean_pct,8,-28.562767594618244,-28.562767594618244,-28.562767594618244,-28.562767594618244,-28.562767594618244,-28.562767594618244,-28.562767594618244,1.0,True,0.0
SC4,Tehran,STOCK::cost_index_bus_fare,delta_2030_pct,8,-37.272887981680256,-37.272887981680256,-37.272887981680256,-37.272887981680256,-37.272887981680256,-37.272887981680256,-37.272887981680256,1.0,True,0.0
SC4,Tehran,STOCK::cost_index_metro_fare,delta_mean_pct,8,-23.03998012320194,-23.03998012320194,-23.03998012320194,-23.03998012320194,-23.03998012320194,-23.03998012320194,-23.03998012320194,1.0,True,0.0
SC4,Tehran,STOCK::cost_index_metro_fare,delta_2030_pct,8,-30.856527657481102,-30.856527657481102,-30.856527657481102,-30.856527657481102,-30.856527657481102,-30.856527657481102,-30.856527657481102,1.0,True,0.0
SC4,Tehran,STOCK::cost_index_rhc_fare,delta_mean_pct,8,0.0,0.0,0.0,0.0,0.0,0.0,0.0,1.0,True,0.0
SC4,Tehran,STOCK::cost_index_rhc_fare,delta_2030_pct,8,0.0,0.0,0.0,0.0,0.0,0.0,0.0,1.0,True,0.0
SC4,Tehran,STOCK::inflation_index_effective,delta_mean_pct,8,0.0,0.0,0.0,0.0,0.0,0.0,0.0,1.0,True,0.0
SC4,Tehran,STOCK::inflation_index_effective,delta_2030_pct,8,0.0,0.0,0.0,0.0,0.0,0.0,0.0,1.0,True,0.0
SC4,Tehran,STOCK::len_bik,delta_mean_pct,8,0.0,0.0,0.0,0.0,0.0,0.0,0.0,1.0,True,0.0
SC4,Tehran,STOCK::len_bik,delta_2030_pct,8,0.0,0.0,0.0,0.0,0.0,0.0,0.0,1.0,True,0.0
SC4,Tehran,STOCK::len_brt,delta_mean_pct,8,0.0,0.0,0.0,0.0,0.0,0.0,0.0,1.0,True,0.0
SC4,Tehran,STOCK::len_brt,delta_2030_pct,8,0.0,0.0,0.0,0.0,0.0,0.0,0.0,1.0,True,0.0
SC4,Tehran,STOCK::len_hwy,delta_mean_pct,8,0.0,0.0,0.0,0.0,0.0,0.0,0.0,1.0,True,0.0
SC4,Tehran,STOCK::len_hwy,delta_2030_pct,8,0.0,0.0,0.0,0.0,0.0,0.0,0.0,1.0,True,0.0
SC4,Tehran,STOCK::len_met,delta_mean_pct,8,0.0,0.0,0.0,0.0,0.0,0.0,0.0,1.0,True,0.0
SC4,Tehran,STOCK::len_met,delta_2030_pct,8,0.0,0.0,0.0,0.0,0.0,0.0,0.0,1.0,True,0.0
SC4,Tehran,STOCK::metro_cars_total,delta_mean_pct,8,0.0,0.0,0.0,0.0,0.0,0.0,0.0,1.0,True,0.0
SC4,Tehran,STOCK::metro_cars_total,delta_2030_pct,8,0.0,0.0,0.0,0.0,0.0,0.0,0.0,1.0,True,0.0
SC4,Tehran,STOCK::motorcycles_total,delta_mean_pct,8,0.0,0.0,0.0,0.0,0.0,0.0,0.0,1.0,True,0.0
SC4,Tehran,STOCK::motorcycles_total,delta_2030_pct,8,0.0,0.0,0.0,0.0,0.0,0.0,0.0,1.0,True,0.0
SC4,Tehran,STOCK::population_city,delta_mean_pct,8,0.0043245837162753,0.003510724569723,0.0038362601804658,0.0048796932819392,0.0057147051274844,0.0034332159292591,0.0060423248184174,1.0,True,0.0022039805577614
SC4,Tehran,STOCK::population_city,delta_2030_pct,8,0.0085918387457631,0.0068974425687693,0.007502225711635,0.0100471249965448,0.0111082935838055,0.006758486740469,0.0115337376514458,1.0,True,0.0042108510150362
SC4,Tehran,STOCK::private_cars_total,delta_mean_pct,8,0.0,0.0,0.0,0.0,0.0,0.0,0.0,1.0,True,0.0
SC4,Tehran,STOCK::private_cars_total,delta_2030_pct,8,0.0,0.0,0.0,0.0,0.0,0.0,0.0,1.0,True,0.0
SC4,Tehran,STOCK::taxis_total,delta_mean_pct,8,0.0,0.0,0.0,0.0,0.0,0.0,0.0,1.0,True,0.0
SC4,Tehran,STOCK::taxis_total,delta_2030_pct,8,0.0,0.0,0.0,0.0,0.0,0.0,0.0,1.0,True,0.0
SC4,Tehran,STOCK::transport_financial_balance_IRR,delta_mean_pct,8,-2.782961994926918,-3.6201128990291447,-3.172929143587705,-2.306881960183291,-2.002299340574686,-3.717198745076996,-1.9561345785707,1.0,True,1.6178135584544586
SC4,Tehran,STOCK::transport_financial_balance_IRR,delta_2030_pct,8,-3.634247337393231,-4.830219120363683,-4.232019534773002,-3.062399919432348,-2.68194165024695,-5.030671868889219,-2.62220142426684,1.0,True,2.148277470116733
SC4,Tehran,Time loss (car),delta_mean_pct,8,-2.538141189314656,-3.378100679399299,-3.033173406302331,-2.06599857447822,-1.9165458906674333,-3.4698306990110623,-1.875798859307864,1.0,True,1.4615547887318656
SC4,Tehran,Time loss (car),delta_2030_pct,8,-2.423832626465435,-3.6694385965472622,-3.111854821830056,-2.1060089656109,-1.965613482936108,-3.774985644274292,-1.928075346676004,1.0,True,1.7038251136111544
SC4,Tehran,PCE-weighted VKT,delta_mean_pct,8,-1.0763043431673576,-1.4280410488932955,-1.2882472061822,-0.8933226227207937,-0.8208286992660726,-1.4665791698781865,-0.7989997827491324,1.0,True,0.6072123496272229
SC4,Tehran,PCE-weighted VKT,delta_2030_pct,8,-1.0428232183701305,-1.5198611489930898,-1.3217663237058317,-0.9092684776976604,-0.840989525216689,-1.5544436734431395,-0.8209542563779784,1.0,True,0.6788716237764008
SC5,Region 12,CO₂ emissions,delta_mean_pct,8,-0.8073630103293858,-1.0018687398211124,-0.921123352925486,-0.7671474317448362,-0.7245071645781375,-1.016197456661352,-0.707382339297617,1.0,True,0.2773615752429749
SC5,Region 12,CO₂ emissions,delta_2030_pct,8,-1.1324917045134364,-1.404677039192475,-1.2739566871137424,-1.054246309101163,-1.012775069230776,-1.4397911100195473,-0.9995644938913844,1.0,True,0.391901969961699
SC5,Region 12,Congestion index,delta_mean_pct,8,-4.395390373016857,-5.395979950231678,-5.088219317845422,-3.662633028943218,-3.4509895525249443,-5.5100949563150285,-3.391030399936163,1.0,True,1.944990397706733
SC5,Region 12,Congestion index,delta_2030_pct,8,-6.358774095599975,-7.665300635419451,-7.131485336052604,-5.1967322752219856,-4.841219056156141,-7.839054874096882,-4.757164423984279,1.0,True,2.82408157926331
SC5,Region 12,Electricity use,delta_mean_pct,8,6.852207273404207,6.224599951379331,6.493315963367072,7.325859143544646,7.686941059730253,6.1491628517625685,7.767595265368502,1.0,True,1.4623411083509217
SC5,Region 12,Electricity use,delta_2030_pct,8,6.887923777203021,6.165516408008844,6.532249954662908,7.273730183433249,7.2943237836804915,6.059885516436805,7.302921001472558,1.0,True,1.1288073756716477
SC5,Region 12,Final energy,delta_mean_pct,8,-1.711262672660279,-1.9010816061325917,-1.85536161713393,-1.604487806703853,-1.4272085226507836,-1.9241774289782163,-1.3837142348057947,1.0,True,0.4738730834818077
SC5,Region 12,Final energy,delta_2030_pct,8,-2.100298106512577,-2.356660344219104,-2.262691048567417,-1.925058453302615,-1.705304163508415,-2.402479724240163,-1.6414220082783992,1.0,True,0.6513561807106891
SC5,Region 12,Health indicator,delta_mean_pct,8,-2.1752742815727397,-2.4805656082422964,-2.4175120037972158,-1.8252525734625973,-1.8051287134580376,-2.5080429800119988,-1.8005885411841318,1.0,True,0.6754368947842588
SC5,Region 12,Health indicator,delta_2030_pct,8,-3.130905406847754,-3.5559146982004286,-3.4150393964077965,-2.544614920303452,-2.4928948294648063,-3.598781325999432,-2.471790364121176,1.0,True,1.0630198687356225
SC5,Region 12,Modal share: car,delta_mean_pct,8,-2.09053047996733,-2.465541656335309,-2.2553394393992185,-1.9737268877497924,-1.6674304420583976,-2.528463890381204,-1.5770787507237285,1.0,True,0.7981112142769116
SC5,Region 12,Modal share: car,delta_2030_pct,8,-2.2073769995268906,-2.672046484476837,-2.383415157344265,-2.051887011854724,-1.7836841213805743,-2.7602647936841653,-1.6932488964747925,1.0,True,0.8883623630962623
SC5,Region 12,Modal share: public transport,delta_mean_pct,8,5.756199903853046,5.050483430035653,5.455155394523384,6.26804609269046,6.337701590373672,4.871761007847613,6.346699741667026,1.0,True,1.2872181603380186
SC5,Region 12,Modal share: public transport,delta_2030_pct,8,6.57542182009561,5.828599073205757,6.281586917603128,6.921057586513679,7.121770871468622,5.590679581547458,7.12302303819653,1.0,True,1.2931717982628657
SC5,Region 12,NOₓ emissions,delta_mean_pct,8,-2.0167880662609345,-2.270830855385446,-2.1564463666048628,-1.88442744108817,-1.7119218340235511,-2.2721156854700646,-1.6241782926523654,1.0,True,0.558909021361895
SC5,Region 12,NOₓ emissions,delta_2030_pct,8,-2.379645146441322,-2.699543060879602,-2.591274224654072,-2.2474026201872577,-2.006909317201691,-2.703924132990465,-1.8892635426265687,1.0,True,0.6926337436779111
SC5,Region 12,PM₂.₅ emissions,delta_mean_pct,8,-2.464998232484239,-2.8400644467541007,-2.7156009486375066,-2.2985309542646046,-2.231640837403225,-2.8647404651997954,-2.2259555528933883,1.0,True,0.6084236093508752
SC5,Region 12,PM₂.₅ emissions,delta_2030_pct,8,-2.904813730409725,-3.408996864617146,-3.2302826720001474,-2.735476043159484,-2.6266699613971185,-3.4610827324951785,-2.6210971199055004,1.0,True,0.7823269032200275
SC5,Region 12,Time loss (car),delta_mean_pct,8,-8.711804671023707,-10.162660344689822,-9.849349540404614,-7.245638421741881,-7.188126157922425,-10.185055353535375,-7.171560510289458,1.0,True,2.9745341867673973
SC5,Region 12,Time loss (car),delta_2030_pct,8,-11.703034694085437,-13.62638103864171,-12.99434870995132,-9.61035875149404,-9.330011703208424,-13.70752910280703,-9.24888474429208,1.0,True,4.296369335433287
SC5,Region 12,PCE-weighted VKT,delta_mean_pct,8,-1.9760279646179435,-2.308557704748296,-2.268582009063764,-1.688965090538407,-1.471651217571286,-2.329293455669278,-1.3715991232625924,1.0,True,0.8369064871770098
SC5,Region 12,PCE-weighted VKT,delta_2030_pct,8,-2.177690630497259,-2.606534675889405,-2.522789682004268,-1.8391632879253037,-1.57106852236544,-2.6202962893952684,-1.43471179539055,1.0,True,1.0354661535239646
SC5,Tehran,CO₂ emissions,delta_mean_pct,8,-4.422740670712045,-5.308717550456228,-4.687775878364216,-3.857343472050247,-3.422026078836341,-5.409891005406225,-3.361936043381762,1.0,True,1.8866914716198864
SC5,Tehran,CO₂ emissions,delta_2030_pct,8,-6.411782861788234,-7.767254406803952,-7.099490900363188,-5.500011915199421,-4.875722731162389,-7.935660042123199,-4.791335918148935,1.0,True,2.8915316756415628
SC5,Tehran,Congestion index,delta_mean_pct,8,-4.395390373016842,-5.39597995023167,-5.088219317845439,-3.6626330289431945,-3.450989552524928,-5.510094956315011,-3.391030399936157,1.0,True,1.944990397706742
SC5,Tehran,Congestion index,delta_2030_pct,8,-6.358774095599985,-7.66530063541944,-7.131485336052596,-5.196732275221991,-4.841219056156136,-7.839054874096861,-4.757164423984259,1.0,True,2.824081579263304
SC5,Tehran,Electricity use,delta_mean_pct,8,18.139687734124777,17.235925430629404,17.421313058860704,18.6361333847141,18.72979061411689,17.20630445934337,18.76189361884785,1.0,True,1.493865183487486
SC5,Tehran,Electricity use,delta_2030_pct,8,17.80258344716162,16.449890735805315,17.05452757432361,18.52752476333356,18.880570662618567,16.21782968423433,19.01906731155888,1.0,True,2.4306799268132515
SC5,Tehran,Final energy,delta_mean_pct,8,-4.878562632958085,-5.794964715863795,-5.306405663135822,-4.187629565640744,-3.841123752929557,-5.909471094535459,-3.7710345074795,1.0,True,1.9538409629342384
SC5,Tehran,Final energy,delta_2030_pct,8,-7.030088008595214,-8.336249726439243,-7.695846101391876,-5.884612014726893,-5.363696168092648,-8.521877696275308,-5.266795508664506,1.0,True,2.972553558346595
SC5,Tehran,Health indicator,delta_mean_pct,8,-2.206305093368668,-2.497440844091532,-2.3649819117106405,-1.9187793768136825,-1.8087185123279848,-2.5375008934021954,-1.7799488871842908,1.0,True,0.6887223317635467
SC5,Tehran,Health indicator,delta_2030_pct,8,-3.1729893531458364,-3.608045277187901,-3.44334304933955,-2.6960799288232677,-2.51476891031264,-3.675370584270458,-2.475160584307258,1.0,True,1.0932763668752603
SC5,Tehran,Modal share: car,delta_mean_pct,8,-7.463322629135238,-8.966749499877228,-8.327540878799981,-6.235143336009381,-5.798871595550605,-9.110151543732073,-5.718948762380736,1.0,True,3.1678779043266223
SC5,Tehran,Modal share: car,delta_2030_pct,8,-9.132070817216777,-10.871354033718235,-10.0296943921506,-7.419242618579414,-6.869329742814439,-11.066916865147158,-6.773921301739979,1.0,True,4.002024290903798
SC5,Tehran,Modal share: public transport,delta_mean_pct,8,30.719223673917444,28.224887779663305,30.42946855262228,32.00224829741869,36.52586088582681,27.12622764607849,37.25416253743888,1.0,True,8.300973106163504
SC5,Tehran,Modal share: public transport,delta_2030_pct,8,36.39511047364135,33.05253384214954,35.81207001415948,39.03377756418512,42.93222061149088,31.90250300587994,43.82297767660432,1.0,True,9.87968676934134
SC5,Tehran,NOₓ emissions,delta_mean_pct,8,-4.646334465183315,-5.349412125322437,-5.0889922766852775,-3.976940779701705,-3.7681266001500218,-5.433612944507851,-3.710595983288,1.0,True,1.5812855251724152
SC5,Tehran,NOₓ emissions,delta_2030_pct,8,-6.750729897480024,-7.746147816367268,-7.331892783466444,-5.612481784194277,-5.25955978487431,-7.888566353379537,-5.179449964736614,1.0,True,2.486588031492958
SC5,Tehran,PM₂.₅ emissions,delta_mean_pct,8,-2.8840892903183293,-3.2454751781276614,-2.997761407219992,-2.5888843471887184,-2.392742055814478,-3.290925603086775,-2.357086890896196,1.0,True,0.8527331223131833
SC5,Tehran,PM₂.₅ emissions,delta_2030_pct,8,-4.305508999652167,-4.932050968063797,-4.69272847080021,-3.79388692891397,-3.4756375743916874,-5.005644822986145,-3.429723074334412,1.0,True,1.45641339367211
SC5,Tehran,STOCK::brts_total,delta_mean_pct,8,2.231610266187328,2.231610266187328,2.231610266187328,2.231610266187328,2.231610266187328,2.231610266187328,2.231610266187328,1.0,True,0.0
SC5,Tehran,STOCK::brts_total,delta_2030_pct,8,6.054948943484458,6.054948943484458,6.054948943484458,6.054948943484458,6.054948943484458,6.054948943484458,6.054948943484458,1.0,True,0.0
SC5,Tehran,STOCK::buses_total,delta_mean_pct,8,2.969651954578415,2.969651954578415,2.969651954578415,2.969651954578415,2.969651954578415,2.969651954578415,2.969651954578415,1.0,True,0.0
SC5,Tehran,STOCK::buses_total,delta_2030_pct,8,7.785470025823924,7.785470025823924,7.785470025823924,7.785470025823924,7.785470025823924,7.785470025823924,7.785470025823924,1.0,True,0.0
SC5,Tehran,STOCK::cost_index_bus_fare,delta_mean_pct,8,0.0,0.0,0.0,0.0,0.0,0.0,0.0,1.0,True,0.0
SC5,Tehran,STOCK::cost_index_bus_fare,delta_2030_pct,8,0.0,0.0,0.0,0.0,0.0,0.0,0.0,1.0,True,0.0
SC5,Tehran,STOCK::cost_index_metro_fare,delta_mean_pct,8,0.0,0.0,0.0,0.0,0.0,0.0,0.0,1.0,True,0.0
SC5,Tehran,STOCK::cost_index_metro_fare,delta_2030_pct,8,0.0,0.0,0.0,0.0,0.0,0.0,0.0,1.0,True,0.0
SC5,Tehran,STOCK::cost_index_rhc_fare,delta_mean_pct,8,0.0,0.0,0.0,0.0,0.0,0.0,0.0,1.0,True,0.0
SC5,Tehran,STOCK::cost_index_rhc_fare,delta_2030_pct,8,0.0,0.0,0.0,0.0,0.0,0.0,0.0,1.0,True,0.0
SC5,Tehran,STOCK::inflation_index_effective,delta_mean_pct,8,0.0,0.0,0.0,0.0,0.0,0.0,0.0,1.0,True,0.0
SC5,Tehran,STOCK::inflation_index_effective,delta_2030_pct,8,0.0,0.0,0.0,0.0,0.0,0.0,0.0,1.0,True,0.0
SC5,Tehran,STOCK::len_bik,delta_mean_pct,8,0.0,0.0,0.0,0.0,0.0,0.0,0.0,1.0,True,0.0
SC5,Tehran,STOCK::len_bik,delta_2030_pct,8,0.0,0.0,0.0,0.0,0.0,0.0,0.0,1.0,True,0.0
SC5,Tehran,STOCK::len_brt,delta_mean_pct,8,5.785194747945485,5.785194747945485,5.785194747945485,5.785194747945485,5.785194747945485,5.785194747945485,5.785194747945485,1.0,True,0.0
SC5,Tehran,STOCK::len_brt,delta_2030_pct,8,10.000000000000009,10.000000000000009,10.000000000000009,10.000000000000009,10.000000000000009,10.000000000000009,10.000000000000009,1.0,True,0.0
SC5,Tehran,STOCK::len_hwy,delta_mean_pct,8,0.0,0.0,0.0,0.0,0.0,0.0,0.0,1.0,True,0.0
SC5,Tehran,STOCK::len_hwy,delta_2030_pct,8,0.0,0.0,0.0,0.0,0.0,0.0,0.0,1.0,True,0.0
SC5,Tehran,STOCK::len_met,delta_mean_pct,8,2.852391040037361,2.852391040037361,2.852391040037361,2.852391040037361,2.852391040037361,2.852391040037361,2.852391040037361,1.0,True,0.0
SC5,Tehran,STOCK::len_met,delta_2030_pct,8,5.000000000000004,5.000000000000004,5.000000000000004,5.000000000000004,5.000000000000004,5.000000000000004,5.000000000000004,1.0,True,0.0
SC5,Tehran,STOCK::metro_cars_total,delta_mean_pct,8,0.1066892464013732,0.1066892464013732,0.1066892464013732,0.1066892464013732,0.1066892464013732,0.1066892464013732,0.1066892464013732,1.0,True,0.0
SC5,Tehran,STOCK::metro_cars_total,delta_2030_pct,8,0.2845046570702709,0.2845046570702709,0.2845046570702709,0.2845046570702709,0.2845046570702709,0.2845046570702709,0.2845046570702709,1.0,True,0.0
SC5,Tehran,STOCK::motorcycles_total,delta_mean_pct,8,0.0,0.0,0.0,0.0,0.0,0.0,0.0,1.0,True,0.0
SC5,Tehran,STOCK::motorcycles_total,delta_2030_pct,8,0.0,0.0,0.0,0.0,0.0,0.0,0.0,1.0,True,0.0
SC5,Tehran,STOCK::population_city,delta_mean_pct,8,0.0190091239199581,0.0163437768399577,0.017249998721018,0.0199539987345629,0.0209007850295759,0.0160524631360514,0.0212745803848628,1.0,True,0.0045570081896182
SC5,Tehran,STOCK::population_city,delta_2030_pct,8,0.044897874700885,0.0377840572116065,0.0402605255689772,0.0464683628557219,0.0491334703252476,0.0371227688660518,0.0499679043736001,1.0,True,0.011349413113641
SC5,Tehran,STOCK::private_cars_total,delta_mean_pct,8,0.0,0.0,0.0,0.0,0.0,0.0,0.0,1.0,True,0.0
SC5,Tehran,STOCK::private_cars_total,delta_2030_pct,8,0.0,0.0,0.0,0.0,0.0,0.0,0.0,1.0,True,0.0
SC5,Tehran,STOCK::taxis_total,delta_mean_pct,8,0.0,0.0,0.0,0.0,0.0,0.0,0.0,1.0,True,0.0
SC5,Tehran,STOCK::taxis_total,delta_2030_pct,8,0.0,0.0,0.0,0.0,0.0,0.0,0.0,1.0,True,0.0
SC5,Tehran,STOCK::transport_financial_balance_IRR,delta_mean_pct,8,-10.654812159128326,-12.18414866916655,-11.369920894382282,-9.13817359684332,-7.805667177124098,-12.40692340063372,-7.54754017299532,1.0,True,4.378481492042452
SC5,Tehran,STOCK::transport_financial_balance_IRR,delta_2030_pct,8,-15.064031402804344,-16.73773403483467,-15.73752217419634,-12.652928295437256,-10.881642377230238,-17.030302896444066,-10.527841985512154,1.0,True,5.856091657604432
SC5,Tehran,Time loss (car),delta_mean_pct,8,-11.547478290077574,-13.801211962680496,-12.978342716226036,-9.761510996849768,-9.155972523164074,-14.03506366087615,-9.019359644866055,1.0,True,4.645239439516423
SC5,Tehran,Time loss (car),delta_2030_pct,8,-16.249750883890552,-19.189042868650088,-17.834473252831966,-13.407726817236638,-12.464238129699456,-19.552197473500858,-12.27794981946473,1.0,True,6.724804738950631
SC5,Tehran,PCE-weighted VKT,delta_mean_pct,8,-4.408301238033177,-5.410900399654004,-5.1017056712930735,-3.673150376011843,-3.460502886346895,-5.52526367356426,-3.4003836683455315,1.0,True,1.950397513307109
SC5,Tehran,PCE-weighted VKT,delta_2030_pct,8,-6.358774095600009,-7.665300635419447,-7.1314853360526005,-5.19673227522199,-4.841219056156126,-7.839054874096876,-4.757164423984253,1.0,True,2.8240815792633214
SC6,Region 12,CO₂ emissions,delta_mean_pct,8,-0.5778212389151349,-0.8554511992639504,-0.7027117249937528,-0.4871796472783524,-0.3541388761958903,-0.9170732616717412,-0.3242014971119794,1.0,True,0.5013123230680601
SC6,Region 12,CO₂ emissions,delta_2030_pct,8,-0.7466424708612689,-1.0895700325448332,-0.9074684132828762,-0.6060207885731581,-0.4532473576951037,-1.1609882968501315,-0.418509652504963,1.0,True,0.6363226748497295
SC6,Region 12,Congestion index,delta_mean_pct,8,-3.1345868803332086,-4.240290832843862,-3.519336741273433,-2.657508414720552,-2.1412794582896213,-4.342072470021394,-2.0987804833071952,1.0,True,2.099011374554241
SC6,Region 12,Congestion index,delta_2030_pct,8,-4.707872967406149,-6.2099337953408975,-5.279821095246843,-3.9150589255502015,-3.1856953956870817,-6.364668755398489,-3.125895094665145,1.0,True,3.024238399653816
SC6,Region 12,Electricity use,delta_mean_pct,8,-0.9156971496037252,-1.3529564423957736,-1.1170416638743588,-0.7124771991907795,-0.5499730978653442,-1.46153399214366,-0.5105912359452394,1.0,True,0.8029833445304294
SC6,Region 12,Electricity use,delta_2030_pct,8,-1.0562126343048417,-1.4911518621367978,-1.2582489334370794,-0.7752753735925018,-0.6254148680534809,-1.589330611688297,-0.6038448331537991,1.0,True,0.865736994083317
SC6,Region 12,Final energy,delta_mean_pct,8,-0.5569860399953103,-0.8212952017166436,-0.6680666401604348,-0.4781649235975252,-0.3420248497910302,-0.8773472225866128,-0.3124110335047113,1.0,True,0.4792703519256133
SC6,Region 12,Final energy,delta_2030_pct,8,-0.7241466288094645,-1.0656641997901293,-0.8805996334549884,-0.6016790410997804,-0.4412319282868527,-1.1337733302530546,-0.402612728139998,1.0,True,0.6244322715032765
SC6,Region 12,Health indicator,delta_mean_pct,8,-4.007439785151751,-4.5903355927722655,-4.4455198091617545,-3.641699477958564,-3.523167924976495,-4.609511028879562,-3.5198518009560216,1.0,True,1.0671676677957709
SC6,Region 12,Health indicator,delta_2030_pct,8,-7.042498534761313,-8.01956885667431,-7.963762592741904,-6.3466961995282345,-6.229417250560931,-8.044886354149458,-6.229047697927359,1.0,True,1.7901516061133789
SC6,Region 12,Modal share: car,delta_mean_pct,8,-0.8298944522967314,-1.2255294261257337,-1.0037638570987983,-0.6887163327871284,-0.5015660508995944,-1.3239628979706424,-0.4652940084180796,1.0,True,0.7239633752261391
SC6,Region 12,Modal share: car,delta_2030_pct,8,-1.0084673710142271,-1.4370218254007978,-1.207240774000105,-0.7558314911013235,-0.5998699149460184,-1.5319912522514922,-0.5758437148349133,1.0,True,0.8371519104547794
SC6,Region 12,Modal share: public transport,delta_mean_pct,8,1.5941440787218522,1.117182669678004,1.285781106432097,1.8529604971448763,2.023673668287965,1.081911011360154,2.0974577775261456,1.0,True,0.9064909986099604
SC6,Region 12,Modal share: public transport,delta_2030_pct,8,1.869072216404772,1.312326835825155,1.485311676207468,2.1388727568944748,2.223558817274013,1.2536104201460505,2.267325757317892,1.0,True,0.911231981448858
SC6,Region 12,NOₓ emissions,delta_mean_pct,8,-8.672358332709136,-9.51111599759712,-8.954051214623483,-8.36330544481531,-7.816480933449638,-9.721971231515951,-7.598106728265416,1.0,True,1.694635064147482
SC6,Region 12,NOₓ emissions,delta_2030_pct,8,-15.993973608563,-17.63159556634243,-16.544038387094737,-15.380514753119158,-14.36174204840796,-18.05483188361309,-13.945128489618064,1.0,True,3.26985351793447
SC6,Region 12,PM₂.₅ emissions,delta_mean_pct,8,-20.918371790456767,-21.822107366076704,-21.16884398858449,-20.779246699574426,-20.22670726943136,-21.94360613322736,-20.12096101494306,1.0,True,1.595400096645342
SC6,Region 12,PM₂.₅ emissions,delta_2030_pct,8,-35.278192758487705,-36.74985763447313,-35.73403278420109,-34.981340266751744,-34.078566135264175,-36.90459465649803,-33.885030805773496,1.0,True,2.671291499208955
SC6,Region 12,Time loss (car),delta_mean_pct,8,-5.623448958374292,-7.455841215731075,-6.203986753368828,-4.864182197689858,-3.8606177265997057,-7.510755550514633,-3.830315365165304,1.0,True,3.595223489131369
SC6,Region 12,Time loss (car),delta_2030_pct,8,-7.990349074601088,-10.582097128009645,-9.184724887748514,-6.920079887790612,-5.517562707805431,-10.718380977021862,-5.4495014563066135,1.0,True,5.064534420204212
SC6,Region 12,PCE-weighted VKT,delta_mean_pct,8,-0.5410412148804677,-0.8056454308503801,-0.6628539374739673,-0.4605830980533278,-0.3341727339690307,-0.8565658642866948,-0.3059153920761724,1.0,True,0.4714726968813493
SC6,Region 12,PCE-weighted VKT,delta_2030_pct,8,-0.6811569974249687,-1.0215306708684515,-0.8481994717325058,-0.5743709614199928,-0.4196568101038744,-1.084696645736389,-0.380421914464745,1.0,True,0.6018738607645773
SC6,Tehran,CO₂ emissions,delta_mean_pct,8,-3.9278497836631887,-5.025527656045751,-4.214702134118316,-3.452357950865818,-2.835402723273167,-5.124120734084653,-2.785530881690258,1.0,True,2.1901249327725845
SC6,Tehran,CO₂ emissions,delta_2030_pct,8,-5.652290591672263,-7.293146652270742,-6.4305905102177,-4.894612778653015,-4.033672163726743,-7.453000837398156,-3.9654763887331854,1.0,True,3.259474488543999
SC6,Tehran,Congestion index,delta_mean_pct,8,-3.1345868803332326,-4.240290832843848,-3.519336741273441,-2.65750841472051,-2.1412794582896355,-4.34207247002136,-2.098780483307213,1.0,True,2.0990113745542125
SC6,Tehran,Congestion index,delta_2030_pct,8,-4.70787296740616,-6.209933795340896,-5.279821095246842,-3.915058925550206,-3.185695395687097,-6.364668755398473,-3.125895094665153,1.0,True,3.024238399653799
SC6,Tehran,Electricity use,delta_mean_pct,8,2.7002445291258343,1.719806903700423,2.043451156937106,3.2857784334216644,3.3765101402051725,1.6779108579088668,3.420041164028054,1.0,True,1.6567032365047494
SC6,Tehran,Electricity use,delta_2030_pct,8,2.2618989773151745,1.1075182393678455,1.4645617902908632,3.1165547861524066,3.2091560665118783,1.0417578159102068,3.2405178132410706,1.0,True,2.101637827144033
SC6,Tehran,Final energy,delta_mean_pct,8,-4.019006016523599,-5.097727901889117,-4.292722268220507,-3.4923498901825467,-2.896808141133239,-5.206061551234635,-2.839782851608293,1.0,True,2.200919760755878
SC6,Tehran,Final energy,delta_2030_pct,8,-5.775028406742099,-7.393395207748807,-6.539792123169746,-4.949048290471719,-4.114967849853975,-7.5665553803103345,-4.037549700014742,1.0,True,3.2784273578948326
SC6,Tehran,Health indicator,delta_mean_pct,8,-3.211763473306005,-3.7923870307080954,-3.430994838686252,-2.872256733707924,-2.610630692357544,-3.8673936526039294,-2.555177596903977,1.0,True,1.1817563383505505
SC6,Tehran,Health indicator,delta_2030_pct,8,-5.215137739023728,-6.149872031567846,-5.626003473206171,-4.584391714130734,-4.188170252052039,-6.278946753261838,-4.100825354652755,1.0,True,1.9617017795158072
SC6,Tehran,Modal share: car,delta_mean_pct,8,-6.288178867786181,-8.005953918591407,-6.889561848812466,-5.274987720459929,-4.48416954263003,-8.132936418843462,-4.426863075742836,1.0,True,3.521784375961377
SC6,Tehran,Modal share: car,delta_2030_pct,8,-7.645583446496605,-9.775914519071234,-8.659794159983463,-6.324004299789721,-5.384751144069409,-9.950321402898162,-5.315977463603977,1.0,True,4.391163375001825
SC6,Tehran,Modal share: public transport,delta_mean_pct,8,21.35045002932642,16.398108210940244,17.52776972114095,23.643482357558096,26.311574990343367,16.258966325030148,27.20353426379944,1.0,True,9.913466779403125
SC6,Tehran,Modal share: public transport,delta_2030_pct,8,26.48951092632194,19.642918584194067,20.765956550923377,28.374233449076137,31.146736164344752,19.59183529718615,32.20016912937788,1.0,True,11.503817580150685
SC6,Tehran,NOₓ emissions,delta_mean_pct,8,-5.898858316624141,-7.152997661863124,-6.442629261299546,-5.1500007145597095,-4.647717596531181,-7.265146602839855,-4.576185410533491,1.0,True,2.5052800653319425
SC6,Tehran,NOₓ emissions,delta_2030_pct,8,-9.593698721427808,-11.552425925737202,-10.471019944485189,-8.190156725620236,-7.436113823934121,-11.74825966256845,-7.32546163877791,1.0,True,4.116312101803081
SC6,Tehran,PM₂.₅ emissions,delta_mean_pct,8,-9.944395195655584,-11.26248626766792,-10.514471502931196,-9.2895789337852,-8.728013634164947,-11.597651151912574,-8.45883036690423,1.0,True,2.534472633502972
SC6,Tehran,PM₂.₅ emissions,delta_2030_pct,8,-16.578980730042787,-18.846202147321453,-17.544905127777014,-15.27316787383242,-14.38055252894305,-19.39883648946266,-13.933509758019817,1.0,True,4.465649618378404
SC6,Tehran,STOCK::brts_total,delta_mean_pct,8,0.0,0.0,0.0,0.0,0.0,0.0,0.0,1.0,True,0.0
SC6,Tehran,STOCK::brts_total,delta_2030_pct,8,0.0,0.0,0.0,0.0,0.0,0.0,0.0,1.0,True,0.0
SC6,Tehran,STOCK::buses_total,delta_mean_pct,8,0.0,0.0,0.0,0.0,0.0,0.0,0.0,1.0,True,0.0
SC6,Tehran,STOCK::buses_total,delta_2030_pct,8,0.0,0.0,0.0,0.0,0.0,0.0,0.0,1.0,True,0.0
SC6,Tehran,STOCK::cost_index_bus_fare,delta_mean_pct,8,0.0,0.0,0.0,0.0,0.0,0.0,0.0,1.0,True,0.0
SC6,Tehran,STOCK::cost_index_bus_fare,delta_2030_pct,8,0.0,0.0,0.0,0.0,0.0,0.0,0.0,1.0,True,0.0
SC6,Tehran,STOCK::cost_index_metro_fare,delta_mean_pct,8,0.0,0.0,0.0,0.0,0.0,0.0,0.0,1.0,True,0.0
SC6,Tehran,STOCK::cost_index_metro_fare,delta_2030_pct,8,0.0,0.0,0.0,0.0,0.0,0.0,0.0,1.0,True,0.0
SC6,Tehran,STOCK::cost_index_rhc_fare,delta_mean_pct,8,0.0,0.0,0.0,0.0,0.0,0.0,0.0,1.0,True,0.0
SC6,Tehran,STOCK::cost_index_rhc_fare,delta_2030_pct,8,0.0,0.0,0.0,0.0,0.0,0.0,0.0,1.0,True,0.0
SC6,Tehran,STOCK::inflation_index_effective,delta_mean_pct,8,0.0,0.0,0.0,0.0,0.0,0.0,0.0,1.0,True,0.0
SC6,Tehran,STOCK::inflation_index_effective,delta_2030_pct,8,0.0,0.0,0.0,0.0,0.0,0.0,0.0,1.0,True,0.0
SC6,Tehran,STOCK::len_bik,delta_mean_pct,8,0.0,0.0,0.0,0.0,0.0,0.0,0.0,1.0,True,0.0
SC6,Tehran,STOCK::len_bik,delta_2030_pct,8,0.0,0.0,0.0,0.0,0.0,0.0,0.0,1.0,True,0.0
SC6,Tehran,STOCK::len_brt,delta_mean_pct,8,0.0,0.0,0.0,0.0,0.0,0.0,0.0,1.0,True,0.0
SC6,Tehran,STOCK::len_brt,delta_2030_pct,8,0.0,0.0,0.0,0.0,0.0,0.0,0.0,1.0,True,0.0
SC6,Tehran,STOCK::len_hwy,delta_mean_pct,8,0.0,0.0,0.0,0.0,0.0,0.0,0.0,1.0,True,0.0
SC6,Tehran,STOCK::len_hwy,delta_2030_pct,8,0.0,0.0,0.0,0.0,0.0,0.0,0.0,1.0,True,0.0
SC6,Tehran,STOCK::len_met,delta_mean_pct,8,0.0,0.0,0.0,0.0,0.0,0.0,0.0,1.0,True,0.0
SC6,Tehran,STOCK::len_met,delta_2030_pct,8,0.0,0.0,0.0,0.0,0.0,0.0,0.0,1.0,True,0.0
SC6,Tehran,STOCK::metro_cars_total,delta_mean_pct,8,0.0,0.0,0.0,0.0,0.0,0.0,0.0,1.0,True,0.0
SC6,Tehran,STOCK::metro_cars_total,delta_2030_pct,8,0.0,0.0,0.0,0.0,0.0,0.0,0.0,1.0,True,0.0
SC6,Tehran,STOCK::motorcycles_total,delta_mean_pct,8,0.0,0.0,0.0,0.0,0.0,0.0,0.0,1.0,True,0.0
SC6,Tehran,STOCK::motorcycles_total,delta_2030_pct,8,0.0,0.0,0.0,0.0,0.0,0.0,0.0,1.0,True,0.0
SC6,Tehran,STOCK::population_city,delta_mean_pct,8,0.0268411437089223,0.0226709420521009,0.0250404478874486,0.0278044971347278,0.0307568905635309,0.022129056691171,0.0314313939595906,1.0,True,0.0080859485114299
SC6,Tehran,STOCK::population_city,delta_2030_pct,8,0.0650521163071429,0.0543413078821256,0.0600882313147424,0.0673639396698303,0.0743969627049841,0.0530998894582489,0.0759373013416286,1.0,True,0.0200556548228584
SC6,Tehran,STOCK::private_cars_total,delta_mean_pct,8,0.0,0.0,0.0,0.0,0.0,0.0,0.0,1.0,True,0.0
SC6,Tehran,STOCK::private_cars_total,delta_2030_pct,8,0.0,0.0,0.0,0.0,0.0,0.0,0.0,1.0,True,0.0
SC6,Tehran,STOCK::taxis_total,delta_mean_pct,8,0.0,0.0,0.0,0.0,0.0,0.0,0.0,1.0,True,0.0
SC6,Tehran,STOCK::taxis_total,delta_2030_pct,8,0.0,0.0,0.0,0.0,0.0,0.0,0.0,1.0,True,0.0
SC6,Tehran,STOCK::transport_financial_balance_IRR,delta_mean_pct,8,-10.23944282697574,-12.292051130158963,-11.08199862437386,-8.435230159327027,-6.877391799380973,-12.563420683290136,-6.597761210659614,1.0,True,5.414659330777992
SC6,Tehran,STOCK::transport_financial_balance_IRR,delta_2030_pct,8,-14.379595270533056,-16.728004392058995,-15.21739663628882,-11.593124420730934,-9.525106055513104,-17.082910749030383,-9.143530156264385,1.0,True,7.202898336545891
SC6,Tehran,Time loss (car),delta_mean_pct,8,-9.086450350062009,-11.68798530050938,-9.97713823476926,-7.746200464740893,-6.465355342446002,-11.898619399366456,-6.366281273112118,1.0,True,5.222629958063378
SC6,Tehran,Time loss (car),delta_2030_pct,8,-12.94920006201033,-16.566851761455847,-14.536764016495656,-10.860396862033308,-9.093552259902488,-16.895735256293527,-8.958018505298309,1.0,True,7.47329950155336
SC6,Tehran,PCE-weighted VKT,delta_mean_pct,8,-3.1455744000829164,-4.253471025102551,-3.530545567364248,-2.6663794959082336,-2.148707015093427,-4.35545830747439,-2.1060907948650067,1.0,True,2.1047640100091245
SC6,Tehran,PCE-weighted VKT,delta_2030_pct,8,-4.707872967406155,-6.209933795340901,-5.27982109524685,-3.9150589255502064,-3.185695395687093,-6.364668755398484,-3.125895094665148,1.0,True,3.0242383996538083
SC7,Region 12,CO₂ emissions,delta_mean_pct,8,-1.1349609830686125,-1.2637693839664397,-1.2265733570949573,-1.0585249797704188,-1.0020559098709514,-1.2779558368686486,-0.9823800839672012,1.0,True,0.2617134740954883
SC7,Region 12,CO₂ emissions,delta_2030_pct,8,-2.337985862042169,-2.605595700033465,-2.509324121009981,-2.193344368105927,-2.072455980698649,-2.6376809530016017,-2.031921234332022,1.0,True,0.5331397193348164
SC7,Region 12,Congestion index,delta_mean_pct,8,0.0047890894933742,0.0037853415718886,0.0042354279219701,0.0055157735843913,0.0062761512753796,0.0036180919380461,0.0064141675825146,1.0,True,0.0024908097034909
SC7,Region 12,Congestion index,delta_2030_pct,8,0.0121407524604345,0.009716639451711,0.0108008783508524,0.0139684098929385,0.0157826148930998,0.0092696239984481,0.01617510624047,1.0,True,0.0060659754413888
SC7,Region 12,Electricity use,delta_mean_pct,8,8.898284704934717,7.157067897678476,7.671258038352273,10.018382322108616,12.632220324548893,6.90924888221757,14.026254631356547,1.0,True,5.475152426870415
SC7,Region 12,Electricity use,delta_2030_pct,8,17.857601027795546,14.221780773737644,15.47122448208428,19.99121140760404,25.47422766433356,13.674812646250468,28.25671284497414,1.0,True,11.252446890595918
SC7,Region 12,Final energy,delta_mean_pct,8,-2.5383942774196573,-2.9176522373587948,-2.799183022505899,-2.360046262506136,-2.2212396921733304,-2.974740883719324,-2.157145058541506,1.0,True,0.6964125451854644
SC7,Region 12,Final energy,delta_2030_pct,8,-5.2312564665609,-6.009388614716508,-5.740629265667954,-4.885969748156935,-4.589567218343871,-6.149300636598673,-4.458197200647017,1.0,True,1.4198213963726376
SC7,Region 12,Health indicator,delta_mean_pct,8,-1.0038391143733127,-1.2893914838748972,-1.1846188913210671,-0.8510857882889932,-0.8122171089065021,-1.3269385344598323,-0.7938620120090415,1.0,True,0.4771743749683951
SC7,Region 12,Health indicator,delta_2030_pct,8,-2.018217021470329,-2.557794184267736,-2.368586400220676,-1.7233567507700256,-1.6477650283834504,-2.6283261740546178,-1.6161996439130613,1.0,True,0.9100291558842852
SC7,Region 12,Modal share: car,delta_mean_pct,8,0.0,0.0,0.0,0.0,0.0,0.0,0.0,1.0,True,0.0
SC7,Region 12,Modal share: car,delta_2030_pct,8,0.0,0.0,0.0,0.0,0.0,0.0,0.0,1.0,True,0.0
SC7,Region 12,Modal share: public transport,delta_mean_pct,8,0.0,0.0,0.0,0.0,0.0,0.0,0.0,1.0,True,0.0
SC7,Region 12,Modal share: public transport,delta_2030_pct,8,0.0,0.0,0.0,0.0,0.0,0.0,0.0,1.0,True,0.0
SC7,Region 12,NOₓ emissions,delta_mean_pct,8,-2.7673265942924936,-3.465808477427363,-3.275482344285349,-2.371416832930052,-2.3001418731195797,-3.547775527848421,-2.30011355456571,1.0,True,1.1656666043077837
SC7,Region 12,NOₓ emissions,delta_2030_pct,8,-5.510161893475207,-6.805350129068547,-6.480673317169323,-4.764825312347781,-4.6190598920593935,-6.921274348518463,-4.601291273910179,1.0,True,2.1862902370091533
SC7,Region 12,PM₂.₅ emissions,delta_mean_pct,8,-1.2705028031678112,-1.813980278922876,-1.4977205205410793,-1.06378496103055,-0.9173048985298736,-1.9097723063521828,-0.87973141893666,1.0,True,0.8966753803930021
SC7,Region 12,PM₂.₅ emissions,delta_2030_pct,8,-2.4005035771280143,-3.3772174176556407,-2.811489566544465,-2.019134721860119,-1.7601455503717067,-3.545794891074061,-1.69508085133979,1.0,True,1.617071867283934
SC7,Region 12,Time loss (car),delta_mean_pct,8,0.0075219003806461,0.0060301071482927,0.0067503259318305,0.0085495419291119,0.009748404943046,0.0057638934174335,0.0099652076304851,1.0,True,0.0037182977947533
SC7,Region 12,Time loss (car),delta_2030_pct,8,0.0188776764811493,0.0152052790068491,0.016931393525887,0.021488624997452,0.0243074981412252,0.0145058791642612,0.0249184287890958,1.0,True,0.0091022191343761
SC7,Region 12,PCE-weighted VKT,delta_mean_pct,8,0.0,0.0,0.0,0.0,0.0,0.0,0.0,1.0,True,0.0
SC7,Region 12,PCE-weighted VKT,delta_2030_pct,8,0.0,0.0,0.0,0.0,0.0,0.0,0.0,1.0,True,0.0
SC7,Tehran,CO₂ emissions,delta_mean_pct,8,-0.6187597242745602,-0.7821445471828016,-0.7183463033110972,-0.5465618167543055,-0.492020056928198,-0.8143895577871363,-0.4722084176460758,1.0,True,0.2901244902546035
SC7,Tehran,CO₂ emissions,delta_2030_pct,8,-1.268365751608303,-1.605858731567209,-1.4707690637474786,-1.127749186982177,-1.0139953183465704,-1.6713866241312103,-0.9736915913323096,1.0,True,0.5918634132206386
SC7,Tehran,Congestion index,delta_mean_pct,8,0.0047890894933702,0.0037853415718999,0.0042354279219897,0.0055157735844048,0.006276151275397,0.0036180919380848,0.0064141675825215,1.0,True,0.0024908097034971
SC7,Tehran,Congestion index,delta_2030_pct,8,0.0121407524604342,0.0097166394516939,0.0108008783508542,0.0139684098929459,0.0157826148931093,0.0092696239984231,0.0161751062404694,1.0,True,0.0060659754414153
SC7,Tehran,Electricity use,delta_mean_pct,8,18.85179217871795,15.169918397871632,17.22608663611649,21.464680100789124,23.67901650869705,14.840049961242851,24.336235710668717,1.0,True,8.509098110825418
SC7,Tehran,Electricity use,delta_2030_pct,8,34.70417334500542,28.276460064855037,31.9822534681556,39.17089121506989,43.21336723014127,27.365113886446885,44.97039482964159,1.0,True,14.936907165286232
SC7,Tehran,Final energy,delta_mean_pct,8,-1.2947039313360988,-1.639709415553496,-1.5108538660001178,-1.139801310930132,-1.0278158022482131,-1.703207241577784,-0.9882228331954716,1.0,True,0.6118936133052828
SC7,Tehran,Final energy,delta_2030_pct,8,-2.661050669982801,-3.3751836270337385,-3.100859303889382,-2.358806551987346,-2.124366010128764,-3.504205405669993,-2.043770812749258,1.0,True,1.2508176169049752
SC7,Tehran,Health indicator,delta_mean_pct,8,-0.5993158035107832,-0.8058330562811846,-0.7137075888457489,-0.517813715601299,-0.4672828952839411,-0.8267093751471356,-0.4449871455987787,1.0,True,0.3385501609972435
SC7,Tehran,Health indicator,delta_2030_pct,8,-1.2020240931832893,-1.604269038348902,-1.429469885986489,-1.0458921343997272,-0.9492505571925044,-1.6511962997295857,-0.9023539991068744,1.0,True,0.6550184811563977
SC7,Tehran,Modal share: car,delta_mean_pct,8,0.0,0.0,0.0,0.0,0.0,0.0,0.0,1.0,True,0.0
SC7,Tehran,Modal share: car,delta_2030_pct,8,0.0,0.0,0.0,0.0,0.0,0.0,0.0,1.0,True,0.0
SC7,Tehran,Modal share: public transport,delta_mean_pct,8,0.0,0.0,0.0,0.0,0.0,0.0,0.0,1.0,True,0.0
SC7,Tehran,Modal share: public transport,delta_2030_pct,8,0.0,0.0,0.0,0.0,0.0,0.0,0.0,1.0,True,0.0
SC7,Tehran,NOₓ emissions,delta_mean_pct,8,-1.273434836319304,-1.7203543584245191,-1.5371430469510698,-1.0853001123804562,-0.9876842250350126,-1.7683311008022242,-0.9394083589009312,1.0,True,0.7326701333895065
SC7,Tehran,NOₓ emissions,delta_2030_pct,8,-2.572582133228696,-3.452929655599944,-3.102308113919094,-2.211597815727385,-2.0222450575710123,-3.560029352630332,-1.920744655811412,1.0,True,1.4306845980289316
SC7,Tehran,PM₂.₅ emissions,delta_mean_pct,8,-0.7515440606124503,-1.15002101215958,-0.9347784710391178,-0.6443819135190773,-0.53493358963794,-1.1595384156404966,-0.5150496202126699,1.0,True,0.61508742252164
SC7,Tehran,PM₂.₅ emissions,delta_2030_pct,8,-1.4510972127454869,-2.197102014912162,-1.8015275238243795,-1.261347547435349,-1.0591687457373764,-2.225136760381133,-1.0163205744843125,1.0,True,1.1379332691747854
SC7,Tehran,STOCK::brts_total,delta_mean_pct,8,0.0,0.0,0.0,0.0,0.0,0.0,0.0,1.0,True,0.0
SC7,Tehran,STOCK::brts_total,delta_2030_pct,8,0.0,0.0,0.0,0.0,0.0,0.0,0.0,1.0,True,0.0
SC7,Tehran,STOCK::buses_total,delta_mean_pct,8,0.0,0.0,0.0,0.0,0.0,0.0,0.0,1.0,True,0.0
SC7,Tehran,STOCK::buses_total,delta_2030_pct,8,0.0,0.0,0.0,0.0,0.0,0.0,0.0,1.0,True,0.0
SC7,Tehran,STOCK::cost_index_bus_fare,delta_mean_pct,8,0.0,0.0,0.0,0.0,0.0,0.0,0.0,1.0,True,0.0
SC7,Tehran,STOCK::cost_index_bus_fare,delta_2030_pct,8,0.0,0.0,0.0,0.0,0.0,0.0,0.0,1.0,True,0.0
SC7,Tehran,STOCK::cost_index_metro_fare,delta_mean_pct,8,0.0,0.0,0.0,0.0,0.0,0.0,0.0,1.0,True,0.0
SC7,Tehran,STOCK::cost_index_metro_fare,delta_2030_pct,8,0.0,0.0,0.0,0.0,0.0,0.0,0.0,1.0,True,0.0
SC7,Tehran,STOCK::cost_index_rhc_fare,delta_mean_pct,8,0.0,0.0,0.0,0.0,0.0,0.0,0.0,1.0,True,0.0
SC7,Tehran,STOCK::cost_index_rhc_fare,delta_2030_pct,8,0.0,0.0,0.0,0.0,0.0,0.0,0.0,1.0,True,0.0
SC7,Tehran,STOCK::inflation_index_effective,delta_mean_pct,8,0.0,0.0,0.0,0.0,0.0,0.0,0.0,1.0,True,0.0
SC7,Tehran,STOCK::inflation_index_effective,delta_2030_pct,8,0.0,0.0,0.0,0.0,0.0,0.0,0.0,1.0,True,0.0
SC7,Tehran,STOCK::len_bik,delta_mean_pct,8,0.0,0.0,0.0,0.0,0.0,0.0,0.0,1.0,True,0.0
SC7,Tehran,STOCK::len_bik,delta_2030_pct,8,0.0,0.0,0.0,0.0,0.0,0.0,0.0,1.0,True,0.0
SC7,Tehran,STOCK::len_brt,delta_mean_pct,8,0.0,0.0,0.0,0.0,0.0,0.0,0.0,1.0,True,0.0
SC7,Tehran,STOCK::len_brt,delta_2030_pct,8,0.0,0.0,0.0,0.0,0.0,0.0,0.0,1.0,True,0.0
SC7,Tehran,STOCK::len_hwy,delta_mean_pct,8,0.0,0.0,0.0,0.0,0.0,0.0,0.0,1.0,True,0.0
SC7,Tehran,STOCK::len_hwy,delta_2030_pct,8,0.0,0.0,0.0,0.0,0.0,0.0,0.0,1.0,True,0.0
SC7,Tehran,STOCK::len_met,delta_mean_pct,8,0.0,0.0,0.0,0.0,0.0,0.0,0.0,1.0,True,0.0
SC7,Tehran,STOCK::len_met,delta_2030_pct,8,0.0,0.0,0.0,0.0,0.0,0.0,0.0,1.0,True,0.0
SC7,Tehran,STOCK::metro_cars_total,delta_mean_pct,8,0.0,0.0,0.0,0.0,0.0,0.0,0.0,1.0,True,0.0
SC7,Tehran,STOCK::metro_cars_total,delta_2030_pct,8,0.0,0.0,0.0,0.0,0.0,0.0,0.0,1.0,True,0.0
SC7,Tehran,STOCK::motorcycles_total,delta_mean_pct,8,0.0,0.0,0.0,0.0,0.0,0.0,0.0,1.0,True,0.0
SC7,Tehran,STOCK::motorcycles_total,delta_2030_pct,8,0.0,0.0,0.0,0.0,0.0,0.0,0.0,1.0,True,0.0
SC7,Tehran,STOCK::population_city,delta_mean_pct,8,0.0048007705783559,0.0037981684557748,0.0042506207548873,0.005535967356706,0.0063023686215694,0.0036301724961113,0.0064405097559113,1.0,True,0.0025042001657946
SC7,Tehran,STOCK::population_city,delta_2030_pct,8,0.0121407524604262,0.0097166394517246,0.010800878350875,0.0139684098929165,0.015782614893117,0.0092696239984632,0.0161751062404826,1.0,True,0.0060659754413923
SC7,Tehran,STOCK::private_cars_total,delta_mean_pct,8,0.0,0.0,0.0,0.0,0.0,0.0,0.0,1.0,True,0.0
SC7,Tehran,STOCK::private_cars_total,delta_2030_pct,8,0.0,0.0,0.0,0.0,0.0,0.0,0.0,1.0,True,0.0
SC7,Tehran,STOCK::taxis_total,delta_mean_pct,8,0.0,0.0,0.0,0.0,0.0,0.0,0.0,1.0,True,0.0
SC7,Tehran,STOCK::taxis_total,delta_2030_pct,8,0.0,0.0,0.0,0.0,0.0,0.0,0.0,1.0,True,0.0
SC7,Tehran,STOCK::transport_financial_balance_IRR,delta_mean_pct,8,-2.262183462414514,-3.919813433169412,-2.769505055635185,-2.013272462509794,-1.26736086654109,-4.057481238323021,-1.199027185917206,1.0,True,2.652452566628322
SC7,Tehran,STOCK::transport_financial_balance_IRR,delta_2030_pct,8,-3.6098008797512233,-6.205042747986971,-4.3956066057390935,-3.230532370765941,-2.038533206539484,-6.416077978133853,-1.92676321461056,1.0,True,4.166509541447487
SC7,Tehran,Time loss (car),delta_mean_pct,8,0.0112887308719923,0.0089413435858139,0.0100094786959422,0.0128908125285583,0.0146630072912723,0.0085461604313763,0.0149914801581155,1.0,True,0.0057216637054583
SC7,Tehran,Time loss (car),delta_2030_pct,8,0.0278072127879827,0.02233607070638,0.0248537547133098,0.0318038757772137,0.0359574021266803,0.0213085495958358,0.0368568807438764,1.0,True,0.0136213314203003
SC7,Tehran,PCE-weighted VKT,delta_mean_pct,8,0.0048223792011609,0.0038120834936518,0.0042650500961739,0.0055540145260514,0.0063191880800113,0.0036435811164028,0.0064583306458844,1.0,True,0.0025071045863595
SC7,Tehran,PCE-weighted VKT,delta_2030_pct,8,0.0121407524604276,0.0097166394517152,0.0108008783508664,0.0139684098929273,0.0157826148931091,0.0092696239984521,0.0161751062404808,1.0,True,0.0060659754413938
SC8,Region 12,CO₂ emissions,delta_mean_pct,8,-2.1410934850838625,-2.6940897166061006,-2.2443791674253477,-2.0415455121595105,-1.7009159487271766,-2.8187292355277287,-1.6271515044128289,1.0,True,0.993173767878924
SC8,Region 12,CO₂ emissions,delta_2030_pct,8,-3.1860273229541334,-3.845309477993281,-3.331699925920636,-3.029624849413384,-2.6577221508493385,-3.997521378722016,-2.578634597266972,1.0,True,1.1875873271439423
SC8,Region 12,Congestion index,delta_mean_pct,8,-6.462661013551164,-7.865364262603889,-7.133198082888889,-5.757987112192208,-5.270828630279583,-8.006668398879542,-5.207097754836272,1.0,True,2.5945356323243063
SC8,Region 12,Congestion index,delta_2030_pct,8,-10.126979658277037,-11.9000310693287,-10.85747882396814,-9.02523001871301,-8.329328272259653,-12.09830198273748,-8.245619349400307,1.0,True,3.570702797069046
SC8,Region 12,Electricity use,delta_mean_pct,8,5.895209157062094,4.578393840589389,5.2506984152242495,6.761259293032335,6.910745116650126,4.27651021146531,6.929164839313415,1.0,True,2.332351276060737
SC8,Region 12,Electricity use,delta_2030_pct,8,5.996634892063779,4.684589747849707,5.411547559660021,6.774470855238071,7.124325041201439,4.395632930950637,7.2102354900932015,1.0,True,2.439735293351731
SC8,Region 12,Final energy,delta_mean_pct,8,-3.021598252454524,-3.5911262698241573,-3.2704733225149294,-2.7647974022846684,-2.5734201728585737,-3.729775394211244,-2.473023498631976,1.0,True,1.0177060969655836
SC8,Region 12,Final energy,delta_2030_pct,8,-4.144624779245146,-4.883109917160391,-4.496901491904317,-3.876901284087796,-3.6313036568560815,-5.056307750961348,-3.5165292302339304,1.0,True,1.251806260304309
SC8,Region 12,Health indicator,delta_mean_pct,8,-4.810181589169904,-5.455144512492336,-5.218112222482612,-4.451770966407977,-4.278870376422601,-5.477399788552966,-4.276183806470036,1.0,True,1.1762741360697353
SC8,Region 12,Health indicator,delta_2030_pct,8,-7.997420203763678,-9.013562621453966,-8.784423212332356,-7.417754738876241,-7.175428927948714,-9.044900200194714,-7.174288725883129,1.0,True,1.8381336935052524
SC8,Region 12,Modal share: car,delta_mean_pct,8,-5.388533532548367,-6.436787755946492,-5.886050146773771,-4.862395862225425,-4.6409969669396585,-6.671322382000819,-4.523777115821821,1.0,True,1.7957907890068334
SC8,Region 12,Modal share: car,delta_2030_pct,8,-7.319721529166291,-8.535815030126933,-7.9022954612284995,-6.705572297949042,-6.392554084684687,-8.767275906482482,-6.343679688149195,1.0,True,2.143260945442246
SC8,Region 12,Modal share: public transport,delta_mean_pct,8,8.177892950081707,7.745049253292279,7.7983711462877,8.647001769152832,9.710483900027064,7.722952493027951,9.979320596306362,1.0,True,1.965434646734784
SC8,Region 12,Modal share: public transport,delta_2030_pct,8,9.306180998324685,8.684554389184933,8.79359163636473,9.764100171946092,10.906048286120882,8.649799917689299,11.168448079331222,1.0,True,2.2214938969359483
SC8,Region 12,NOₓ emissions,delta_mean_pct,8,-7.991870968627886,-8.73017608789609,-8.325261640853846,-7.69931346583676,-7.299505228067404,-8.825439368906943,-7.196113799718476,1.0,True,1.4306708598286866
SC8,Region 12,NOₓ emissions,delta_2030_pct,8,-13.561466591123756,-14.781403631066931,-14.090549503134032,-13.068221049940774,-12.342156019707744,-14.966455014814098,-12.111077204584904,1.0,True,2.439247611359187
SC8,Region 12,PM₂.₅ emissions,delta_mean_pct,8,-15.130998105484473,-15.662129508723469,-15.387744460772064,-14.865220302593109,-14.479554852232392,-15.72642298585778,-14.333685285369292,1.0,True,1.1825746564910755
SC8,Region 12,PM₂.₅ emissions,delta_2030_pct,8,-24.437393798295453,-25.320558540666777,-24.91959602932197,-24.077167031402496,-23.55649450149637,-25.32798469782512,-23.309483460804085,1.0,True,1.7640640391704068
SC8,Region 12,Time loss (car),delta_mean_pct,8,-14.647545225884308,-17.117236587122374,-15.905747359183056,-13.237161574293587,-12.495806893441006,-17.18523402649259,-12.435220998493747,1.0,True,4.621429693681368
SC8,Region 12,Time loss (car),delta_2030_pct,8,-21.27445090990799,-24.29965194907955,-22.95480114116201,-19.461706357427364,-18.42580907973916,-24.3183707389989,-18.397835194613467,1.0,True,5.873842869340393
SC8,Region 12,PCE-weighted VKT,delta_mean_pct,8,-5.607908273719867,-6.239352154727283,-5.986047760694317,-5.132716314454371,-4.994661263777836,-6.323008238927229,-4.976785987768474,1.0,True,1.244690890949447
SC8,Region 12,PCE-weighted VKT,delta_2030_pct,8,-8.12177199470776,-8.857354978300284,-8.57622151191663,-7.586192711890293,-7.402678570923526,-8.993941860126494,-7.378383948209443,1.0,True,1.4546764073767582
SC8,Tehran,CO₂ emissions,delta_mean_pct,8,-6.977285497950415,-8.332346832460088,-7.342313283751105,-6.342117738496764,-5.673034969119203,-8.466363400132026,-5.606033148597445,1.0,True,2.6593118633408848
SC8,Tehran,CO₂ emissions,delta_2030_pct,8,-10.824464597043107,-12.74552763423309,-11.630219686046996,-9.856759984940211,-8.938669541162879,-12.945049911222265,-8.85092263172445,1.0,True,3.806858093070211
SC8,Tehran,Congestion index,delta_mean_pct,8,-6.462661013551164,-7.865364262603867,-7.133198082888898,-5.757987112192202,-5.270828630279598,-8.006668398879505,-5.207097754836298,1.0,True,2.594535632324269
SC8,Tehran,Congestion index,delta_2030_pct,8,-10.12697965827704,-11.900031069328689,-10.857478823968137,-9.025230018712993,-8.329328272259653,-12.09830198273747,-8.245619349400293,1.0,True,3.5707027970690355
SC8,Tehran,Electricity use,delta_mean_pct,8,8.88684998702933,7.37419340016665,7.8741191507338435,9.626243902699388,9.893759255992968,7.276005337214982,9.92474645254669,1.0,True,2.5195658558263183
SC8,Tehran,Electricity use,delta_2030_pct,8,6.398199920378046,4.696997563743381,5.078733788609266,7.566233558882964,7.68126946627589,4.579776835545282,7.723671935483444,1.0,True,2.984271902532509
SC8,Tehran,Final energy,delta_mean_pct,8,-7.260955747584145,-8.632094146696275,-7.73984649672774,-6.5402607878769485,-5.93357897047097,-8.778719489199519,-5.856837969084142,1.0,True,2.698515176225305
SC8,Tehran,Final energy,delta_2030_pct,8,-11.21009108414323,-13.087026358502552,-11.993397293199076,-10.080552074678108,-9.234368590938423,-13.303631487798867,-9.13395130804885,1.0,True,3.852657767564127
SC8,Tehran,Health indicator,delta_mean_pct,8,-4.257614702421936,-4.840895284313774,-4.494765715215336,-3.9012784342084537,-3.653782493990678,-4.917593875884062,-3.601308660714943,1.0,True,1.1871127903230962
SC8,Tehran,Health indicator,delta_2030_pct,8,-6.8791260856962335,-7.748157926183648,-7.254199027150769,-6.269431847384325,-5.893466189758676,-7.869925367615665,-5.816741063053782,1.0,True,1.8546917364249724
SC8,Tehran,Modal share: car,delta_mean_pct,8,-8.381178559213499,-10.594153417547524,-9.373054171490644,-7.0560012323628944,-6.247269710811499,-10.776969438735046,-6.1629274295834975,1.0,True,4.346883706736025
SC8,Tehran,Modal share: car,delta_2030_pct,8,-10.56311307987062,-13.114096934296022,-11.648129465558544,-8.71698611846272,-7.757867762912324,-13.345500640429046,-7.662083203791002,1.0,True,5.356229171383698
SC8,Tehran,Modal share: public transport,delta_mean_pct,8,33.13603804668112,27.79309026372108,29.61554507829461,35.520554691527686,39.3860975689395,27.29771387922713,40.48517245163332,1.0,True,11.593007305218418
SC8,Tehran,Modal share: public transport,delta_2030_pct,8,39.67253128992035,32.30462912776487,34.31143422225236,41.58270175656159,45.85465739467593,31.80378094761238,47.16341945883489,1.0,True,13.550028266911063
SC8,Tehran,NOₓ emissions,delta_mean_pct,8,-8.269915195911782,-9.590759378495196,-8.915602629279807,-7.440303518254711,-6.974800469362622,-9.7199214373744,-6.8970393215703325,1.0,True,2.615958909132573
SC8,Tehran,NOₓ emissions,delta_2030_pct,8,-13.38831692862262,-15.294543971835107,-14.241020490613456,-11.942928442332414,-11.23922530281532,-15.498388823816532,-11.129472451791628,1.0,True,4.055318669019787
SC8,Tehran,PM₂.₅ emissions,delta_mean_pct,8,-9.822496025808936,-10.962550212760636,-10.282160179722116,-9.224766544396523,-8.77412799761706,-11.21086477127194,-8.567489675720571,1.0,True,2.188422215143577
SC8,Tehran,PM₂.₅ emissions,delta_2030_pct,8,-16.382060679536142,-18.2207746156919,-17.09010204840807,-15.259414766210991,-14.52679085859387,-18.606915193057592,-14.213100916305253,1.0,True,3.693983757098032
SC8,Tehran,STOCK::brts_total,delta_mean_pct,8,0.0,0.0,0.0,0.0,0.0,0.0,0.0,1.0,True,0.0
SC8,Tehran,STOCK::brts_total,delta_2030_pct,8,0.0,0.0,0.0,0.0,0.0,0.0,0.0,1.0,True,0.0
SC8,Tehran,STOCK::buses_total,delta_mean_pct,8,0.0,0.0,0.0,0.0,0.0,0.0,0.0,1.0,True,0.0
SC8,Tehran,STOCK::buses_total,delta_2030_pct,8,0.0,0.0,0.0,0.0,0.0,0.0,0.0,1.0,True,0.0
SC8,Tehran,STOCK::cost_index_bus_fare,delta_mean_pct,8,-28.562767594618244,-28.562767594618244,-28.562767594618244,-28.562767594618244,-28.562767594618244,-28.562767594618244,-28.562767594618244,1.0,True,0.0
SC8,Tehran,STOCK::cost_index_bus_fare,delta_2030_pct,8,-37.272887981680256,-37.272887981680256,-37.272887981680256,-37.272887981680256,-37.272887981680256,-37.272887981680256,-37.272887981680256,1.0,True,0.0
SC8,Tehran,STOCK::cost_index_metro_fare,delta_mean_pct,8,-23.03998012320194,-23.03998012320194,-23.03998012320194,-23.03998012320194,-23.03998012320194,-23.03998012320194,-23.03998012320194,1.0,True,0.0
SC8,Tehran,STOCK::cost_index_metro_fare,delta_2030_pct,8,-30.856527657481102,-30.856527657481102,-30.856527657481102,-30.856527657481102,-30.856527657481102,-30.856527657481102,-30.856527657481102,1.0,True,0.0
SC8,Tehran,STOCK::cost_index_rhc_fare,delta_mean_pct,8,0.0,0.0,0.0,0.0,0.0,0.0,0.0,1.0,True,0.0
SC8,Tehran,STOCK::cost_index_rhc_fare,delta_2030_pct,8,0.0,0.0,0.0,0.0,0.0,0.0,0.0,1.0,True,0.0
SC8,Tehran,STOCK::inflation_index_effective,delta_mean_pct,8,0.0,0.0,0.0,0.0,0.0,0.0,0.0,1.0,True,0.0
SC8,Tehran,STOCK::inflation_index_effective,delta_2030_pct,8,0.0,0.0,0.0,0.0,0.0,0.0,0.0,1.0,True,0.0
SC8,Tehran,STOCK::len_bik,delta_mean_pct,8,0.0,0.0,0.0,0.0,0.0,0.0,0.0,1.0,True,0.0
SC8,Tehran,STOCK::len_bik,delta_2030_pct,8,0.0,0.0,0.0,0.0,0.0,0.0,0.0,1.0,True,0.0
SC8,Tehran,STOCK::len_brt,delta_mean_pct,8,0.0,0.0,0.0,0.0,0.0,0.0,0.0,1.0,True,0.0
SC8,Tehran,STOCK::len_brt,delta_2030_pct,8,0.0,0.0,0.0,0.0,0.0,0.0,0.0,1.0,True,0.0
SC8,Tehran,STOCK::len_hwy,delta_mean_pct,8,0.0,0.0,0.0,0.0,0.0,0.0,0.0,1.0,True,0.0
SC8,Tehran,STOCK::len_hwy,delta_2030_pct,8,0.0,0.0,0.0,0.0,0.0,0.0,0.0,1.0,True,0.0
SC8,Tehran,STOCK::len_met,delta_mean_pct,8,0.0,0.0,0.0,0.0,0.0,0.0,0.0,1.0,True,0.0
SC8,Tehran,STOCK::len_met,delta_2030_pct,8,0.0,0.0,0.0,0.0,0.0,0.0,0.0,1.0,True,0.0
SC8,Tehran,STOCK::metro_cars_total,delta_mean_pct,8,0.0,0.0,0.0,0.0,0.0,0.0,0.0,1.0,True,0.0
SC8,Tehran,STOCK::metro_cars_total,delta_2030_pct,8,0.0,0.0,0.0,0.0,0.0,0.0,0.0,1.0,True,0.0
SC8,Tehran,STOCK::motorcycles_total,delta_mean_pct,8,0.0,0.0,0.0,0.0,0.0,0.0,0.0,1.0,True,0.0
SC8,Tehran,STOCK::motorcycles_total,delta_2030_pct,8,0.0,0.0,0.0,0.0,0.0,0.0,0.0,1.0,True,0.0
SC8,Tehran,STOCK::population_city,delta_mean_pct,8,0.0356380915481132,0.0315486076194123,0.0338017900993904,0.0366106843336772,0.0394458208113952,0.0310084325720408,0.0401641930284425,1.0,True,0.0078972131919829
SC8,Tehran,STOCK::population_city,delta_2030_pct,8,0.0863727247589801,0.0760625930696016,0.0816178284703454,0.0881700265934728,0.0950179601508706,0.0748470781776187,0.096613994674381,1.0,True,0.0189553670812689
SC8,Tehran,STOCK::private_cars_total,delta_mean_pct,8,0.0,0.0,0.0,0.0,0.0,0.0,0.0,1.0,True,0.0
SC8,Tehran,STOCK::private_cars_total,delta_2030_pct,8,0.0,0.0,0.0,0.0,0.0,0.0,0.0,1.0,True,0.0
SC8,Tehran,STOCK::taxis_total,delta_mean_pct,8,0.0,0.0,0.0,0.0,0.0,0.0,0.0,1.0,True,0.0
SC8,Tehran,STOCK::taxis_total,delta_2030_pct,8,0.0,0.0,0.0,0.0,0.0,0.0,0.0,1.0,True,0.0
SC8,Tehran,STOCK::transport_financial_balance_IRR,delta_mean_pct,8,-13.572265542393115,-16.4589046672819,-14.629642066081775,-11.67210661329666,-9.446828698143204,-16.798570596677813,-9.099268985416616,1.0,True,7.012075969138694
SC8,Tehran,STOCK::transport_financial_balance_IRR,delta_2030_pct,8,-18.795270815833582,-22.091624790373583,-19.880665495858864,-15.838440655279063,-12.964586795480889,-22.526438229626333,-12.494200694676229,1.0,True,9.127037994892696
SC8,Tehran,Time loss (car),delta_mean_pct,8,-16.241359592664697,-19.28537755592677,-17.629417262429744,-14.530683404730404,-13.35759090214447,-19.56235203561969,-13.219352177062996,1.0,True,5.927786653782306
SC8,Tehran,Time loss (car),delta_2030_pct,8,-24.376923038835763,-28.154132009889132,-25.869184060170323,-21.760050072648788,-20.15848506174301,-28.538569148828312,-19.985878909020165,1.0,True,7.995646948146124
SC8,Tehran,PCE-weighted VKT,delta_mean_pct,8,-6.484836900376209,-7.890022920431147,-7.155843186590767,-5.777899478664433,-5.289296431662573,-8.031571855237098,-5.225427875212295,1.0,True,2.600726488768575
SC8,Tehran,PCE-weighted VKT,delta_2030_pct,8,-10.126979658277042,-11.90003106932869,-10.857478823968147,-9.025230018712984,-8.329328272259637,-12.098301982737478,-8.245619349400274,1.0,True,3.570702797069053
SC9,Region 12,CO₂ emissions,delta_mean_pct,8,-2.184658954759128,-2.469692653237356,-2.348899703357179,-2.010324532379479,-1.9469810341815952,-2.52302102339896,-1.928942776943324,1.0,True,0.5227116190557608
SC9,Region 12,CO₂ emissions,delta_2030_pct,8,-4.119844198164657,-4.449323819049845,-4.290326538463747,-3.827542122246695,-3.712682747689663,-4.534083127550994,-3.6957722519597223,1.0,True,0.7366410713601828
SC9,Region 12,Congestion index,delta_mean_pct,8,-5.5642502626779695,-6.76516283515427,-6.453040956817682,-4.66894713269498,-4.480555723562058,-6.909826439341006,-4.4006826037246585,1.0,True,2.284607111592212
SC9,Region 12,Congestion index,delta_2030_pct,8,-8.287822169647178,-9.860376503191713,-9.33599043762149,-6.899441050189852,-6.583143471245467,-10.08439406308572,-6.458532321739446,1.0,True,3.277233031946244
SC9,Region 12,Electricity use,delta_mean_pct,8,11.052660164574576,9.930977398965656,10.3745292055696,12.104887139648334,13.394372985006566,9.735043063542903,13.889638238296657,1.0,True,3.4633955860409085
SC9,Region 12,Electricity use,delta_2030_pct,8,11.919678721800889,10.495467912630453,11.149489006051224,13.235486461383063,14.529801518463897,10.253510573228834,15.031842260113145,1.0,True,4.034333605833444
SC9,Region 12,Final energy,delta_mean_pct,8,-3.678423760675872,-4.014291628815213,-3.881023523135449,-3.486373346243264,-3.318944448057098,-4.069771136936946,-3.3168851497264087,1.0,True,0.6953471807581151
SC9,Region 12,Final energy,delta_2030_pct,8,-5.853978505388872,-6.330214138622696,-6.085104181093239,-5.63621082078134,-5.448346788862009,-6.40976029316076,-5.409360699055104,1.0,True,0.8818673497606868
SC9,Region 12,Health indicator,delta_mean_pct,8,-3.7785279772190936,-4.21826032080791,-4.147697439853763,-3.336302006586662,-3.3218971774403165,-4.248002634414973,-3.315706700288652,1.0,True,0.8963631433675934
SC9,Region 12,Health indicator,delta_2030_pct,8,-6.114105245206282,-6.769940332669242,-6.603823402796407,-5.422633698006759,-5.337495354438252,-6.821946778320259,-5.317337686381952,1.0,True,1.4324449782309907
SC9,Region 12,Modal share: car,delta_mean_pct,8,-6.514742820124349,-7.2658802877423,-6.889061700019807,-6.089093512206116,-5.908599328407576,-7.386512081869636,-5.894577443565023,1.0,True,1.357280959334724
SC9,Region 12,Modal share: car,delta_2030_pct,8,-10.2417434396449,-11.226256330664423,-10.79408354247024,-9.613108583425868,-9.454334112655854,-11.394660096903063,-9.450212019472794,1.0,True,1.7719222180085694
SC9,Region 12,Modal share: public transport,delta_mean_pct,8,9.786406268489287,8.690004974291284,9.245654121209608,10.847540761916912,11.31780277809278,8.400743927835144,11.474781154887294,1.0,True,2.627797803801496
SC9,Region 12,Modal share: public transport,delta_2030_pct,8,12.092176814585493,10.705927316270111,11.305828495844636,13.423373855766952,14.125660188083756,10.397752417054964,14.297879469221725,1.0,True,3.419732871813645
SC9,Region 12,NOₓ emissions,delta_mean_pct,8,-6.052183785828517,-6.516492255730779,-6.34156597167288,-5.722114346897213,-5.611485269699361,-6.585194642620323,-5.58741325279785,1.0,True,0.9050069860314184
SC9,Region 12,NOₓ emissions,delta_2030_pct,8,-9.88904560476589,-10.490949069297349,-10.312424135076515,-9.507865594213673,-9.27893515421702,-10.586673582249558,-9.183033608779828,1.0,True,1.2120139150803286
SC9,Region 12,PM₂.₅ emissions,delta_mean_pct,8,-8.696821479997302,-9.021301519053234,-8.800342493181255,-8.399916147311115,-8.127723709648155,-9.13010998219669,-8.036592643534847,1.0,True,0.8935778094050786
SC9,Region 12,PM₂.₅ emissions,delta_2030_pct,8,-13.1536251081353,-13.531948852577912,-13.287522842236006,-12.68075422654502,-12.367509200887977,-13.644052898430346,-12.25246675434211,1.0,True,1.1644396516899356
SC9,Region 12,Time loss (car),delta_mean_pct,8,-14.39332422783267,-16.343525157735716,-16.055578184343126,-12.72579486012953,-12.693763243182952,-16.369781154061037,-12.678894758012603,1.0,True,3.649761914552764
SC9,Region 12,Time loss (car),delta_2030_pct,8,-21.33745317149398,-23.907639556713463,-23.3951520148375,-19.14426482110016,-18.850115975776028,-23.93418117799231,-18.83447788893569,1.0,True,5.057523580937438
SC9,Region 12,PCE-weighted VKT,delta_mean_pct,8,-4.035782356473592,-4.57256060985898,-4.53119095798866,-3.5577593009525126,-3.365720380349503,-4.5833273149468186,-3.268327553414736,1.0,True,1.2068402295094771
SC9,Region 12,PCE-weighted VKT,delta_2030_pct,8,-5.569066160750126,-6.275188514395444,-6.0344243559349655,-5.068469894717638,-4.810719977585031,-6.285187062143895,-4.738948248438089,1.0,True,1.4644685368104122
SC9,Tehran,CO₂ emissions,delta_mean_pct,8,-5.523881987365439,-6.630137304505463,-5.904226721156183,-4.857128693228654,-4.373952978875585,-6.763545661225237,-4.293314076453518,1.0,True,2.256184325629878
SC9,Tehran,CO₂ emissions,delta_2030_pct,8,-8.553403931191651,-10.17572291027723,-9.278213172787028,-7.42241381470969,-6.731053492883021,-10.398361483850293,-6.604549403077623,1.0,True,3.444669417394209
SC9,Tehran,Congestion index,delta_mean_pct,8,-5.564250262677982,-6.765162835154253,-6.45304095681769,-4.668947132694939,-4.480555723562045,-6.909826439340966,-4.400682603724659,1.0,True,2.2846071115922086
SC9,Tehran,Congestion index,delta_2030_pct,8,-8.287822169647162,-9.860376503191691,-9.33599043762148,-6.899441050189855,-6.5831434712454735,-10.084394063085696,-6.458532321739452,1.0,True,3.277233031946218
SC9,Tehran,Electricity use,delta_mean_pct,8,24.5162472869502,23.22352995687197,23.459240257775114,25.04396033152896,25.43487228564423,23.09908831609557,25.43551553056685,1.0,True,2.2113423287722576
SC9,Tehran,Electricity use,delta_2030_pct,8,25.534121049279896,23.68536308751313,24.20188057373654,26.770909285398723,26.79557607228348,23.57836596713557,26.795997155075085,1.0,True,3.110212984770346
SC9,Tehran,Final energy,delta_mean_pct,8,-6.14267989782234,-7.286684719186382,-6.739374902730572,-5.308790883028706,-4.947079748425336,-7.436036429408113,-4.854046001802424,1.0,True,2.3396049707610453
SC9,Tehran,Final energy,delta_2030_pct,8,-9.402580068248128,-10.95884021288985,-10.119625990175468,-7.96074442157112,-7.419559582055571,-11.204033357594758,-7.275628311175461,1.0,True,3.539280630834279
SC9,Tehran,Health indicator,delta_mean_pct,8,-3.173531074455746,-3.599988333897856,-3.436561902726503,-2.7915431926087875,-2.674511576826124,-3.664092748893508,-2.6279005044866266,1.0,True,0.9254767570717322
SC9,Tehran,Health indicator,delta_2030_pct,8,-4.995537597913907,-5.612834558498218,-5.32293503773872,-4.316025177999524,-4.11845638401331,-5.721472128342168,-4.04614854447021,1.0,True,1.4943781744849076
SC9,Tehran,Modal share: car,delta_mean_pct,8,-9.678913623598696,-11.540852159288049,-10.84738196776497,-8.199115528720569,-7.763749096930354,-11.730140881974645,-7.65318790799345,1.0,True,3.7771030623576944
SC9,Tehran,Modal share: car,delta_2030_pct,8,-13.207588395797972,-15.464158635023592,-14.586522250880211,-11.10576637875891,-10.579183579816643,-15.708224919803015,-10.445293047603416,1.0,True,4.884975055206949
SC9,Tehran,Modal share: public transport,delta_mean_pct,8,39.1451352417175,36.11434248960211,38.69594421628548,40.866619816100105,45.88674385561581,34.865251184184764,46.77803816704545,1.0,True,9.772401366013703
SC9,Tehran,Modal share: public transport,delta_2030_pct,8,47.70980969105295,43.7016980161875,46.85084880881241,50.49684982390465,55.53467252946701,42.097552123019874,56.66187227559033,1.0,True,11.83297451327951
SC9,Tehran,NOₓ emissions,delta_mean_pct,8,-6.473058868060184,-7.466487345576786,-7.16283195180193,-5.593414071334253,-5.385146381175666,-7.588419391697866,-5.301578354112983,1.0,True,2.08134096440112
SC9,Tehran,NOₓ emissions,delta_2030_pct,8,-10.174204675289856,-11.62191176762104,-11.06737318135189,-8.652902123870238,-8.292538632326329,-11.830088136287245,-8.161430672003128,1.0,True,3.329373135294711
SC9,Tehran,PM₂.₅ emissions,delta_mean_pct,8,-5.397092918388132,-6.107235763858901,-5.708585781320883,-4.922317297741101,-4.656017132901624,-6.24949385308978,-4.544063335897733,1.0,True,1.4512186309572763
SC9,Tehran,PM₂.₅ emissions,delta_2030_pct,8,-8.855900188537063,-10.00063703049208,-9.332236593563248,-7.9293112232937375,-7.484819927552852,-10.228577782376831,-7.32148039969777,1.0,True,2.515817102939229
SC9,Tehran,STOCK::brts_total,delta_mean_pct,8,1.3389661597124014,1.3389661597124014,1.3389661597124014,1.3389661597124014,1.3389661597124014,1.3389661597124014,1.3389661597124014,1.0,True,0.0
SC9,Tehran,STOCK::brts_total,delta_2030_pct,8,3.632969366090675,3.632969366090675,3.632969366090675,3.632969366090675,3.632969366090675,3.632969366090675,3.632969366090675,1.0,True,0.0
SC9,Tehran,STOCK::buses_total,delta_mean_pct,8,1.78179117274704,1.78179117274704,1.78179117274704,1.78179117274704,1.78179117274704,1.78179117274704,1.78179117274704,1.0,True,0.0
SC9,Tehran,STOCK::buses_total,delta_2030_pct,8,4.671282015494318,4.671282015494318,4.671282015494318,4.671282015494318,4.671282015494318,4.671282015494318,4.671282015494318,1.0,True,0.0
SC9,Tehran,STOCK::cost_index_bus_fare,delta_mean_pct,8,-16.80424445225939,-16.80424445225939,-16.80424445225939,-16.80424445225939,-16.80424445225939,-16.80424445225939,-16.80424445225939,1.0,True,0.0
SC9,Tehran,STOCK::cost_index_bus_fare,delta_2030_pct,8,-22.325270374599928,-22.325270374599928,-22.325270374599928,-22.325270374599928,-22.325270374599928,-22.325270374599928,-22.325270374599928,1.0,True,0.0
SC9,Tehran,STOCK::cost_index_metro_fare,delta_mean_pct,8,-13.36294299471491,-13.36294299471491,-13.36294299471491,-13.36294299471491,-13.36294299471491,-13.36294299471491,-13.36294299471491,1.0,True,0.0
SC9,Tehran,STOCK::cost_index_metro_fare,delta_2030_pct,8,-18.169261899387124,-18.169261899387124,-18.169261899387124,-18.169261899387124,-18.169261899387124,-18.169261899387124,-18.169261899387124,1.0,True,0.0
SC9,Tehran,STOCK::cost_index_rhc_fare,delta_mean_pct,8,0.0,0.0,0.0,0.0,0.0,0.0,0.0,1.0,True,0.0
SC9,Tehran,STOCK::cost_index_rhc_fare,delta_2030_pct,8,0.0,0.0,0.0,0.0,0.0,0.0,0.0,1.0,True,0.0
SC9,Tehran,STOCK::inflation_index_effective,delta_mean_pct,8,0.0,0.0,0.0,0.0,0.0,0.0,0.0,1.0,True,0.0
SC9,Tehran,STOCK::inflation_index_effective,delta_2030_pct,8,0.0,0.0,0.0,0.0,0.0,0.0,0.0,1.0,True,0.0
SC9,Tehran,STOCK::len_bik,delta_mean_pct,8,0.07606511636158,0.07606511636158,0.07606511636158,0.07606511636158,0.07606511636158,0.07606511636158,0.07606511636158,1.0,True,0.0
SC9,Tehran,STOCK::len_bik,delta_2030_pct,8,0.1159828071742273,0.1159828071742273,0.1159828071742273,0.1159828071742273,0.1159828071742273,0.1159828071742273,0.1159828071742273,1.0,True,0.0
SC9,Tehran,STOCK::len_brt,delta_mean_pct,8,3.4711168487673065,3.4711168487673065,3.4711168487673065,3.4711168487673065,3.4711168487673065,3.4711168487673065,3.4711168487673065,1.0,True,0.0
SC9,Tehran,STOCK::len_brt,delta_2030_pct,8,6.00000000000001,6.00000000000001,6.00000000000001,6.00000000000001,6.00000000000001,6.00000000000001,6.00000000000001,1.0,True,0.0
SC9,Tehran,STOCK::len_hwy,delta_mean_pct,8,0.0,0.0,0.0,0.0,0.0,0.0,0.0,1.0,True,0.0
SC9,Tehran,STOCK::len_hwy,delta_2030_pct,8,0.0,0.0,0.0,0.0,0.0,0.0,0.0,1.0,True,0.0
SC9,Tehran,STOCK::len_met,delta_mean_pct,8,1.7114346240223952,1.7114346240223952,1.7114346240223952,1.7114346240223952,1.7114346240223952,1.7114346240223952,1.7114346240223952,1.0,True,0.0
SC9,Tehran,STOCK::len_met,delta_2030_pct,8,3.0000000000000053,3.0000000000000053,3.0000000000000053,3.0000000000000053,3.0000000000000053,3.0000000000000053,3.0000000000000053,1.0,True,0.0
SC9,Tehran,STOCK::metro_cars_total,delta_mean_pct,8,0.0640135478407816,0.0640135478407816,0.0640135478407816,0.0640135478407816,0.0640135478407816,0.0640135478407816,0.0640135478407816,1.0,True,0.0
SC9,Tehran,STOCK::metro_cars_total,delta_2030_pct,8,0.1707027942421356,0.1707027942421356,0.1707027942421356,0.1707027942421356,0.1707027942421356,0.1707027942421356,0.1707027942421356,1.0,True,0.0
SC9,Tehran,STOCK::motorcycles_total,delta_mean_pct,8,0.0,0.0,0.0,0.0,0.0,0.0,0.0,1.0,True,0.0
SC9,Tehran,STOCK::motorcycles_total,delta_2030_pct,8,0.0,0.0,0.0,0.0,0.0,0.0,0.0,1.0,True,0.0
SC9,Tehran,STOCK::population_city,delta_mean_pct,8,0.0268121124347973,0.0234850220418842,0.0244521306670481,0.0283640154992441,0.0295405111808651,0.0230262305549363,0.0301229450472249,1.0,True,0.0060554891389809
SC9,Tehran,STOCK::population_city,delta_2030_pct,8,0.064483244617257,0.0557585789283387,0.0584646236054174,0.0674152737513133,0.070721181041141,0.0546978067209869,0.0720465071850351,1.0,True,0.0149626021128022
SC9,Tehran,STOCK::private_cars_total,delta_mean_pct,8,0.0,0.0,0.0,0.0,0.0,0.0,0.0,1.0,True,0.0
SC9,Tehran,STOCK::private_cars_total,delta_2030_pct,8,0.0,0.0,0.0,0.0,0.0,0.0,0.0,1.0,True,0.0
SC9,Tehran,STOCK::taxis_total,delta_mean_pct,8,0.0,0.0,0.0,0.0,0.0,0.0,0.0,1.0,True,0.0
SC9,Tehran,STOCK::taxis_total,delta_2030_pct,8,0.0,0.0,0.0,0.0,0.0,0.0,0.0,1.0,True,0.0
SC9,Tehran,STOCK::transport_financial_balance_IRR,delta_mean_pct,8,-13.505958210343834,-15.664484744923715,-14.39001588669381,-11.902457090554552,-10.07710830151222,-15.934361552653549,-9.77088185474109,1.0,True,5.587376443411495
SC9,Tehran,STOCK::transport_financial_balance_IRR,delta_2030_pct,8,-19.22899749280895,-21.67183303539177,-20.114863456622764,-16.65216952009071,-14.24480424665896,-22.024023605409283,-13.82363082292811,1.0,True,7.427028788732814
SC9,Tehran,Time loss (car),delta_mean_pct,8,-14.453682961908507,-17.12078954825721,-16.276358999546567,-12.342584646120429,-11.77481725057177,-17.416475632116367,-11.59370734688288,1.0,True,5.3459722976854405
SC9,Tehran,Time loss (car),delta_2030_pct,8,-21.21536545771517,-24.71686034972609,-23.37569519501999,-17.941982836573203,-17.07057762177676,-25.171529292712272,-16.80015986620206,1.0,True,7.646282727949334
SC9,Tehran,PCE-weighted VKT,delta_mean_pct,8,-5.562133468705756,-6.765844954053483,-6.452179013504568,-4.66383048924066,-4.474417072441443,-6.91090097914637,-4.394268398564744,1.0,True,2.29142788161204
SC9,Tehran,PCE-weighted VKT,delta_2030_pct,8,-8.273600579804485,-9.84639876561887,-9.3219313847455,-6.885004167380716,-6.568657540921122,-10.070451063384438,-6.444027068259761,1.0,True,3.277741224697748
